combination_id,freq_threshold,var_threshold,mi_threshold,corr_threshold,feature_count,performance
0,0.01,0.001,30,0.8,167,0.8274325512250467
1,0.01,0.001,30,0.85,211,0.8295205347014578
2,0.01,0.001,30,0.9,264,0.832353713309313
3,0.01,0.001,30,0.95,374,0.8432149915794233
4,0.01,0.001,30,0.98,512,0.8539588659532136
5,0.01,0.001,40,0.8,140,0.823631961012197
6,0.01,0.001,40,0.85,176,0.8378791348226857
7,0.01,0.001,40,0.9,228,0.8402091277460467
8,0.01,0.001,40,0.95,320,0.8392265832911798
9,0.01,0.001,40,0.98,442,0.8542901098445554
10,0.01,0.001,50,0.8,120,0.8331757772459303
11,0.01,0.001,50,0.85,154,0.8272413676977337
12,0.01,0.001,50,0.9,194,0.8304716499351766
13,0.01,0.001,50,0.95,271,0.8313262833207162
14,0.01,0.001,50,0.98,372,0.8520370841801016
15,0.01,0.001,60,0.8,96,0.8256054207159315
16,0.01,0.001,60,0.85,118,0.8234541826337759
17,0.01,0.001,60,0.9,150,0.8424940836781889
18,0.01,0.001,60,0.95,214,0.8497530305393373
19,0.01,0.001,60,0.98,299,0.8521386673384093
20,0.01,0.001,70,0.8,68,0.8263902543993314
21,0.01,0.001,70,0.85,80,0.8179817304129399
22,0.01,0.001,70,0.9,108,0.8459191384605063
23,0.01,0.001,70,0.95,147,0.8402893867227139
24,0.01,0.001,70,0.98,208,0.8558300588829297
25,0.01,0.005,30,0.8,148,0.8226339871136694
26,0.01,0.005,30,0.85,187,0.8271191822986502
27,0.01,0.005,30,0.9,241,0.8310290785058513
28,0.01,0.005,30,0.95,338,0.8399524103268572
29,0.01,0.005,30,0.98,474,0.8531211323533494
30,0.01,0.005,40,0.8,137,0.8259967731838307
31,0.01,0.005,40,0.85,174,0.8312134209960336
32,0.01,0.005,40,0.9,218,0.8167886909702368
33,0.01,0.005,40,0.95,306,0.8416723335851364
34,0.01,0.005,40,0.98,424,0.8565542342564134
35,0.01,0.005,50,0.8,109,0.8301451585938013
36,0.01,0.005,50,0.85,143,0.8344240983972584
37,0.01,0.005,50,0.9,180,0.8422115869761237
38,0.01,0.005,50,0.95,254,0.8319175830333844
39,0.01,0.005,50,0.98,353,0.8515086225126678
40,0.01,0.005,60,0.8,80,0.8287732914235713
41,0.01,0.005,60,0.85,100,0.8314764865286783
42,0.01,0.005,60,0.9,126,0.8361913761690515
43,0.01,0.005,60,0.95,182,0.8358325973249553
44,0.01,0.005,60,0.98,257,0.8501992209803741
45,0.01,0.005,70,0.8,55,0.8311208658593989
46,0.01,0.005,70,0.85,64,0.8435480087662632
47,0.01,0.005,70,0.9,91,0.8523983882695401
48,0.01,0.005,70,0.95,123,0.8430686831752224
49,0.01,0.005,70,0.98,176,0.8525070615434064
50,0.01,0.01,30,0.8,146,0.8333543900639955
51,0.01,0.01,30,0.85,188,0.8181677684448385
52,0.01,0.01,30,0.9,237,0.8336906932315357
53,0.01,0.01,30,0.95,338,0.838156306799665
54,0.01,0.01,30,0.98,469,0.8493335214895836
55,0.01,0.01,40,0.8,129,0.8257501396735358
56,0.01,0.01,40,0.85,166,0.8323075111067176
57,0.01,0.01,40,0.9,210,0.8413576780423598
58,0.01,0.01,40,0.95,300,0.8426561948061069
59,0.01,0.01,40,0.98,412,0.8554433574097449
60,0.01,0.01,50,0.8,109,0.8283054065444808
61,0.01,0.01,50,0.85,140,0.836189763938501
62,0.01,0.01,50,0.9,175,0.8410519621443472
63,0.01,0.01,50,0.95,242,0.8343469089457335
64,0.01,0.01,50,0.98,333,0.8494658551000327
65,0.01,0.01,60,0.8,74,0.8412200804612928
66,0.01,0.01,60,0.85,91,0.8281591589190995
67,0.01,0.01,60,0.9,117,0.8477502388222888
68,0.01,0.01,60,0.95,168,0.8367228920154384
69,0.01,0.01,60,0.98,238,0.854383581777024
70,0.01,0.01,70,0.8,56,0.8361571317853718
71,0.01,0.01,70,0.85,65,0.8449974495222193
72,0.01,0.01,70,0.9,93,0.8413620154028539
73,0.01,0.01,70,0.95,126,0.8399644715526995
74,0.01,0.01,70,0.98,179,0.8516250728764986
75,0.01,0.02,30,0.8,139,0.8212147588520903
76,0.01,0.02,30,0.85,177,0.8222881097692204
77,0.01,0.02,30,0.9,220,0.8230499403857741
78,0.01,0.02,30,0.95,308,0.8285332962958816
79,0.01,0.02,30,0.98,430,0.8551210770896065
80,0.01,0.02,40,0.8,117,0.8169152755363591
81,0.01,0.02,40,0.85,151,0.8244860710843888
82,0.01,0.02,40,0.9,189,0.835139161055326
83,0.01,0.02,40,0.95,263,0.8348033013220668
84,0.01,0.02,40,0.98,373,0.8561956141380511
85,0.01,0.02,50,0.8,93,0.8211997747125738
86,0.01,0.02,50,0.85,116,0.8312852250454981
87,0.01,0.02,50,0.9,151,0.8344116126743483
88,0.01,0.02,50,0.95,214,0.8401277859327732
89,0.01,0.02,50,0.98,302,0.8536855412572486
90,0.01,0.02,60,0.8,63,0.8390248528313518
91,0.01,0.02,60,0.85,75,0.8287228313058137
92,0.01,0.02,60,0.9,101,0.8433816513210779
93,0.01,0.02,60,0.95,139,0.8358634020875104
94,0.01,0.02,60,0.98,199,0.8526034133771347
95,0.01,0.02,70,0.8,49,0.8428179579469941
96,0.01,0.02,70,0.85,60,0.828501165844577
97,0.01,0.02,70,0.9,81,0.8439606266027173
98,0.01,0.02,70,0.95,113,0.8414152159572371
99,0.01,0.02,70,0.98,163,0.862546724762613
100,0.01,0.05,30,0.8,102,0.8343321804805421
101,0.01,0.05,30,0.85,132,0.827068262208061
102,0.01,0.05,30,0.9,164,0.8256171726963327
103,0.01,0.05,30,0.95,236,0.8320683812258987
104,0.01,0.05,30,0.98,341,0.838843971208515
105,0.01,0.05,40,0.8,87,0.8308003156119602
106,0.01,0.05,40,0.85,114,0.8303134499807776
107,0.01,0.05,40,0.9,142,0.8324102952328486
108,0.01,0.05,40,0.95,201,0.8309016458180529
109,0.01,0.05,40,0.98,285,0.8477729360517706
110,0.01,0.05,50,0.8,63,0.8308744283355658
111,0.01,0.05,50,0.85,74,0.8383537798355644
112,0.01,0.05,50,0.9,98,0.8358243636188624
113,0.01,0.05,50,0.95,137,0.8320980068512785
114,0.01,0.05,50,0.98,200,0.8460551927491865
115,0.01,0.05,60,0.8,50,0.836523178765065
116,0.01,0.05,60,0.85,60,0.8467457681513778
117,0.01,0.05,60,0.9,85,0.8487421884938542
118,0.01,0.05,60,0.95,118,0.83332155462197
119,0.01,0.05,60,0.98,173,0.8503813642562115
120,0.01,0.05,70,0.8,47,0.8421935453507892
121,0.01,0.05,70,0.85,58,0.8321995020210305
122,0.01,0.05,70,0.9,80,0.8524860532174717
123,0.01,0.05,70,0.95,109,0.8455383798467881
124,0.01,0.05,70,0.98,156,0.8665596943722779
125,0.03,0.001,30,0.8,101,0.8255506280577813
126,0.03,0.001,30,0.85,121,0.8236994774669231
127,0.03,0.001,30,0.9,153,0.8424765043033074
128,0.03,0.001,30,0.95,214,0.8444621869604964
129,0.03,0.001,30,0.98,300,0.8479601362822361
130,0.03,0.001,40,0.8,74,0.8385603487735054
131,0.03,0.001,40,0.85,90,0.8351258319443339
132,0.03,0.001,40,0.9,117,0.8406123938582443
133,0.03,0.001,40,0.95,169,0.8339758031849513
134,0.03,0.001,40,0.98,240,0.8463868984745563
135,0.03,0.001,50,0.8,65,0.8265299097514986
136,0.03,0.001,50,0.85,74,0.836667580560675
137,0.03,0.001,50,0.9,102,0.8402971886679754
138,0.03,0.001,50,0.95,136,0.8334872675746372
139,0.03,0.001,50,0.98,196,0.8540366280481336
140,0.03,0.001,60,0.8,56,0.8343467189905102
141,0.03,0.001,60,0.85,66,0.845418535120287
142,0.03,0.001,60,0.9,90,0.843061180386614
143,0.03,0.001,60,0.95,121,0.8321237569029807
144,0.03,0.001,60,0.98,174,0.8600194205825182
145,0.03,0.001,70,0.8,47,0.8323117911029465
146,0.03,0.001,70,0.85,57,0.8408485954243773
147,0.03,0.001,70,0.9,80,0.8349413281353544
148,0.03,0.001,70,0.95,105,0.839407729549079
149,0.03,0.001,70,0.98,150,0.8580927118206894
150,0.03,0.005,30,0.8,85,0.8341420757455029
151,0.03,0.005,30,0.85,108,0.828483165178086
152,0.03,0.005,30,0.9,137,0.8291506194897048
153,0.03,0.005,30,0.95,192,0.8363485865207692
154,0.03,0.005,30,0.98,274,0.8527631867947804
155,0.03,0.005,40,0.8,66,0.836176038245713
156,0.03,0.005,40,0.85,79,0.8408929307716251
157,0.03,0.005,40,0.9,105,0.8393434412081934
158,0.03,0.005,40,0.95,146,0.8339479438604634
159,0.03,0.005,40,0.98,208,0.8494870787201583
160,0.03,0.005,50,0.8,60,0.836326920591184
161,0.03,0.005,50,0.85,69,0.8381633175388934
162,0.03,0.005,50,0.9,95,0.833691212300468
163,0.03,0.005,50,0.95,128,0.8331424708743873
164,0.03,0.005,50,0.98,184,0.851677837961099
165,0.03,0.005,60,0.8,51,0.8385735732223937
166,0.03,0.005,60,0.85,62,0.8444708963831925
167,0.03,0.005,60,0.9,85,0.8466435893127325
168,0.03,0.005,60,0.95,117,0.8373980831170416
169,0.03,0.005,60,0.98,164,0.8525607896879542
170,0.03,0.005,70,0.8,45,0.8322600526820854
171,0.03,0.005,70,0.85,56,0.8374117453743152
172,0.03,0.005,70,0.9,80,0.8529784377050527
173,0.03,0.005,70,0.95,104,0.8407113212977884
174,0.03,0.005,70,0.98,149,0.851405591533948
175,0.03,0.01,30,0.8,83,0.831895986514599
176,0.03,0.01,30,0.85,101,0.8360250071807727
177,0.03,0.01,30,0.9,130,0.8353873760383103
178,0.03,0.01,30,0.95,185,0.8334754336148771
179,0.03,0.01,30,0.98,265,0.8499944753054626
180,0.03,0.01,40,0.8,63,0.8305751349885094
181,0.03,0.01,40,0.85,74,0.8400314883382407
182,0.03,0.01,40,0.9,103,0.8362236853514327
183,0.03,0.01,40,0.95,142,0.8376262972675239
184,0.03,0.01,40,0.98,204,0.8480211595135586
185,0.03,0.01,50,0.8,58,0.8395745245934233
186,0.03,0.01,50,0.85,67,0.8314555520662454
187,0.03,0.01,50,0.9,95,0.8445996674987548
188,0.03,0.01,50,0.95,128,0.8445829952013139
189,0.03,0.01,50,0.98,182,0.8519467613219541
190,0.03,0.01,60,0.8,51,0.8394906899116842
191,0.03,0.01,60,0.85,63,0.8449622728996568
192,0.03,0.01,60,0.9,88,0.8426491678731466
193,0.03,0.01,60,0.95,119,0.844933424455208
194,0.03,0.01,60,0.98,166,0.8588145810650183
195,0.03,0.01,70,0.8,45,0.8422872810641522
196,0.03,0.01,70,0.85,55,0.8472807250797029
197,0.03,0.01,70,0.9,79,0.8418313024023331
198,0.03,0.01,70,0.95,104,0.8347486375793836
199,0.03,0.01,70,0.98,147,0.8575564142370972
200,0.03,0.02,30,0.8,77,0.8312082693989199
201,0.03,0.02,30,0.85,93,0.8362055392122689
202,0.03,0.02,30,0.9,116,0.8328664833040141
203,0.03,0.02,30,0.95,167,0.8343560829380587
204,0.03,0.02,30,0.98,240,0.8426338221132061
205,0.03,0.02,40,0.8,60,0.8407487643168622
206,0.03,0.02,40,0.85,71,0.8376313680582281
207,0.03,0.02,40,0.9,97,0.8423252124229021
208,0.03,0.02,40,0.95,134,0.8369015541179738
209,0.03,0.02,40,0.98,195,0.8454493307596043
210,0.03,0.02,50,0.8,56,0.8441308549870072
211,0.03,0.02,50,0.85,65,0.8407338893444445
212,0.03,0.02,50,0.9,89,0.8468858194334958
213,0.03,0.02,50,0.95,121,0.8479909544289285
214,0.03,0.02,50,0.98,175,0.8578240342330623
215,0.03,0.02,60,0.8,48,0.833725215269193
216,0.03,0.02,60,0.85,58,0.8319635375361836
217,0.03,0.02,60,0.9,82,0.8499491223712285
218,0.03,0.02,60,0.95,110,0.8425873244861609
219,0.03,0.02,60,0.98,159,0.8583557513920796
220,0.03,0.02,70,0.8,44,0.8429114325905618
221,0.03,0.02,70,0.85,54,0.8317261223890544
222,0.03,0.02,70,0.9,77,0.8467409024840677
223,0.03,0.02,70,0.95,102,0.8432621957547799
224,0.03,0.02,70,0.98,147,0.8546861082325894
225,0.03,0.05,30,0.8,63,0.8257441931920566
226,0.03,0.05,30,0.85,74,0.8337080110086663
227,0.03,0.05,30,0.9,100,0.8327293744959627
228,0.03,0.05,30,0.95,141,0.8315705300947451
229,0.03,0.05,30,0.98,204,0.8505131402005628
230,0.03,0.05,40,0.8,56,0.8204570775156228
231,0.03,0.05,40,0.85,64,0.8432386217659215
232,0.03,0.05,40,0.9,89,0.8465441281245379
233,0.03,0.05,40,0.95,120,0.8316380546188352
234,0.03,0.05,40,0.98,174,0.8622905663938782
235,0.03,0.05,50,0.8,46,0.8216770291004654
236,0.03,0.05,50,0.85,56,0.8375194743474133
237,0.03,0.05,50,0.9,79,0.8438404857240169
238,0.03,0.05,50,0.95,108,0.8485160828581939
239,0.03,0.05,50,0.98,156,0.8597873338225286
240,0.03,0.05,60,0.8,44,0.8342719315944901
241,0.03,0.05,60,0.85,53,0.8474137656374247
242,0.03,0.05,60,0.9,76,0.84281187273728
243,0.03,0.05,60,0.95,103,0.8356552361953117
244,0.03,0.05,60,0.98,148,0.8583541569263
245,0.03,0.05,70,0.8,40,0.8385123020057481
246,0.03,0.05,70,0.85,50,0.8463479030313298
247,0.03,0.05,70,0.9,73,0.8441208778158511
248,0.03,0.05,70,0.95,98,0.8441991883433344
249,0.03,0.05,70,0.98,140,0.8621489761192624
250,0.05,0.001,30,0.8,66,0.8400505031399774
251,0.05,0.001,30,0.85,81,0.8384248705323252
252,0.05,0.001,30,0.9,106,0.8411394507682534
253,0.05,0.001,30,0.95,150,0.8381716011871709
254,0.05,0.001,30,0.98,213,0.8602363841875726
255,0.05,0.001,40,0.8,62,0.8273035714704162
256,0.05,0.001,40,0.85,74,0.8415202166663246
257,0.05,0.001,40,0.9,102,0.8427946029443121
258,0.05,0.001,40,0.95,138,0.8338734404489454
259,0.05,0.001,40,0.98,193,0.8471383717559486
260,0.05,0.001,50,0.8,56,0.8451909497687515
261,0.05,0.001,50,0.85,67,0.8444385782913102
262,0.05,0.001,50,0.9,95,0.8408368971756965
263,0.05,0.001,50,0.95,126,0.8414171480453009
264,0.05,0.001,50,0.98,176,0.8575689892638959
265,0.05,0.001,60,0.8,47,0.830430942430603
266,0.05,0.001,60,0.85,58,0.8382728530277707
267,0.05,0.001,60,0.9,82,0.8522324971904439
268,0.05,0.001,60,0.95,107,0.8473949064282238
269,0.05,0.001,60,0.98,154,0.857672983465374
270,0.05,0.001,70,0.8,44,0.8342670880256616
271,0.05,0.001,70,0.85,55,0.8483942111430054
272,0.05,0.001,70,0.9,77,0.8438473869356301
273,0.05,0.001,70,0.95,100,0.835024073325074
274,0.05,0.001,70,0.98,144,0.8544660669718066
275,0.05,0.005,30,0.8,65,0.8312243768577658
276,0.05,0.005,30,0.85,77,0.8342663493790436
277,0.05,0.005,30,0.9,104,0.850062948625595
278,0.05,0.005,30,0.95,145,0.8406207453463223
279,0.05,0.005,30,0.98,206,0.8545204420202456
280,0.05,0.005,40,0.8,59,0.8299373398843857
281,0.05,0.005,40,0.85,72,0.8334102622954372
282,0.05,0.005,40,0.9,99,0.8392358480071422
283,0.05,0.005,40,0.95,132,0.8361408343584795
284,0.05,0.005,40,0.98,187,0.8479992984286906
285,0.05,0.005,50,0.8,54,0.8426577063718586
286,0.05,0.005,50,0.85,65,0.8445443413396593
287,0.05,0.005,50,0.9,90,0.8392604926115863
288,0.05,0.005,50,0.95,122,0.850855708087993
289,0.05,0.005,50,0.98,170,0.85255080771199
290,0.05,0.005,60,0.8,47,0.8371923784095147
291,0.05,0.005,60,0.85,58,0.8320572586470272
292,0.05,0.005,60,0.9,81,0.8505375513438664
293,0.05,0.005,60,0.95,109,0.8338772258690176
294,0.05,0.005,60,0.98,154,0.8538049478440083
295,0.05,0.005,70,0.8,43,0.8452324271754025
296,0.05,0.005,70,0.85,53,0.8482872725020327
297,0.05,0.005,70,0.9,75,0.8476263703272847
298,0.05,0.005,70,0.95,98,0.8402071859785794
299,0.05,0.005,70,0.98,140,0.8635441738341283
300,0.05,0.01,30,0.8,62,0.8335479352610327
301,0.05,0.01,30,0.85,74,0.8415558739646503
302,0.05,0.01,30,0.9,101,0.8270201035732978
303,0.05,0.01,30,0.95,136,0.8411935632191385
304,0.05,0.01,30,0.98,196,0.8512884706303071
305,0.05,0.01,40,0.8,55,0.8461191422555393
306,0.05,0.01,40,0.85,64,0.8450949882358174
307,0.05,0.01,40,0.9,89,0.8474935903737668
308,0.05,0.01,40,0.95,122,0.8398051650752931
309,0.05,0.01,40,0.98,174,0.857216532956992
310,0.05,0.01,50,0.8,50,0.8433366294860928
311,0.05,0.01,50,0.85,60,0.8479188852423143
312,0.05,0.01,50,0.9,84,0.8432737184443212
313,0.05,0.01,50,0.95,112,0.8449297219975749
314,0.05,0.01,50,0.98,163,0.8569386487040564
315,0.05,0.01,60,0.8,44,0.8276077699270493
316,0.05,0.01,60,0.85,54,0.8477299058630049
317,0.05,0.01,60,0.9,78,0.8582283280201667
318,0.05,0.01,60,0.95,103,0.8418576537309672
319,0.05,0.01,60,0.98,152,0.8631012403315268
320,0.05,0.01,70,0.8,43,0.8419224043508582
321,0.05,0.01,70,0.85,52,0.8383515445392404
322,0.05,0.01,70,0.9,75,0.8439119251995069
323,0.05,0.01,70,0.95,100,0.8409541775787561
324,0.05,0.01,70,0.98,142,0.8624329037454717
325,0.05,0.02,30,0.8,56,0.8416646334813038
326,0.05,0.02,30,0.85,68,0.8239812329217002
327,0.05,0.02,30,0.9,94,0.8510677563507698
328,0.05,0.02,30,0.95,127,0.8312912903429815
329,0.05,0.02,30,0.98,183,0.8514176731915717
330,0.05,0.02,40,0.8,50,0.8409288901071242
331,0.05,0.02,40,0.85,62,0.8332910089286119
332,0.05,0.02,40,0.9,87,0.8472520525982088
333,0.05,0.02,40,0.95,119,0.8396939459572357
334,0.05,0.02,40,0.98,172,0.8480661282854214
335,0.05,0.02,50,0.8,49,0.8115148623280615
336,0.05,0.02,50,0.85,60,0.8503744959650646
337,0.05,0.02,50,0.9,83,0.8396060819893796
338,0.05,0.02,50,0.95,112,0.8438958242749293
339,0.05,0.02,50,0.98,161,0.8466963506864449
340,0.05,0.02,60,0.8,46,0.8196571346142996
341,0.05,0.02,60,0.85,57,0.8465284439722792
342,0.05,0.02,60,0.9,79,0.84531210019707
343,0.05,0.02,60,0.95,105,0.8370262094970322
344,0.05,0.02,60,0.98,154,0.8615502560983831
345,0.05,0.02,70,0.8,42,0.8357098668092009
346,0.05,0.02,70,0.85,51,0.8512875657989533
347,0.05,0.02,70,0.9,73,0.8454048467763929
348,0.05,0.02,70,0.95,97,0.8264193260403901
349,0.05,0.02,70,0.98,138,0.8618279832049301
350,0.05,0.05,30,0.8,51,0.8398367841728138
351,0.05,0.05,30,0.85,61,0.8455917248273253
352,0.05,0.05,30,0.9,87,0.8434564363707399
353,0.05,0.05,30,0.95,118,0.8378450446384781
354,0.05,0.05,30,0.98,174,0.8547082243663124
355,0.05,0.05,40,0.8,48,0.8401488394574802
356,0.05,0.05,40,0.85,58,0.8447806128350208
357,0.05,0.05,40,0.9,82,0.8499505703599203
358,0.05,0.05,40,0.95,113,0.8442768219740173
359,0.05,0.05,40,0.98,165,0.8601196970146546
360,0.05,0.05,50,0.8,46,0.8430075301778673
361,0.05,0.05,50,0.85,56,0.836136729428407
362,0.05,0.05,50,0.9,79,0.8511674631193238
363,0.05,0.05,50,0.95,105,0.8448864953042469
364,0.05,0.05,50,0.98,153,0.8626414949770179
365,0.05,0.05,60,0.8,42,0.84083872503768
366,0.05,0.05,60,0.85,52,0.8381435493602624
367,0.05,0.05,60,0.9,74,0.8442073611003469
368,0.05,0.05,60,0.95,100,0.841260023700006
369,0.05,0.05,60,0.98,143,0.8591483458860025
370,0.05,0.05,70,0.8,38,0.8465518201128116
371,0.05,0.05,70,0.85,49,0.8359188617918403
372,0.05,0.05,70,0.9,70,0.8452036885000946
373,0.05,0.05,70,0.95,90,0.8448451081800641
374,0.05,0.05,70,0.98,130,0.8632397600571388
375,0.08,0.001,30,0.8,49,0.8320082279205234
376,0.08,0.001,30,0.85,60,0.8475268219194604
377,0.08,0.001,30,0.9,82,0.8516649983839624
378,0.08,0.001,30,0.95,108,0.8456579575695751
379,0.08,0.001,30,0.98,153,0.8585332093281753
380,0.08,0.001,40,0.8,40,0.8392561943943339
381,0.08,0.001,40,0.85,51,0.8337707310422692
382,0.08,0.001,40,0.9,72,0.8512923719241712
383,0.08,0.001,40,0.95,93,0.8397305671809365
384,0.08,0.001,40,0.98,130,0.8588065597985798
385,0.08,0.001,50,0.8,37,0.8282641596475061
386,0.08,0.001,50,0.85,46,0.8394984329386806
387,0.08,0.001,50,0.9,64,0.8434799782782703
388,0.08,0.001,50,0.95,80,0.8409156457708857
389,0.08,0.001,50,0.98,116,0.8490547157474193
390,0.08,0.001,60,0.8,28,0.8297006906710503
391,0.08,0.001,60,0.85,35,0.8274270039869818
392,0.08,0.001,60,0.9,50,0.8314028649086828
393,0.08,0.001,60,0.95,65,0.8352213534943154
394,0.08,0.001,60,0.98,97,0.8599236456746746
395,0.08,0.001,70,0.8,21,0.8319532678943886
396,0.08,0.001,70,0.85,29,0.8200851281792769
397,0.08,0.001,70,0.9,41,0.8312684296127244
398,0.08,0.001,70,0.95,52,0.826985076211
399,0.08,0.001,70,0.98,76,0.8383287733629186
400,0.08,0.005,30,0.8,46,0.8282172304316049
401,0.08,0.005,30,0.85,56,0.8486140529295071
402,0.08,0.005,30,0.9,79,0.8489379822926676
403,0.08,0.005,30,0.95,105,0.8463109079493712
404,0.08,0.005,30,0.98,151,0.8565278990887568
405,0.08,0.005,40,0.8,37,0.8368913970808368
406,0.08,0.005,40,0.85,48,0.8471633935729302
407,0.08,0.005,40,0.9,70,0.8519445055343656
408,0.08,0.005,40,0.95,89,0.8436897616321932
409,0.08,0.005,40,0.98,128,0.856777620626884
410,0.08,0.005,50,0.8,34,0.832073614093076
411,0.08,0.005,50,0.85,44,0.8330212334742058
412,0.08,0.005,50,0.9,61,0.8368395400202869
413,0.08,0.005,50,0.95,79,0.840248490178418
414,0.08,0.005,50,0.98,114,0.8449068025203689
415,0.08,0.005,60,0.8,25,0.8354671000433662
416,0.08,0.005,60,0.85,33,0.8318798997356527
417,0.08,0.005,60,0.9,48,0.8191114275210454
418,0.08,0.005,60,0.95,62,0.8357321789788239
419,0.08,0.005,60,0.98,93,0.8441494194795462
420,0.08,0.005,70,0.8,22,0.8270188314884406
421,0.08,0.005,70,0.85,30,0.8324501169021186
422,0.08,0.005,70,0.9,42,0.8329973851136193
423,0.08,0.005,70,0.95,53,0.8227576900403232
424,0.08,0.005,70,0.98,76,0.8405545641299206
425,0.08,0.01,30,0.8,45,0.8395715317091828
426,0.08,0.01,30,0.85,56,0.8486457136044191
427,0.08,0.01,30,0.9,78,0.8575971755717278
428,0.08,0.01,30,0.95,103,0.8462556972019891
429,0.08,0.01,30,0.98,150,0.8548945129432355
430,0.08,0.01,40,0.8,40,0.8441986854443435
431,0.08,0.01,40,0.85,49,0.8468410362795844
432,0.08,0.01,40,0.9,72,0.8570185886321775
433,0.08,0.01,40,0.95,91,0.8474906839354694
434,0.08,0.01,40,0.98,129,0.8579862585140322
435,0.08,0.01,50,0.8,32,0.837571378610374
436,0.08,0.01,50,0.85,43,0.8273849351304443
437,0.08,0.01,50,0.9,60,0.8319471396559461
438,0.08,0.01,50,0.95,77,0.8376628796327283
439,0.08,0.01,50,0.98,111,0.8426747024222536
440,0.08,0.01,60,0.8,25,0.8354671000433662
441,0.08,0.01,60,0.85,34,0.8371744123425972
442,0.08,0.01,60,0.9,49,0.8370844460319897
443,0.08,0.01,60,0.95,62,0.8282283533305762
444,0.08,0.01,60,0.98,94,0.8458555671529492
445,0.08,0.01,70,0.8,22,0.8229689557083135
446,0.08,0.01,70,0.85,30,0.824007246745162
447,0.08,0.01,70,0.9,43,0.8280711058280152
448,0.08,0.01,70,0.95,54,0.8329469041582638
449,0.08,0.01,70,0.98,75,0.8521144804692871
450,0.08,0.02,30,0.8,45,0.8388291674716797
451,0.08,0.02,30,0.85,56,0.8355421244717253
452,0.08,0.02,30,0.9,78,0.857686118881076
453,0.08,0.02,30,0.95,104,0.8472788187784722
454,0.08,0.02,30,0.98,147,0.8535208328530774
455,0.08,0.02,40,0.8,37,0.8377210155643777
456,0.08,0.02,40,0.85,48,0.8501792453884651
457,0.08,0.02,40,0.9,68,0.8461877404655196
458,0.08,0.02,40,0.95,88,0.8424615861465912
459,0.08,0.02,40,0.98,126,0.856221660214332
460,0.08,0.02,50,0.8,32,0.8296712139949565
461,0.08,0.02,50,0.85,41,0.8322218623358321
462,0.08,0.02,50,0.9,57,0.8373732488076309
463,0.08,0.02,50,0.95,75,0.8307524723606509
464,0.08,0.02,50,0.98,111,0.8452901721267094
465,0.08,0.02,60,0.8,25,0.8354671000433662
466,0.08,0.02,60,0.85,34,0.8371744123425972
467,0.08,0.02,60,0.9,49,0.8267296492083114
468,0.08,0.02,60,0.95,62,0.833606940288754
469,0.08,0.02,60,0.98,92,0.8437752218283057
470,0.08,0.02,70,0.8,19,0.8277832075117171
471,0.08,0.02,70,0.85,28,0.8258451463516934
472,0.08,0.02,70,0.9,40,0.8205332621083906
473,0.08,0.02,70,0.95,49,0.8214335948420232
474,0.08,0.02,70,0.98,72,0.8359287938359639
475,0.08,0.05,30,0.8,44,0.8456188746590282
476,0.08,0.05,30,0.85,53,0.8376104071134038
477,0.08,0.05,30,0.9,75,0.8527998386561263
478,0.08,0.05,30,0.95,99,0.8420494466882328
479,0.08,0.05,30,0.98,140,0.8640751775127551
480,0.08,0.05,40,0.8,35,0.8268379117625946
481,0.08,0.05,40,0.85,45,0.8402827030287995
482,0.08,0.05,40,0.9,64,0.8273652999412529
483,0.08,0.05,40,0.95,82,0.8323316998771559
484,0.08,0.05,40,0.98,118,0.850167107517167
485,0.08,0.05,50,0.8,29,0.8365962784259494
486,0.08,0.05,50,0.85,39,0.8311809505858514
487,0.08,0.05,50,0.9,56,0.839365447127061
488,0.08,0.05,50,0.95,71,0.8338050570705148
489,0.08,0.05,50,0.98,105,0.853371549708372
490,0.08,0.05,60,0.8,23,0.8337285109722232
491,0.08,0.05,60,0.85,33,0.8204854435759765
492,0.08,0.05,60,0.9,45,0.8274689141870599
493,0.08,0.05,60,0.95,57,0.8289062919335134
494,0.08,0.05,60,0.98,84,0.8414069543591314
495,0.08,0.05,70,0.8,19,0.8277832075117171
496,0.08,0.05,70,0.85,28,0.8258451463516934
497,0.08,0.05,70,0.9,39,0.8181937589379787
498,0.08,0.05,70,0.95,48,0.8253383650047132
499,0.08,0.05,70,0.98,70,0.8370870624365786
500,0.1,0.001,30,0.8,37,0.8292471030792703
501,0.1,0.001,30,0.85,47,0.8386270527661809
502,0.1,0.001,30,0.9,65,0.835695250797045
503,0.1,0.001,30,0.95,81,0.8270710153738726
504,0.1,0.001,30,0.98,117,0.8493303679746955
505,0.1,0.001,40,0.8,30,0.8414757613429764
506,0.1,0.001,40,0.85,39,0.8261017527417142
507,0.1,0.001,40,0.9,55,0.8367743557935619
508,0.1,0.001,40,0.95,70,0.8362542707366531
509,0.1,0.001,40,0.98,103,0.8489574153722146
510,0.1,0.001,50,0.8,24,0.8322274525698814
511,0.1,0.001,50,0.85,33,0.8401920423399634
512,0.1,0.001,50,0.9,46,0.8405365631614006
513,0.1,0.001,50,0.95,59,0.8385602281107731
514,0.1,0.001,50,0.98,89,0.8557656049017803
515,0.1,0.001,60,0.8,21,0.8332638024344146
516,0.1,0.001,60,0.85,30,0.8256339343493314
517,0.1,0.001,60,0.9,42,0.8367560093458074
518,0.1,0.001,60,0.95,53,0.8228006400308244
519,0.1,0.001,60,0.98,77,0.8453251670622777
520,0.1,0.001,70,0.8,19,0.8246248209456113
521,0.1,0.001,70,0.85,26,0.8358945421816906
522,0.1,0.001,70,0.9,36,0.8322217017257068
523,0.1,0.001,70,0.95,44,0.8281813737802303
524,0.1,0.001,70,0.98,60,0.8426530236558676
525,0.1,0.005,30,0.8,35,0.8317734714041023
526,0.1,0.005,30,0.85,45,0.8388976673610099
527,0.1,0.005,30,0.9,62,0.8364233853460229
528,0.1,0.005,30,0.95,78,0.8256602712385167
529,0.1,0.005,30,0.98,113,0.8434390912398095
530,0.1,0.005,40,0.8,26,0.826270152724387
531,0.1,0.005,40,0.85,35,0.836736986302334
532,0.1,0.005,40,0.9,50,0.8341397402954381
533,0.1,0.005,40,0.95,64,0.8332976620596313
534,0.1,0.005,40,0.98,96,0.8460019608458754
535,0.1,0.005,50,0.8,23,0.83667232785463
536,0.1,0.005,50,0.85,33,0.8308883964365421
537,0.1,0.005,50,0.9,45,0.8387094434395201
538,0.1,0.005,50,0.95,57,0.8272081333788364
539,0.1,0.005,50,0.98,85,0.8525783658660091
540,0.1,0.005,60,0.8,20,0.81282401627555
541,0.1,0.005,60,0.85,28,0.8353885199916421
542,0.1,0.005,60,0.9,41,0.8316286187765819
543,0.1,0.005,60,0.95,50,0.8243940253031085
544,0.1,0.005,60,0.98,72,0.8331444001351993
545,0.1,0.005,70,0.8,19,0.8248353168788188
546,0.1,0.005,70,0.85,26,0.8270265487652224
547,0.1,0.005,70,0.9,35,0.8313721305574571
548,0.1,0.005,70,0.95,44,0.8301018343197126
549,0.1,0.005,70,0.98,60,0.8473461444263037
550,0.1,0.01,30,0.8,33,0.832178280760866
551,0.1,0.01,30,0.85,42,0.8231486239008327
552,0.1,0.01,30,0.9,60,0.8367163840068906
553,0.1,0.01,30,0.95,77,0.8412239745567399
554,0.1,0.01,30,0.98,113,0.8467266281468511
555,0.1,0.01,40,0.8,27,0.8365101912642692
556,0.1,0.01,40,0.85,37,0.8294485834965325
557,0.1,0.01,40,0.9,52,0.8377370868738108
558,0.1,0.01,40,0.95,65,0.8404561669113872
559,0.1,0.01,40,0.98,96,0.8479020660815447
560,0.1,0.01,50,0.8,22,0.8262245745006437
561,0.1,0.01,50,0.85,32,0.8297102890741537
562,0.1,0.01,50,0.9,44,0.8195574692169245
563,0.1,0.01,50,0.95,56,0.8257940333955711
564,0.1,0.01,50,0.98,82,0.8458842459117593
565,0.1,0.01,60,0.8,20,0.81282401627555
566,0.1,0.01,60,0.85,28,0.8353885199916421
567,0.1,0.01,60,0.9,41,0.8316286187765819
568,0.1,0.01,60,0.95,50,0.8243940253031085
569,0.1,0.01,60,0.98,71,0.8472894613531974
570,0.1,0.01,70,0.8,19,0.8248353168788188
571,0.1,0.01,70,0.85,26,0.8270265487652224
572,0.1,0.01,70,0.9,35,0.8313721305574571
573,0.1,0.01,70,0.95,43,0.8293466073577257
574,0.1,0.01,70,0.98,59,0.8449785454946033
575,0.1,0.02,30,0.8,32,0.8362776294403625
576,0.1,0.02,30,0.85,42,0.8422037600875377
577,0.1,0.02,30,0.9,59,0.8351626671150255
578,0.1,0.02,30,0.95,76,0.8260674430108734
579,0.1,0.02,30,0.98,111,0.8515284259369877
580,0.1,0.02,40,0.8,26,0.8338873576785012
581,0.1,0.02,40,0.85,35,0.8325428818376285
582,0.1,0.02,40,0.9,50,0.8366091692167903
583,0.1,0.02,40,0.95,63,0.8365835458912928
584,0.1,0.02,40,0.98,94,0.8487678158585072
585,0.1,0.02,50,0.8,22,0.8262245745006437
586,0.1,0.02,50,0.85,31,0.8288493602412641
587,0.1,0.02,50,0.9,43,0.8305130846451412
588,0.1,0.02,50,0.95,55,0.8310675958952987
589,0.1,0.02,50,0.98,81,0.8408925817255083
590,0.1,0.02,60,0.8,20,0.8224753110840307
591,0.1,0.02,60,0.85,27,0.829015153213167
592,0.1,0.02,60,0.9,39,0.8265945646437164
593,0.1,0.02,60,0.95,49,0.8263015445697185
594,0.1,0.02,60,0.98,69,0.8464649668415893
595,0.1,0.02,70,0.8,18,0.8273350249694211
596,0.1,0.02,70,0.85,25,0.8189412433857012
597,0.1,0.02,70,0.9,34,0.8330467618132744
598,0.1,0.02,70,0.95,42,0.8314346974361335
599,0.1,0.02,70,0.98,58,0.844232928911891
600,0.1,0.05,30,0.8,31,0.8304653261257492
601,0.1,0.05,30,0.85,41,0.8389005223831463
602,0.1,0.05,30,0.9,56,0.8354823117422967
603,0.1,0.05,30,0.95,73,0.8375637106915486
604,0.1,0.05,30,0.98,108,0.8412172099090887
605,0.1,0.05,40,0.8,26,0.8267631407332068
606,0.1,0.05,40,0.85,34,0.8371744123425972
607,0.1,0.05,40,0.9,50,0.8316675677038916
608,0.1,0.05,40,0.95,64,0.8373628489551077
609,0.1,0.05,40,0.98,95,0.8489019302375563
610,0.1,0.05,50,0.8,22,0.8262245745006437
611,0.1,0.05,50,0.85,32,0.8297102890741537
612,0.1,0.05,50,0.9,44,0.8195574692169245
613,0.1,0.05,50,0.95,56,0.8265664167789707
614,0.1,0.05,50,0.98,80,0.8494740345825754
615,0.1,0.05,60,0.8,20,0.8089368035927823
616,0.1,0.05,60,0.85,28,0.8319668146962176
617,0.1,0.05,60,0.9,41,0.8294245546748351
618,0.1,0.05,60,0.95,50,0.8330652795735112
619,0.1,0.05,60,0.98,69,0.8401481848842625
620,0.1,0.05,70,0.8,18,0.8273350249694211
621,0.1,0.05,70,0.85,24,0.826621406421512
622,0.1,0.05,70,0.9,34,0.8330467618132744
623,0.1,0.05,70,0.95,40,0.8325910288924823
624,0.1,0.05,70,0.98,56,0.8514745253724236
625,0.15,0.001,30,0.8,22,0.8262245745006437
626,0.15,0.001,30,0.85,32,0.8297102890741537
627,0.15,0.001,30,0.9,44,0.8195574692169245
628,0.15,0.001,30,0.95,56,0.8257940333955711
629,0.15,0.001,30,0.98,81,0.853944073109209
630,0.15,0.001,40,0.8,21,0.8332638024344146
631,0.15,0.001,40,0.85,28,0.8353885199916421
632,0.15,0.001,40,0.9,41,0.8316286187765819
633,0.15,0.001,40,0.95,51,0.8262329394170859
634,0.15,0.001,40,0.98,72,0.8407177387801618
635,0.15,0.001,50,0.8,20,0.8089368035927823
636,0.15,0.001,50,0.85,28,0.8319668146962176
637,0.15,0.001,50,0.9,39,0.8075378111167778
638,0.15,0.001,50,0.95,48,0.8172226529583497
639,0.15,0.001,50,0.98,64,0.8494846265628471
640,0.15,0.001,60,0.8,16,0.8360137827506783
641,0.15,0.001,60,0.85,22,0.8101881885555524
642,0.15,0.001,60,0.9,31,0.8453970309786385
643,0.15,0.001,60,0.95,37,0.8312743359058861
644,0.15,0.001,60,0.98,53,0.8485637390418311
645,0.15,0.001,70,0.8,12,0.8051543599452062
646,0.15,0.001,70,0.85,16,0.8269396680588901
647,0.15,0.001,70,0.9,22,0.8262050291449047
648,0.15,0.001,70,0.95,28,0.8247229965177578
649,0.15,0.001,70,0.98,41,0.8449277207020376
650,0.15,0.005,30,0.8,22,0.8262245745006437
651,0.15,0.005,30,0.85,31,0.8288493602412641
652,0.15,0.005,30,0.9,43,0.8305130846451412
653,0.15,0.005,30,0.95,54,0.8274334398384735
654,0.15,0.005,30,0.98,78,0.8490391131889637
655,0.15,0.005,40,0.8,20,0.8224753110840307
656,0.15,0.005,40,0.85,27,0.829015153213167
657,0.15,0.005,40,0.9,40,0.8201956400514566
658,0.15,0.005,40,0.95,50,0.826557826541603
659,0.15,0.005,40,0.98,71,0.8484143423384799
660,0.15,0.005,50,0.8,19,0.8246248209456113
661,0.15,0.005,50,0.85,27,0.8296937201073176
662,0.15,0.005,50,0.9,37,0.8256335073925752
663,0.15,0.005,50,0.95,45,0.8228415139810629
664,0.15,0.005,50,0.98,62,0.8415853180449687
665,0.15,0.005,60,0.8,16,0.8360137827506783
666,0.15,0.005,60,0.85,22,0.8101881885555524
667,0.15,0.005,60,0.9,31,0.8453970309786385
668,0.15,0.005,60,0.95,37,0.8312743359058861
669,0.15,0.005,60,0.98,53,0.8485637390418311
670,0.15,0.005,70,0.8,12,0.8051543599452062
671,0.15,0.005,70,0.85,16,0.8269396680588901
672,0.15,0.005,70,0.9,22,0.8262050291449047
673,0.15,0.005,70,0.95,27,0.8221579300662658
674,0.15,0.005,70,0.98,40,0.8456666536460231
675,0.15,0.01,30,0.8,21,0.8318688979916713
676,0.15,0.01,30,0.85,31,0.8328443517188159
677,0.15,0.01,30,0.9,43,0.8311649994428109
678,0.15,0.01,30,0.95,54,0.8256267353633767
679,0.15,0.01,30,0.98,78,0.8422030984390128
680,0.15,0.01,40,0.8,20,0.8089368035927823
681,0.15,0.01,40,0.85,29,0.8257087273783152
682,0.15,0.01,40,0.9,42,0.8213927566511806
683,0.15,0.01,40,0.95,51,0.8237954359422535
684,0.15,0.01,40,0.98,71,0.8435132768086151
685,0.15,0.01,50,0.8,18,0.8229907387682592
686,0.15,0.01,50,0.85,26,0.830429584746183
687,0.15,0.01,50,0.9,36,0.8189735998994033
688,0.15,0.01,50,0.95,45,0.8285541483544601
689,0.15,0.01,50,0.98,61,0.8490041014910765
690,0.15,0.01,60,0.8,15,0.8143915277926098
691,0.15,0.01,60,0.85,21,0.8209614432303111
692,0.15,0.01,60,0.9,30,0.8256734290744149
693,0.15,0.01,60,0.95,36,0.8351558827630136
694,0.15,0.01,60,0.98,52,0.8388246032955594
695,0.15,0.01,70,0.8,12,0.8051543599452062
696,0.15,0.01,70,0.85,16,0.8269396680588901
697,0.15,0.01,70,0.9,22,0.8262050291449047
698,0.15,0.01,70,0.95,26,0.8300236712693707
699,0.15,0.01,70,0.98,39,0.8459141504658414
700,0.15,0.02,30,0.8,22,0.8270188314884406
701,0.15,0.02,30,0.85,30,0.8324501169021186
702,0.15,0.02,30,0.9,42,0.8329973851136193
703,0.15,0.02,30,0.95,54,0.8279838893683914
704,0.15,0.02,30,0.98,78,0.8413115700459081
705,0.15,0.02,40,0.8,19,0.8246248209456113
706,0.15,0.02,40,0.85,27,0.8296937201073176
707,0.15,0.02,40,0.9,39,0.8373393818684616
708,0.15,0.02,40,0.95,48,0.8125858026164273
709,0.15,0.02,40,0.98,67,0.845210118387714
710,0.15,0.02,50,0.8,19,0.8246248209456113
711,0.15,0.02,50,0.85,26,0.8358945421816906
712,0.15,0.02,50,0.9,36,0.8322217017257068
713,0.15,0.02,50,0.95,44,0.8281813737802303
714,0.15,0.02,50,0.98,60,0.8426530236558676
715,0.15,0.02,60,0.8,15,0.8143915277926098
716,0.15,0.02,60,0.85,21,0.8209614432303111
717,0.15,0.02,60,0.9,29,0.8280764121135593
718,0.15,0.02,60,0.95,34,0.8388958053225464
719,0.15,0.02,60,0.98,50,0.8502886880342844
720,0.15,0.02,70,0.8,11,0.8066454363702897
721,0.15,0.02,70,0.85,16,0.8269396680588901
722,0.15,0.02,70,0.9,22,0.8262050291449047
723,0.15,0.02,70,0.95,26,0.8312500730667711
724,0.15,0.02,70,0.98,38,0.84157997287993
725,0.15,0.05,30,0.8,22,0.8270188314884406
726,0.15,0.05,30,0.85,30,0.8324501169021186
727,0.15,0.05,30,0.9,42,0.8329973851136193
728,0.15,0.05,30,0.95,54,0.8279838893683914
729,0.15,0.05,30,0.98,78,0.8413115700459081
730,0.15,0.05,40,0.8,19,0.8246248209456113
731,0.15,0.05,40,0.85,27,0.8296937201073176
732,0.15,0.05,40,0.9,39,0.8373393818684616
733,0.15,0.05,40,0.95,48,0.8125858026164273
734,0.15,0.05,40,0.98,67,0.845210118387714
735,0.15,0.05,50,0.8,19,0.8246248209456113
736,0.15,0.05,50,0.85,26,0.8358945421816906
737,0.15,0.05,50,0.9,36,0.8322217017257068
738,0.15,0.05,50,0.95,44,0.8281813737802303
739,0.15,0.05,50,0.98,60,0.8426530236558676
740,0.15,0.05,60,0.8,15,0.8143915277926098
741,0.15,0.05,60,0.85,21,0.8209614432303111
742,0.15,0.05,60,0.9,29,0.8280764121135593
743,0.15,0.05,60,0.95,34,0.8388958053225464
744,0.15,0.05,60,0.98,50,0.8502886880342844
745,0.15,0.05,70,0.8,11,0.8066454363702897
746,0.15,0.05,70,0.85,16,0.8269396680588901
747,0.15,0.05,70,0.9,22,0.8262050291449047
748,0.15,0.05,70,0.95,26,0.8312500730667711
749,0.15,0.05,70,0.98,38,0.84157997287993
