DOI,type,polymer_family,PolymerName,co_smiles,smiles1,smiles2,co_content1,wt1,mol1,co_smiles1,co_content2,wt2,mol2,mix_content1,mix_smiles1,mix_wt1,mix_mol1,Tg
10.1295/polymj.PJ2008246,homopolymer,,,,*Nc1ccc(cc1)c1ccc(cc1)NC(=O)c1cc(NC(=O)C(N2C(=O)c3c(C2=O)c(Br)c(c(c3Br)Br)Br)Cc2ccccc2)cc(c1)C(=O)*,,,,100,,,,0,,,,,145.1564317
10.1295/polymj.PJ2008246,homopolymer,,,,*Nc1ccc(cc1)Cc1ccc(cc1)NC(=O)c1cc(NC(=O)C(N2C(=O)c3c(C2=O)c(Br)c(c(c3Br)Br)Br)Cc2ccccc2)cc(c1)C(=O)*,,,,100,,,,0,,,,,145.2250993
10.1295/polymj.PJ2008246,homopolymer,,,,*Nc1cccc(c1)NC(=O)c1cc(cc(c1)C(=O)*)NC(=O)C(N1C(=O)c2c(C1=O)c(Br)c(c(c2Br)Br)Br)Cc1ccccc1,,,,100,,,,0,,,,,145.293767
10.1002/pi.6137,homopolymer,,,,[Fr]Nc1ccc(cc1)Oc1ccc(cc1)C(c1ccc(cc1)Oc1ccc(cc1)NC(=O)c1ccc(cc1)NC(P1(=O)Oc2ccccc2c2c1cccc2)c1ccc(cc1)C(P1(=O)Oc2ccccc2c2c1cccc2)Nc1ccc(cc1)C(=O)[Rb])(C)C,,,,100,,,,0,,,,,205
10.1295/polymj.PJ2008246,homopolymer,,,,*Nc1cccc2c1cccc2NC(=O)c1cc(NC(=O)C(N2C(=O)c3c(C2=O)c(Br)c(c(c3Br)Br)Br)Cc2ccccc2)cc(c1)C(=O)*,,,,100,,,,0,,,,,145.3624347
10.1007/BF00395568,homopolymer,,,,[Rb]Oc1ccc(C(C)(C)c2ccc(OP(Nc3ccccc3)([Fr])=O)cc2)cc1,,,,100,,,,0,,,,,145.4997701
10.1007/BF00395568,homopolymer,,,,[Rb]Oc1ccc(C2(c3ccc(OP(Nc4ccccc4)([Fr])=O)cc3)CC(c5ccccc52)=O)cc1,,,,100,,,,0,,,,,145.4311024
10.1007/BF00395568,homopolymer,,,,*Oc1ccc(cc1)S(=O)(=O)c1ccc(cc1)OP(=O)(Nc1ccccc1)*,,,,100,,,,0,,,,,145.5684378
10.1039/C0PY00103A,homopolymer,,,,[Fr]C(C(C=C1)=CC=C1NC2=NNC(C(C=C3)=CC=C3N[Rb])=N2)=O,,,,100,,,,0,,,,,375
10.1007/s00289-015-1587-x,homopolymer,,,,[Fr]C(C1=CC(NC(C(N2C(C3=C(C(Br)=C(C(Br)=C3C2=O)Br)Br)=O)C)=O)=CC(C(NC4=C5C(C(N[Rb])=CC=C5)=CC=C4)=O)=C1)=O,,,,100,,,,0,,,,,196
10.1007/s00289-015-1587-x,homopolymer,,,,[Fr]C(C1=CC(NC(C(N2C(C3=C(C(Br)=C(C(Br)=C3C2=O)Br)Br)=O)C)=O)=CC(C(NC4=CC(N[Rb])=CC=C4)=O)=C1)=O,,,,100,,,,0,,,,,212
10.1007/s00289-015-1587-x,homopolymer,,,,[Fr]C(C1=CC(NC(C(N2C(C3=C(C(Br)=C(C(Br)=C3C2=O)Br)Br)=O)C)=O)=CC(C(NC4=CC=C(C5=CC=C(N[Rb])C=C5)C=C4)=O)=C1)=O,,,,100,,,,0,,,,,191
10.1007/s00289-015-1587-x,homopolymer,,,,[Fr]C(C1=CC(NC(C(N2C(C3=C(C(Br)=C(C(Br)=C3C2=O)Br)Br)=O)C)=O)=CC(C(NC4=CC=C(CC5=CC=C(N[Rb])C=C5)C=C4)=O)=C1)=O,,,,100,,,,0,,,,,192
10.1007/s00289-015-1587-x,homopolymer,,,,[Fr]C(C1=CC(NC(C(N2C(C3=C(C(Br)=C(C(Br)=C3C2=O)Br)Br)=O)C)=O)=CC(C(NC4=CC=C(N[Rb])C=C4)=O)=C1)=O,,,,100,,,,0,,,,,201
10.1007/s00289-015-1587-x,homopolymer,,,,[Fr]C(C1=CC(NC(C(N2C(C3=C(C(Br)=C(C(Br)=C3C2=O)Br)Br)=O)C)=O)=CC(C(NC4=CC=C(N[Rb])C=C4C)=O)=C1)=O,,,,100,,,,0,,,,,195
10.1007/s00289-015-1587-x,homopolymer,,,,[Fr]C(C1=CC(NC(C(N2C(C3=C(C(Br)=C(C(Br)=C3C2=O)Br)Br)=O)C)=O)=CC(C(NC4=CC=C(OC5=CC=C(N[Rb])C=C5)C=C4)=O)=C1)=O,,,,100,,,,0,,,,,195
10.1007/s00289-015-1587-x,homopolymer,,,,[Fr]C(C1=CC(NC(C(N2C(C3=C(C(Br)=C(C(Br)=C3C2=O)Br)Br)=O)C)=O)=CC(C(NC4=CC=C(S(C5=CC=C(N[Rb])C=C5)(=O)=O)C=C4)=O)=C1)=O,,,,100,,,,0,,,,,206
10.1039/C0PY00103A,homopolymer,,,,[Fr]C(C1=CC(NC2=CC=C(N[Rb])C=C2)=CC(NC3=NNC(C4=CC=CC=C4)=N3)=C1)=O,,,,100,,,,0,,,,,306
10.1039/C0PY00103A,homopolymer,,,,[Fr]C(C1=CC(NC2=CC=CC(N[Rb])=C2)=CC(NC3=NNC(C4=CC=CC=C4)=N3)=C1)=O,,,,100,,,,0,,,,,293
10.1007/s10853-020-05281-3,homopolymer,,,,[Fr]CC(COc1ccc(cc1)C(c1ccc(cc1)O[Rb])(C)C)O,,,,100,,,,0,,,,,113.4
10.1007/s10965-017-1184-9,homopolymer,,,,[Fr]C(C1=CC=C(C=C1)NC2=NC(N3CCOCC3)=NC(NC4=CC=C(C=C4)C(NC5=CC=C(N(C6=CC=C(OC)C=C6)C7=CC=C(N[Rb])C=C7)C=C5)=O)=N2)=O,,,,100,,,,0,,,,,240
10.1007/s10965-017-1184-9,homopolymer,,,,[Fr]C(C1=CC=C(C=C1)NC2=NC(N3CCOCC3)=NC(NC4=CC=C(C=C4)C(NC5=CC=C(OC6=CC=C(N[Rb])C=C6)C=C5)=O)=N2)=O,,,,100,,,,0,,,,,234
10.1007/s10965-017-1184-9,homopolymer,,,,[Fr]C(C1=CC=C(C=C1)NC2=NC(N3CCOCC3)=NC(NC4=CC=C(C=C4)C(NC5=CC=C(S(C6=CC=C(N[Rb])C=C6)(=O)=O)C=C5)=O)=N2)=O,,,,100,,,,0,,,,,223
10.1007/s10965-017-1184-9,homopolymer,,,,[Fr]C(C1=CC=C(C=C1)NC2=NC(N3CCOCC3)=NC(NC4=CC=C(C=C4)C(NC5=CC=CC(N[Rb])=C5)=O)=N2)=O,,,,100,,,,0,,,,,248
10.1007/s11696-020-01494-7,homopolymer,,,,[Fr]C1=CC=C(C(NC2=CC=C(OC3=CC=C(C(C)(C)C4=CC=C(OC5=CC=C(NC(C6=CC=C(N7C(C8C(C9=CC=C%10C%11=C9C8=CC=C%11C%12=CC=C%13C%14=C%12C%10=CC=C%14C%15C%13C(N([Rb])C%15=O)=O)C7=O)=O)C=C6)=O)C=C5)C=C4)C=C3)C=C2)=O)C=C1,,,,100,,,,0,,,,,231
10.1080/10601325.2020.1736944,homopolymer,,,,[Fr]c1ccc(cc1)c1nc(cc(c1)c1ccc(cc1)P(c1ccccc1)c1ccccc1)c1ccc(cc1)N1C(=O)c2c(C1=O)cc(cc2)C(C(F)(F)F)(C(F)(F)F)c1ccc2c(c1)C(=O)C(C2=O)[Rb],,,,100,,,,0,,,,,144.0577487
10.1080/10601325.2020.1736944,homopolymer,,,,[Fr]c1ccc(cc1)c1nc(cc(c1)c1ccc(cc1)P(c1ccccc1)c1ccccc1)c1ccc(cc1)N1C(=O)c2c(C1=O)cc(cc2)c1ccc2c(c1)C(=O)N(C2=O)[Rb],,,,100,,,,0,,,,,144.3324195
10.1080/10601325.2020.1736944,homopolymer,,,,[Fr]c1ccc(cc1)c1nc(cc(c1)c1ccc(cc1)P(c1ccccc1)c1ccccc1)c1ccc(cc1)N1C(=O)c2c(C1=O)cc(cc2)Oc1ccc(cc1)Oc1ccc2c(c1)C(=O)C(C2=O)[Rb],,,,100,,,,0,,,,,144.2637518
10.1080/10601325.2020.1736944,homopolymer,,,,[Fr]c1ccc(cc1)c1nc(cc(c1)c1ccc(cc1)P(c1ccccc1)c1ccccc1)c1ccc(cc1)N1C(=O)c2c(C1=O)cc(cc2)Oc1ccc2c(c1)C(=O)C(C2=O)[Rb],,,,100,,,,0,,,,,144.1264164
10.1080/10601325.2020.1736944,homopolymer,,,,[Fr]c1ccc(cc1)c1nc(cc(c1)c1ccc(cc1)P(c1ccccc1)c1ccccc1)c1ccc(cc1)N1C(=O)c2c(C1=O)cc(cc2)Sc1ccc2c(c1)C(=O)C(C2=O)[Rb],,,,100,,,,0,,,,,144.1950841
10.1007/s10965-021-02676-x,homopolymer,,,,[Fr]c1ccc(cc1)Oc1ccc(cc1)C1(Cc2c(C1=O)cccc2)c1ccc(cc1)Oc1ccc(cc1)N1C(=O)C2C(C1=O)CC(CC2)C1CCC2C(C1)C(=O)N(C2=O)[Rb],,,,100,,,,0,,,,,269.4
10.1007/s10965-021-02676-x,homopolymer,,,,[Fr]c1ccc(cc1)Oc1ccc(cc1)C1(Cc2c(C1=O)cccc2)c1ccc(cc1)Oc1ccc(cc1)N1C(=O)C2C(C1=O)CC1C(C2)C(=O)N(C1=O)[Rb],,,,100,,,,0,,,,,318.1
10.1007/s10965-021-02676-x,homopolymer,,,,[Fr]c1ccc(cc1)Oc1ccc(cc1)N1C(=O)C2C(C1=O)CC(CC2)C1CCC2C(C1)C(=O)N(C2=O)[Rb],,,,100,,,,0,,,,,260.6
10.1007/s00289-015-1488-z,homopolymer,,,,[Fr]c1ccc(cc1)OCc1nnn(c1)c1ccc(cc1)Oc1ccc(cc1)Oc1ccc(cc1)n1nnc(c1)COc1ccc(cc1)N1C(=O)c2c(C1=O)cc(cc2)C(=O)c1ccc2c(c1)C(=O)N(C2=O)[Rb],,,,100,,,,0,,,,,236
10.1007/s00289-015-1488-z,homopolymer,,,,[Fr]c1ccc(cc1)OCc1nnn(c1)CCCn1nnc(c1)COc1ccc(cc1)N1C(=O)c2c(C1=O)cc(cc2)C(=O)c1ccc2c(c1)C(=O)N(C2=O)[Rb],,,,100,,,,0,,,,,218
10.1016/j.jfluchem.2016.03.016,homopolymer,,,,[Fr]c1cccc(c1)P(=O)(C(CC(C(C(C(C(C(F)(F)F)(F)F)(F)F)(F)F)(F)F)(F)F)(F)F)c1cccc(c1)N1C(=O)C(C1=O)c1ccc(cc1)C(=O)c1ccc(cc1)C1C(=O)N(C1=O)[Rb],,,,100,,,,0,,,,,203
10.1016/j.jfluchem.2016.03.016,homopolymer,,,,[Fr]c1cccc(c1)P(=O)(c1cccc(c1)N1C(=O)C(C1=O)c1ccc(cc1)C(C(F)(F)F)(C(F)(F)F)c1ccc(cc1)C1C(=O)N(C1=O)[Rb])CCC(C(C(C(C(C(F)(F)F)(F)F)(F)F)(F)F)(F)F)(F)F,,,,100,,,,0,,,,,204
10.1016/j.jfluchem.2016.03.016,homopolymer,,,,[Fr]c1cccc(c1)P(=O)(c1cccc(c1)N1C(=O)C(C1=O)c1ccc(cc1)C1C(=O)N(C1=O)[Rb])CCC(C(C(C(C(C(F)(F)F)(F)F)(F)F)(F)F)(F)F)(F)F,,,,100,,,,0,,,,,233
10.1007/s00289-015-1587-x,homopolymer,,,,[Fr]Nc1ccc(c(c1)C)NC(=O)c1cc(NC(=O)C(N2C(=O)c3c(C2=O)c(Br)c(c(c3Br)Br)Br)C)cc(c1)C(=O)[Rb],,,,100,,,,0,,,,,195
10.1080/10601325.2018.1483201,homopolymer,,,,[Fr]Nc1ccc(cc1)C(=O)c1ccc(cc1)NC(=O)c1ccc2c(c1)C(=O)N(C2=O)C1N=CC(S1)c1ccc(cc1)C1SC(C(C1c1ccccc1)c1ccccc1)c1ccc(cc1)C1C=NC(S1)N1C(=O)c2c(C1=O)cc(cc2)C(=O)[Rb],,,,100,,,,0,,,,,272
10.1002/(SICI)1099-0518(19970915)35:12<2453::AID-POLA15>3.0.CO;2-6,homopolymer,,,,[Rb]Oc1ccc(cc1)S(=O)(=O)c1ccc(cc1)OCC(OC(=O)[Fr])C,,,,100,,,,0,,,,,33
10.1002/(SICI)1099-0518(19970915)35:12<2453::AID-POLA15>3.0.CO;2-6,homopolymer,,,,[Fr]Oc1ccc(cc1)S(=O)(=O)c1ccc(cc1)OCCOCCOCCOCCOC(=O)[Rb],,,,100,,,,0,,,,,40
10.1002/(SICI)1099-0518(19970915)35:12<2453::AID-POLA15>3.0.CO;2-6,homopolymer,,,,[Fr]Oc1ccc(cc1)S(=O)(=O)c1ccc(cc1)OCCOCCOCCOC(=O)[Rb],,,,100,,,,0,,,,,60
10.1002/(SICI)1099-0518(19970915)35:12<2453::AID-POLA15>3.0.CO;2-6,homopolymer,,,,[Fr]Oc1ccc(cc1)S(=O)(=O)c1ccc(cc1)OC(=O)[Rb],,,,100,,,,0,,,,,62
10.1002/(SICI)1099-0518(19970915)35:12<2453::AID-POLA15>3.0.CO;2-6,homopolymer,,,,[Fr]Oc1ccc(cc1)S(=O)(=O)c1ccc(cc1)OCCOCCOC(=O)[Rb],,,,100,,,,0,,,,,91
10.1177/0954008311424804,homopolymer,,,,[Fr]Nc1ccc(cc1)C1C(=O)c2c(C1=O)ccc(c2)C(=O)NC(=S)Nc1ccc(cc1)NC(=O)c1ccc(cc1)C(=O)[Rb],,,,100,,,,0,,,,,292
10.1007/s00289-015-1587-x,homopolymer,,,,[Fr]Nc1ccc(cc1)c1ccc(cc1)NC(=O)c1cc(N=C(C(N2C(=O)c3c(C2=O)c(Br)c(c(c3Br)Br)Br)C)O)cc(c1)C(=O)[Rb],,,,100,,,,0,,,,,191
10.1177/0954008320910807,homopolymer,,,,[Fr]Nc1ccc(cc1)c1nc(cc(c1)c1ccc(cc1)P(c1ccccc1)c1ccccc1)c1ccc(cc1)NC(=O)c1ccc(cc1)Oc1ccc(cc1)C(C(F)(F)F)(C(F)(F)F)c1ccc(cc1)Oc1ccc(cc1)C(=O)[Rb],,,,100,,,,0,,,,,318
10.1177/0954008320910807,homopolymer,,,,[Fr]Nc1ccc(cc1)c1nc(cc(c1)c1ccc(cc1)P(c1ccccc1)c1ccccc1)c1ccc(cc1)NC(=O)c1ccc(cc1)Oc1ccc(cc1)Oc1ccc(cc1)C(=O)[Rb],,,,100,,,,0,,,,,316
10.1007/s00289-015-1587-x,homopolymer,,,,[Fr]Nc1ccc(cc1)Cc1ccc(cc1)NC(=O)c1cc(NC(=O)C(N2C(=O)c3c(C2=O)c(Br)c(c(c3Br)Br)Br)C)cc(c1)C(=O)[Rb],,,,100,,,,0,,,,,192
10.1080/10601325.2018.1483201,homopolymer,,,,[Fr]Nc1ccc(cc1)Cc1ccc(cc1)NC(=O)c1ccc2c(c1)C(=O)N(C2=O)C1N=CC(S1)c1ccc(cc1)c1sc(c(c1c1ccccc1)c1ccccc1)c1ccc(cc1)C1C=NC(S1)N1C(=O)c2c(C1=O)cc(cc2)C(=O)[Rb],,,,100,,,,0,,,,,302
10.1007/s00289-015-1587-x,homopolymer,,,,[Fr]Nc1ccc(cc1)NC(=O)c1cc(NC(=O)C(N2C(=O)c3c(C2=O)c(Br)c(c(c3Br)Br)Br)C)cc(c1)C(=O)[Rb],,,,100,,,,0,,,,,201
10.1007/s10965-017-1184-9,homopolymer,,,,[Fr]Nc1ccc(cc1)Oc1ccc(cc1)NC(=O)c1ccc(cc1)Nc1nc(Nc2ccc(cc2)C(=O)[Rb])nc(n1)N1CCOCC1,,,,100,,,,0,,,,,234
10.1002/pc.23170,homopolymer,,,,[Fr]Nc1ccc(cc1)Oc1ccc(cc1)NC(=O)c1ccc(cc1)Nc1ncnc(n1)Nc1ccc(cc1)C(=O)[Rb],,,,100,,,,0,,,,,208
10.1080/10601325.2018.1483201,homopolymer,,,,[Fr]Nc1ccc(cc1)Oc1ccc(cc1)NC(=O)c1ccc2c(c1)C(=O)N(C2=O)C1N=CC(S1)c1ccc(cc1)c1sc(c(c1c1ccccc1)c1ccccc1)c1ccc(cc1)C1C=NC(S1)N1C(=O)c2c(C1=O)cc(cc2)C(=O)[Rb],,,,100,,,,0,,,,,295
10.1007/s00289-015-1587-x,homopolymer,,,,[Fr]Nc1ccc(cc1)S(=O)(=O)c1ccc(cc1)NC(=O)c1cc(N=C(C(N2C(=O)c3c(C2=O)c(Br)c(c(c3Br)Br)Br)C)O)cc(c1)C(=O)[Rb],,,,100,,,,0,,,,,195
10.1002/app.23580,homopolymer,,,,[Fr]Nc1ccc(cc1)NC(=O)c1ccc2c(c1)C(=O)N(C2=O)c1cccc(c1)P(=O)(c1cccc(c1)N1C(=O)c2c(C1=O)cc(cc2)C(=O)[Rb])c1ccccc1,,,,100,,,,0,,,,,145
10.1002/app.23580,homopolymer,,,,[Fr]Nc1cccc(c1)P(=O)(c1ccccc1)c1cccc(c1)NC(=O)c1ccc2c(c1)C(=O)N(C2=O)c1cccc(c1)P(=O)(c1cccc(c1)N1C(=O)c2c(C1=O)cc(cc2)C(=O)[Rb])c1ccccc1,,,,100,,,,0,,,,,150
10.1002/app.23580,homopolymer,,,,[Fr]Nc1cccc(n1)NC(=O)c1ccc2c(c1)C(=O)N(C2=O)c1cccc(c1)P(=O)(c1cccc(c1)N1C(=O)c2c(C1=O)cc(cc2)C(=O)[Rb])c1ccccc1,,,,100,,,,0,,,,,156
10.1080/10601325.2018.1483201,homopolymer,,,,[Fr]Nc1ccc(cc1)S(=O)(=O)c1ccc(cc1)NC(=O)c1ccc2c(c1)C(=O)N(C2=O)C1N=CC(S1)c1ccc(cc1)c1sc(c(c1c1ccccc1)c1ccccc1)c1ccc(cc1)C1C=NC(S1)N1C(=O)c2c(C1=O)cc(cc2)C(=O)[Rb],,,,100,,,,0,,,,,267
10.1080/1023666X.2021.1891379,homopolymer,,,,[Fr]Nc1ccc(cc1)S(=O)(=O)c1ccc(cc1)NC(=O)Cc1ccc(cc1)Oc1cccc(n1)Oc1ccc(cc1)CC(=O)[Rb],,,,100,,,,0,,,,,196.78
10.1007/s00289-015-1587-x,homopolymer,,,,[Fr]Nc1cccc(c1)NC(=O)c1cc(cc(c1)C(=O)[Rb])NC(=O)C(N1C(=O)c2c(C1=O)c(Br)c(c(c2Br)Br)Br)C,,,,100,,,,0,,,,,212
10.1007/s10965-017-1184-9,homopolymer,,,,[Fr]Nc1cccc(c1)NC(=O)c1ccc(cc1)Nc1nc(Nc2ccc(cc2)C(=O)[Rb])nc(n1)N1CCOCC1,,,,100,,,,0,,,,,248
10.1007/s00289-015-1587-x,homopolymer,,,,[Fr]Nc1cccc2c1cccc2NC(=O)c1cc(NC(=O)C(N2C(=O)c3c(C2=O)c(Br)c(c(c3Br)Br)Br)C)cc(c1)C(=O)[Rb],,,,100,,,,0,,,,,196
10.1177/0954008320910807,homopolymer,,,,[Fr]Nc1nc(cc(c1)c1ccc(cc1)P(c1ccccc1)c1ccccc1)c1ccc(cc1)NC(=O)c1ccc(cc1)Oc1ccc(cc1)S(=O)(=O)c1ccc(cc1)Oc1ccc(cc1)C(=O)[Rb],,,,100,,,,0,,,,,332
10.1016/j.aiepr.2022.12.004,homopolymer,,,,[Fr]OC1=CC=C(C(C2=CC=C(OC3=CC=C(C(NCCCCNC(C4=CC=C([Rb])C=C4)=O)=O)C=C3)C=C2)(C)C5=CC=CC=C5)C=C1,,,,100,,,,0,,,,,186
10.1016/j.aiepr.2022.12.004,homopolymer,,,,[Fr]OC1=CC=C(C=C1)C(C2=CC=CC=C2)(C3=CC=C(C=C3)OC4=CC=C(C=C4)C(NCCNC(C5=CC=C(C=C5)[Rb])=O)=O)C,,,,100,,,,0,,,,,211
10.1002/(SICI)1097-4628(19970110)63:2<195::AID-APP7>3.0.CO;2-Q,homopolymer,,,,[Fr]Oc1c(Br)cc(cc1Br)C(C(F)(F)F)(C(F)(F)F)c1cc(Br)c(c(c1)Br)OC(=O)[Rb],,,,100,,,,0,,,,,206
10.1002/(SICI)1097-4628(19970110)63:2<195::AID-APP7>3.0.CO;2-Q,homopolymer,,,,[Fr]Oc1c(Br)cc(cc1Br)C(c1cc(Br)c(c(c1)Br)OC(=O)[Rb])(C)C,,,,100,,,,0,,,,,202
10.1002/(SICI)1097-4628(19970110)63:2<195::AID-APP7>3.0.CO;2-Q,homopolymer,,,,[Fr]Oc1ccc(cc1)C(C(F)(F)F)(C(F)(F)F)c1ccc(cc1)OC(=O)[Rb],,,,100,,,,0,,,,,164
10.1016/1381-5148(95)00121-2,homopolymer,,,,[Fr]Oc1ccc(cc1)C(C(F)(F)F)(C(F)(F)F)c1ccc(cc1)OP(=O)(Oc1ccc(cc1)[N+](=O)[O-])[Rb],,,,100,,,,0,,,,,108
10.1016/1381-5148(95)00121-2,homopolymer,,,,[Fr]Oc1ccc(cc1)C(C(F)(F)F)(C(F)(F)F)c1ccc(cc1)OP(=O)(Oc1ccc(cc1)C)[Rb],,,,100,,,,0,,,,,83
10.1002/(SICI)1097-4628(19970110)63:2<195::AID-APP7>3.0.CO;2-Q,homopolymer,,,,[Fr]Oc1ccc(cc1)C(c1ccc(cc1)OC(=O)[Rb])(C)C,,,,100,,,,0,,,,,146
10.1016/j.polymdegradstab.2014.05.002,homopolymer,,,,[Fr]Oc1ccc(cc1)C(c1ccc(cc1)Oc1ccc(cc1)P(=O)(c1ccc(cc1)[Rb])c1ccccc1)(C)C,,,,100,,,,0,,,,,198
10.3390/polym15081917,homopolymer,,,,[Fr]Oc1ccc(cc1)C(c1ccc(cc1)OP(=O)(Oc1ccccc1)Oc1ccc(cc1)C(c1ccc(cc1)OP(=O)(c1ccccc1)[Rb])(C)C)(C)C,,,,100,,,,0,,,,,143.9204134
10.1016/j.polymdegradstab.2024.110702,homopolymer,,,,[Fr]Oc1ccc(cc1)c1ccc(cc1)Oc1ccc(cc1)S(=O)(=O)c1ccc(cc1)[Rb],,,,100,,,,0,,,,,144.8130932
10.1177/0954008319901148,homopolymer,,,,[Fr]Oc1ccc(cc1)c1nc(cc(c1)c1ccc(cc1)P(c1ccccc1)c1ccccc1)c1ccc(cc1)Oc1ccc(cc1)C(=O)c1ccc(cc1)[Rb],,,,100,,,,0,,,,,212
10.1177/0954008319901148,homopolymer,,,,[Fr]Oc1ccc(cc1)c1nc(cc(c1)c1ccc(cc1)P(c1ccccc1)c1ccccc1)c1ccc(cc1)Oc1ccc(cc1)C(=O)c1ccc(cc1)c1ccc(cc1)C(=O)c1ccc(cc1)[Rb],,,,100,,,,0,,,,,255
10.1177/0954008319901148,homopolymer,,,,[Fr]Oc1ccc(cc1)c1nc(cc(c1)c1ccc(cc1)P(c1ccccc1)c1ccccc1)c1ccc(cc1)Oc1ccc(cc1)C(=O)c1ccc(cc1)Oc1ccc(cc1)C(=O)[Rb],,,,100,,,,0,,,,,209
10.1177/0954008319901148,homopolymer,,,,[Fr]Oc1ccc(cc1)c1nc(cc(c1)c1ccc(cc1)P(c1ccccc1)c1ccccc1)c1ccc(cc1)Oc1ccc(cc1)C(=O)c1cccc(c1)C(=O)c1ccc(cc1)[Rb],,,,100,,,,0,,,,,241
10.1002/macp.201500121,homopolymer,,,,[Fr]Oc1ccc(cc1)OC(=O)c1ccc(cc1)C(=O)[Rb],,,,100,,,,0,,,,,144.7444256
10.1002/(SICI)1099-0518(19970915)35:12<2453::AID-POLA15>3.0.CO;2-6,homopolymer,,,,[Fr]Oc1ccc(cc1)S(=O)(=O)c1ccc(cc1)OCCOC(=O)[Rb],,,,100,,,,0,,,,,135
10.1039/d1py00450f,homopolymer,,,,[Fr]OCc1ccc(o1)C1OCC(CO1)(CC)COCC1(CC)COC(OC1)c1ccc(o1)COC(=O)Nc1ccc(cc1)Cc1ccc(cc1)NC(=O)[Rb],,,,100,,,,0,,,,,104
10.1002/macp.201500121,homopolymer,,,,[Fr]OCCCCOC(=O)C(CP1(=O)Oc2ccccc2c2c1cccc2)CC(=O)[Rb],,,,100,,,,0,,,,,144.5384225
10.1021/ie1006917,homopolymer,,,,[Fr]OCCCOC(=O)c1ccc(cc1)C(=O)[Rb],,,,100,,,,0,,,,,39.15
10.1080/03602559.2011.617402,homopolymer,,,,[Fr]OCCOC(=O)c1ccc2c(c1)ccc(c2)C(=O)[Rb],,,,100,,,,0,,,,,144.8817609
10.1002/pat.1515,homopolymer,,,,[H]C(C(NC1=CC(C(NC2=CC=C(OC3=C([C@@H]4C(C=CC=C5)=C5[C@H]6C7=C4C=CC=C7)C6=C(OC8=CC=C(N[Rb])C=C8)C=C3)C=C2)=O)=CC(C([Fr])=O)=C1)=O)(N9C(C%10C%11C%12=C(C(C%10C9=O)C%13=C%11C=CC=C%13)C=CC=C%12)=O)CC%14=CC=CC=C%14,,,,100,,,,0,,,,,185
10.1002/pat.1515,homopolymer,,,,[H]C(C(NC1=CC(C(NC2=CC=C(OC3=CC=C(N[Rb])C=C3)C=C2)=O)=CC(C([Fr])=O)=C1)=O)(N4C(C5C6C7=C(C(C5C4=O)C8=C6C=CC=C8)C=CC=C7)=O)CC9=CC=CC=C9,,,,100,,,,0,,,,,183
10.1039/C0PY00103A,homopolymer,,,,[H]N(C1=CC=C(C2=NC(NC3=CC=C(C(NC4=CC=CC(N[Rb])=C4)=O)C=C3)=NN2)C=C1)C(C5=CC(C(N(C6=CC=C(C7=NC(NC8=CC=C(C=C8)C([Fr])=O)=NN7)C=C6)[H])=O)=CC=C5)=O,,,,100,,,,0,,,,,345
10.1002/app.28552,homopolymer,,,,[Rb]C1=CC=C(C(C2=CC=C(P(C3=CC=C(C(C4=CC=C(OC5=CC=C(C(C)(C6=CC=C(O[Fr])C=C6)C)C=C5)C=C4)=O)C=C3)(C7=CC=CC=C7)=O)C=C2)=O)C=C1,,,,100,,,,0,,,,,205
10.1002/app.28552,homopolymer,,,,[Rb]C1=CC=C(C(C2=CC=C(P(C3=CC=C(C(C4=CC=C(OC5=CC=C(O[Fr])C=C5)C=C4)=O)C=C3)(C6=CC=CC=C6)=O)C=C2)=O)C=C1,,,,100,,,,0,,,,,213
10.1002/app.28552,homopolymer,,,,[Rb]C1=CC=C(C(C2=CC=C(P(C3=CC=C(C(C4=CC=C(OC5=CC=C(S(=O)(C6=CC=C(O[Fr])C=C6)=O)C=C5)C=C4)=O)C=C3)(C7=CC=CC=C7)=O)C=C2)=O)C=C1,,,,100,,,,0,,,,,235
10.1007/s10118-015-1557-7,homopolymer,,,,[Rb]C1=CC=C(NC(NC(C2=CC=CC(C(NC(NC3=CC=C(N4C(C5=CC=C(C(C(F)(F)F)(C6=CC=C7C(C(N([Fr])C7=O)=O)=C6)C(F)(F)F)C=C5C4=O)=O)C=C3)=S)=O)=N2)=O)=S)C=C1,,,,100,,,,0,,,,,247
10.1007/s10118-015-1557-7,homopolymer,,,,[Rb]C1=CC=C(NC(NC(C2=CC=CC(C(NC(NC3=CC=C(N4C(C5=CC=C(C6=CC=C7C(C(N([Fr])C7=O)=O)=C6)C=C5C4=O)=O)C=C3)=S)=O)=N2)=O)=S)C=C1,,,,100,,,,0,,,,,267
10.1007/s10118-015-1557-7,homopolymer,,,,[Rb]C1=CC=C(NC(NC(C2=CC=CC(C(NC(NC3CCC(N4C(C5=CC=C(OC6=CC=C7C(C(N([Fr])C7=O)=O)=C6)C=C5C4=O)=O)CC3)=S)=O)=N2)=O)=S)C=C1,,,,100,,,,0,,,,,251
10.1007/s11696-020-01494-7,homopolymer,,,,[Rb]c1ccc(cc1)C(=O)Nc1ccc(cc1)Oc1ccc(cc1)C(c1ccc(cc1)Oc1ccc(cc1)N=C(c1ccc(cc1)N1C(=O)C2C(C1=O)c1c2ccc(c1)C(C(F)(F)F)(C(F)(F)F)c1ccc2c(c1)C1C2C(=O)N(C1=O)[Fr])O)(C)C,,,,100,,,,0,,,,,187
10.1007/s11696-020-01494-7,homopolymer,,,,[Rb]c1ccc(cc1)C(=O)Nc1ccc(cc1)Oc1ccc(cc1)C(c1ccc(cc1)Oc1ccc(cc1)N=C(c1ccc(cc1)N1C(=O)C2C(C1=O)c1c2ccc(c1)Oc1ccc2c(c1)C1C2C(=O)N(C1=O)[Fr])O)(C)C,,,,100,,,,0,,,,,222
10.1007/s11696-020-01494-7,homopolymer,,,,[Rb]c1ccc(cc1)C(=O)Nc1ccc(cc1)Oc1ccc(cc1)C(c1ccc(cc1)Oc1ccc(cc1)NC(=O)c1ccc(cc1)N1C(=O)C2C(C1=O)c1c2cc2c(c1)C1C2C(=O)N(C1=O)[Fr])(C)C,,,,100,,,,0,,,,,151
10.1007/s11696-020-01494-7,homopolymer,,,,[Rb]c1ccc(cc1)C(=O)Nc1ccc(cc1)Oc1ccc(cc1)C(c1ccc(cc1)Oc1ccc(cc1)NC(=O)c1ccc(cc1)N1C(=O)C2C(C1=O)c1c2ccc(c1)C(=O)c1ccc2c(c1)C1C2C(=O)N(C1=O)[Fr])(C)C,,,,100,,,,0,,,,,177
10.1007/s11696-020-01494-7,homopolymer,,,,[Rb]c1ccc(cc1)C(=O)Nc1ccc(cc1)Oc1ccc(cc1)C(c1ccc(cc1)Oc1ccc(cc1)NC(=O)c1ccc(cc1)N1C(=O)C2C(C1=O)c1c3c2ccc2c3c(cc1)C1C2C(=O)N(C1=O)[Fr])(C)C,,,,100,,,,0,,,,,210
10.1016/j.jfluchem.2016.03.016,homopolymer,,,,[Rb]c1cccc(c1)P(=O)(C(CC(C(C(C(C(C(F)(F)F)(F)F)(F)F)(F)F)(F)F)(F)F)(F)F)c1cccc(c1)N1C(=O)C(C1=O)c1ccc(cc1)Oc1ccc(cc1)C1C(=O)N(C1=O)[Fr],,,,100,,,,0,,,,,194
10.1002/pat.3692,homopolymer,,,,[Rb]CC(C(=O)Nc1ccc(cc1)/C=C/C(=O)c1c2ccccc2cc2c1cccc2)[Fr],,,,100,,,,0,,,,,109
10.1002/pat.3692,homopolymer,,,,[Rb]CC(C(=O)Nc1ccc(cc1)/C=C/C(=O)c1ccc2c(c1)ccc(c2)OC)[Fr],,,,100,,,,0,,,,,145
10.1007/s10965-021-02676-x,homopolymer,,,,[Rb]N1C(=O)C2C(C1=O)CC1C(C2)C(=O)N(C1=O)c1ccc(cc1)Oc1ccc(cc1)[Fr],,,,100,,,,0,,,,,346.8
10.1002/pat.5153,homopolymer,,,,[Rb]N1C(C2CC(C3CC2C1=O)C(N(C3=O)C4=CC=C(C=C4)OC5=CC(P(C6=CC=CC=C6)(C7=CC=CC=C7)=O)=C(C=C5)OC8=CC=C(C=C8)[Fr])=O)=O,,,,100,,,,0,,,,,252.9
10.1016/j.polymer.2008.05.013,homopolymer,,,,[Rb]NC(C=C1)=CC=C1C(C=C2)=CC=C2N(C(C3=CC(C([Fr])=O)=CC(N(C(C4=CC=C(C=C4)N(C([C@](C)(N5C(C6=CC=CC=C6C5=O)=O)[H])=O)[H])=O)[H])=C3)=O)[H],,,,100,,,,0,,,,,202
Journal of the Mexican Chemical Society61.3 (2017): 229-240.,homopolymer,,,,[Rb]NC1=CC=C(C(C2=NC(C3=CC=CC=C3)=C(N2)C4=CC=CC=C4)=C1)OC5=CC=C(C=C5)C6=C(N=C(N6)C7=CC=C(C=C7)C(F)(F)F)C8=CC=C(C=C8)OC9=CC=C(C=C9C%10=NC(C%11=CC=CC=C%11)=C(N%10)C%12=CC=CC=C%12)NC(C%13=CC=C(C([Fr])=O)C=C%13)=O,,,,100,,,,0,,,,,264
Journal of the Mexican Chemical Society61.3 (2017): 229-240.,homopolymer,,,,[Rb]NC1=CC=C(C(C2=NC(C3=CC=CC=C3)=C(N2)C4=CC=CC=C4)=C1)OC5=CC=C(C=C5)C6=C(N=C(N6)C7=CC=C(C=C7)C(F)(F)F)C8=CC=C(C=C8)OC9=CC=C(C=C9C%10=NC(C%11=CC=CC=C%11)=C(N%10)C%12=CC=CC=C%12)NC(C%13=NC(C([Fr])=O)=CC=C%13)=O,,,,100,,,,0,,,,,286
Journal of the Mexican Chemical Society61.3 (2017): 229-240.,homopolymer,,,,[Rb]NC1=CC=C(C(C2=NC(C3=CC=CC=C3)=C(N2)C4=CC=CC=C4)=C1)OC5=CC=C(C=C5)C6=C(N=C(N6)C7=CC=C(C=C7)C(F)(F)F)C8=CC=C(C=C8)OC9=CC=C(C=C9C%10=NC(C%11=CC=CC=C%11)=C(N%10)C%12=CC=CC=C%12)NC(CCCCCCCCC([Fr])=O)=O,,,,100,,,,0,,,,,220
10.1080/15685551.2013.771316,homopolymer,,,,[Rb]NC1=CC=C(C=C1)C2=CC(C3=CC=C(C=C3)Br)=CC(C4=CC=C(C=C4)NC(CCCCC([Fr])=O)=O)=N2,,,,100,,,,0,,,,,157
10.1016/j.polymdegradstab.2014.05.002,homopolymer,,,,[Fr]Oc1ccc(cc1)C(c1ccc(cc1)Oc1ccc(cc1C(F)(F)F)P(=O)(c1ccc(c(c1)C(F)(F)F)[Rb])c1ccccc1)(C)C,,,,100,,,,0,,,,,190
10.1016/j.polymdegradstab.2014.05.002,homopolymer,,,,COc1ccc(cc1)P(=O)(c1ccc(c(c1)C(F)(F)F)[Rb])c1ccc(c(c1)C(F)(F)F)Oc1ccc(cc1)C(c1ccc(cc1)O[Fr])(C)C,,,,100,,,,0,,,,,194
10.1016/j.polymdegradstab.2014.05.002,homopolymer,,,,[Fr]Oc1ccc(cc1)S(=O)(=O)c1ccc(cc1)Oc1ccc(cc1)P(=O)(c1ccc(cc1)[Rb])c1ccccc1,,,,100,,,,0,,,,,195
10.1080/15685551.2013.771316,homopolymer,,,,[Rb]NC1=CC=C(C=C1)C2=CC(C3=CC=C(C=C3)Cl)=CC(C4=CC=C(C=C4)NC(CCCCC([Fr])=O)=O)=N2,,,,100,,,,0,,,,,151
10.1016/j.polymdegradstab.2014.05.002,homopolymer,,,,[Fr]Oc1ccc(cc1)c1ccc(cc1)Oc1ccc(cc1)P(=O)(c1ccc(cc1)[Rb])c1ccccc1,,,,100,,,,0,,,,,217
10.1016/j.polymdegradstab.2014.05.002,homopolymer,,,,[Fr]Oc1ccc(cc1)c1ccc(cc1)Oc1ccc(cc1C(F)(F)F)P(=O)(c1ccc(c(c1)C(F)(F)F)[Rb])c1ccccc1,,,,100,,,,0,,,,,218
10.1016/j.polymdegradstab.2014.05.002,homopolymer,,,,COc1ccc(cc1)P(=O)(c1ccc(c(c1)C(F)(F)F)[Rb])c1ccc(c(c1)C(F)(F)F)Oc1ccc(cc1)c1ccc(cc1)O[Fr],,,,100,,,,0,,,,,225
10.1080/15685551.2013.771316,homopolymer,,,,[Rb]NC1=CC=C(C=C1)C2=CC(C3=CC=C(C=C3)N(C)C)=CC(C4=CC=C(C=C4)NC(CCCCC([Fr])=O)=O)=N2,,,,100,,,,0,,,,,138
10.1016/j.polymer.2008.05.013,homopolymer,,,,[Rb]NC1=CC=C(S(C(C=C2)=CC=C2N(C(C3=CC(C([Fr])=O)=CC(N(C(C4=CC=C(C=C4)N(C([C@](C)(N5C(C6=CC=CC=C6C5=O)=O)[H])=O)[H])=O)[H])=C3)=O)[H])(=O)=O)C=C1,,,,100,,,,0,,,,,208
10.1177/0954008311424804,homopolymer,,,,[Rb]Nc1ccc(cc1)C1C(=O)c2c(C1=O)cc(cc2)C(=O)NC(=S)Nc1ccc(cc1)NC(=O)CCCCC(=O)[Fr],,,,100,,,,0,,,,,288
10.1177/0954008311424804,homopolymer,,,,[Rb]Nc1ccc(cc1)C1C(=O)c2c(C1=O)cc(cc2)C(=O)NC(=S)Nc1ccc(cc1)NC(=O)CCCCCCCCC(=O)[Fr],,,,100,,,,0,,,,,286
10.1177/0954008320910807,homopolymer,,,,[Rb]Nc1ccc(cc1)c1nc(cc(c1)c1ccc(cc1)P(c1ccccc1)c1ccccc1)c1ccc(cc1)NC(=O)c1ccc(cc1)Oc1ccc(cc1)C(=O)[Fr],,,,100,,,,0,,,,,320
10.1177/0954008320910807,homopolymer,,,,[Rb]Nc1ccc(cc1)c1nc(cc(c1)c1ccc(cc1)P(c1ccccc1)c1ccccc1)c1ccc(cc1)NC(=O)c1cccc(c1)C(=O)[Fr],,,,100,,,,0,,,,,323
10.1080/1023666X.2021.1891379,homopolymer,,,,[Rb]Nc1ccc(cc1)Cc1ccc(cc1)NC(=O)Cc1ccc(cc1)Oc1cccc(n1)Oc1ccc(cc1)CC(=O)[Fr],,,,100,,,,0,,,,,193.1
10.1080/15685551.2020.1795435,homopolymer,,,,[Rb]Nc1ccc(cc1)Cc1ccc(cc1)NC(=O)Cc1ccc(cc1)Oc1nc(Oc2ccccc2)nc(n1)Oc1ccc(cc1)CC(=O)[Fr],,,,100,,,,0,,,,,188
10.1080/15685551.2020.1795435,homopolymer,,,,[Rb]Nc1ccc(cc1)NC(=O)Cc1ccc(cc1)Oc1nc(Oc2ccccc2)nc(n1)Oc1ccc(cc1)CC(=O)[Fr],,,,100,,,,0,,,,,200
10.1080/1023666X.2021.1891379,homopolymer,,,,[Rb]Nc1ccc(cc1)Oc1ccc(cc1)NC(=O)Cc1ccc(cc1)Oc1cccc(n1)Oc1ccc(cc1)CC(=O)[Fr],,,,100,,,,0,,,,,194.42
10.1080/15685551.2020.1795435,homopolymer,,,,[Rb]Nc1ccc(cc1)Oc1ccc(cc1)NC(=O)Cc1ccc(cc1)Oc1nc(Oc2ccccc2)nc(n1)Oc1ccc(cc1)CC(=O)[Fr],,,,100,,,,0,,,,,223
10.1007/s10965-017-1184-9,homopolymer,,,,[Rb]Nc1ccc(cc1)S(=O)(=O)c1ccc(cc1)NC(=O)c1ccc(cc1)Nc1nc(Nc2ccc(cc2)C(=O)[Fr])nc(n1)N1CCOCC1,,,,100,,,,0,,,,,223
10.1080/15685551.2020.1795435,homopolymer,,,,[Rb]Nc1ccc(cc1)S(=O)(=O)c1ccc(cc1)NC(=O)Cc1ccc(cc1)Oc1nc(Oc2ccccc2)nc(n1)Oc1ccc(cc1)CC(=O)[Fr],,,,100,,,,0,,,,,196
10.1080/1023666X.2021.1891379,homopolymer,,,,[Rb]Nc1cccc(c1)NC(=O)Cc1ccc(cc1)Oc1cccc(n1)Oc1ccc(cc1)CC(=O)[Fr],,,,100,,,,0,,,,,198.7
10.1080/15685551.2020.1795435,homopolymer,,,,[Rb]Nc1cccc(c1)NC(=O)Cc1ccc(cc1)Oc1nc(Oc2ccccc2)nc(n1)Oc1ccc(cc1)CC(=O)[Fr],,,,100,,,,0,,,,,149
10.1007/s00289-011-0544-6,homopolymer,,,,[Rb]Nc1cccc(c1)P(=O)(c1ccccc1)c1cccc(c1)NC(=O)c1ccc(cc1)OCCCCOc1ccc(cc1)C(=O)[Fr],,,,100,,,,0,,,,,165
10.1016/S0141-3910(01)00251-8,homopolymer,,,,[Rb]NCCCCCCCCCCNC(=O)c1ccc(cc1)C(=O)[Fr],,,,100,,,,0,,,,,144.4697548
10.1016/j.polymdegradstab.2011.12.002,homopolymer,,,,[Rb]OC(=O)c1cc(cc(c1)C(=O)c1ccc(cc1)[Fr])NS(=O)(=O)CCN1C(=O)c2c(C1=O)c(Cl)c(c(c2Cl)Cl)Cl,,,,100,,,,0,,,,,180.51
10.1016/j.polymdegradstab.2011.12.002,homopolymer,,,,[Rb]OC(=O)c1cc(cc(c1)C(=O)c1ccc(cc1)c1ccc(cc1)[Fr])NS(=O)(=O)CCN1C(=O)c2c(C1=O)c(Cl)c(c(c2Cl)Cl)Cl,,,,100,,,,0,,,,,183.56
10.1002/(SICI)1097-4628(19970110)63:2<195::AID-APP7>3.0.CO;2-Q,homopolymer,,,,[Rb]Oc1c(Br)cc(cc1Br)S(=O)(=O)c1cc(Br)c(c(c1)Br)OC(=O)[Fr],,,,100,,,,0,,,,,196
10.1177/0954008312442425,homopolymer,,,,[Rb]Oc1ccc(c(c1)c1ccc(cc1)Br)Oc1ccc(cc1)C(=O)c1ccc(cc1)C(=O)c1ccc(cc1)[Fr],,,,100,,,,0,,,,,176
10.1177/0954008312442425,homopolymer,,,,[Rb]Oc1ccc(c(c1)c1ccc(cc1)Br)Oc1ccc(cc1)c1ccc(cc1)C(=O)c1ccc(cc1)[Fr],,,,100,,,,0,,,,,175
10.1177/0954008312442425,homopolymer,,,,[Rb]Oc1ccc(c(c1)c1ccc(cc1)Cl)Oc1ccc(cc1)C(=O)c1ccc(cc1)C(=O)c1ccc(cc1)[Fr],,,,100,,,,0,,,,,172
10.1177/0954008312442425,homopolymer,,,,[Rb]Oc1ccc(c(c1)c1ccc(cc1)Cl)Oc1ccc(cc1)c1ccc(cc1)C(=O)c1ccc(cc1)[Fr],,,,100,,,,0,,,,,172
10.1177/0954008312442425,homopolymer,,,,[Rb]Oc1ccc(c(c1)c1ccc(cc1)F)Oc1ccc(cc1)C(=O)c1ccc(cc1)C(=O)c1ccc(cc1)[Fr],,,,100,,,,0,,,,,171
10.1177/0954008312442425,homopolymer,,,,[Rb]Oc1ccc(c(c1)c1ccc(cc1)F)Oc1ccc(cc1)c1ccc(cc1)C(=O)c1ccc(cc1)[Fr],,,,100,,,,0,,,,,161
10.1177/0954008312442425,homopolymer,,,,[Rb]Oc1ccc(c(c1)c1ccccc1)Oc1ccc(cc1)C(=O)c1ccc(cc1)C(=O)c1ccc(cc1)[Fr],,,,100,,,,0,,,,,170
10.1177/0954008312442425,homopolymer,,,,[Rb]Oc1ccc(c(c1)c1ccccc1)Oc1ccc(cc1)c1ccc(cc1)C(=O)c1ccc(cc1)[Fr],,,,100,,,,0,,,,,159
10.1016/1381-5148(95)00121-2,homopolymer,,,,[Rb]Oc1ccc(cc1)C(C(F)(F)F)(C(F)(F)F)c1ccc(cc1)OP(=O)(Oc1ccc(cc1)Br)[Fr],,,,100,,,,0,,,,,90
10.1016/j.polymdegradstab.2014.06.003,homopolymer,,,,[Rb]OCc1ccc(cc1)COC(=O)c1ccc(cc1)C(=O)[Fr],,,,100,,,,0,,,,,96.2
10.1039/c6py00183a,homopolymer,,,,[Rb]OCCOC(=O)c1ccc(cc1)C(=O)[Fr],,,,100,,,,0,,,,,72.5
10.1039/C5PY01938A,homopolymer,,,,[Rb]OCCOc1ccc(cc1)C(=O)c1ccc(cc1)OCCOC(=O)c1ccc(cc1)C(=O)[Fr],,,,100,,,,0,,,,,96.4
10.1039/C5PY01938A,homopolymer,,,,[Rb]OCCOc1ccc(cc1)Oc1ccc(cc1)C(=O)c1ccc(cc1)Oc1ccc(cc1)OCCOC(=O)c1ccc(cc1)C(=O)[Fr],,,,100,,,,0,,,,,100.7
10.1039/C5PY01938A,homopolymer,,,,[Rb]OCCOc1ccc(cc1)Oc1ccc(cc1)Oc1ccc(cc1)OCCOC(=O)c1ccc(cc1)C(=O)[Fr],,,,100,,,,0,,,,,77
10.1039/C5PY01938A,homopolymer,,,,[Rb]OCCOc1ccc(cc1)Oc1ccc(cc1)OCCOC(=O)c1ccc(cc1)C(=O)[Fr],,,,100,,,,0,,,,,71.6
10.1016/j.porgcoat.2007.04.007,homopolymer,,,,C=C(C)C(=O)OCC(CN1CCN(CC1)CC(COC(=O)C(=C)C)O)O,,,,100,,,,0,,,,,96.6
10.1016/j.polymdegradstab.2007.05.017,homopolymer,,,,C=C(CC(C(=C)C(=O)OCC1COC2(CCCO2)O1)C(=O)OCC1COC2(CCCO2)O1)C(=O)OCC1COC2(CCCO2)O1,,,,100,,,,0,,,,,-12
10.1021/sc500548c,homopolymer,,,,C=CCc1cc(OC)c(c(c1[Rb])CN(Cc1ccco1)[Fr])O,,,,100,,,,0,,,,,148
10.1039/C7RA10493F,homopolymer,,,,[Rb]C1=CC=CC(P(C)(C2=CC=CC(C3C(C(C=CC(OC4=CC=C(C(C)(C5=CC=C(OC6=CC=C(C(N([Fr])C7=O)=O)C7=C6)C=C5)C)C=C4)=C8)=C8C3=O)=O)=C2)=O)=C1,,,,100,,,,0,,,,,216
10.1039/C7RA10493F,homopolymer,,,,[Rb]C1=CC=CC(P(C)(C2=CC=CC(C3C(C(C=CC(OC4=CC=C(C(N([Fr])C5=O)=O)C5=C4)=C6)=C6C3=O)=O)=C2)=O)=C1,,,,100,,,,0,,,,,269
10.1039/C7RA10493F,homopolymer,,,,[Rb]C1=CC=CC(P(C)(C2=CC=CC(C3C(C(C=CC(C(C4=CC=C(C(N([Fr])C5=O)=O)C5=C4)=O)=C6)=C6C3=O)=O)=C2)=O)=C1,,,,100,,,,0,,,,,270
10.1039/C7RA10493F,homopolymer,,,,[Rb]C1=CC=CC(P(C)(C2=CC=CC(C3C(C(C=CC(C(C(F)(F)F)(C(F)(F)F)C4=CC=C(C(N([Fr])C5=O)=O)C5=C4)=C6)=C6C3=O)=O)=C2)=O)=C1,,,,100,,,,0,,,,,271
10.1016/j.compositesb.2020.108437,homopolymer,,,,CC(C(=O)OC)(C[Fr])[Rb],,,,100,,,,0,,,,,107
10.1080/1023666X.2021.1971835,homopolymer,,,,Cc1cc(ccc1Oc1ccc(cc1)C=Nc1ccc(cc1)Oc1cccc(c1)Oc1ccc(cc1)N)C1(CCCC1)c1ccc(c(C)c1)Oc1ccc(cc1)C=Nc1ccc(cc1)Oc1cccc(c1)Oc1ccc(cc1)N=Cc1ccc(cc1)Oc1ccc(cc1C)C1(CCCC1)c1ccc(c(C)c1)Oc1ccc(cc1)C=O,,,,100,,,,0,,,,,155
10.1080/1023666X.2021.1971835,homopolymer,,,,Cc1cc(ccc1Oc1ccc(cc1)C=Nc1ccc(cc1)Cc1ccc(cc1)N)C1(CCCC1)c1ccc(c(C)c1)Oc1ccc(cc1)C=Nc1ccc(cc1)Cc1ccc(cc1)N=Cc1ccc(cc1)Oc1ccc(cc1C)C1(CCCC1)c1ccc(c(C)c1)Oc1ccc(cc1)C=O,,,,100,,,,0,,,,,172
10.1080/1023666X.2021.1971835,homopolymer,,,,Cc1cc(ccc1Oc1ccc(cc1)C=Nc1ccc(cc1)Oc1ccc(cc1)N)C1(CCCC1)c1ccc(c(C)c1)Oc1ccc(cc1)C=Nc1ccc(cc1)Oc1ccc(cc1)N=Cc1ccc(cc1)Oc1ccc(cc1C)C1(CCCC1)c1ccc(c(C)c1)Oc1ccc(cc1)C=O,,,,100,,,,0,,,,,177
10.1080/1023666X.2021.1971835,homopolymer,,,,Cc1cc(ccc1Oc1ccc(cc1)C=Nc1ccc(cc1)Oc1ccc(cc1)C1(CCCC1)c1ccc(cc1)Oc1ccc(cc1)N)C1(CCCC1)c1ccc(c(C)c1)Oc1ccc(cc1)C=Nc1ccc(cc1)Oc1ccc(cc1)C1(CCCC1)c1ccc(cc1)Oc1ccc(cc1)N=Cc1ccc(cc1)Oc1ccc(cc1C)C1(CCCC1)c1ccc(c(C)c1)Oc1ccc(cc1)C=O,,,,100,,,,0,,,,,184
10.1080/1023666X.2021.1971835,homopolymer,,,,Cc1cc(ccc1Oc1ccc(cc1)C=Nc1ccc(cc1)S(=O)(=O)c1ccc(cc1)N)C1(CCCC1)c1ccc(c(C)c1)Oc1ccc(cc1)C=Nc1ccc(cc1)S(=O)(=O)c1ccc(cc1)N=Cc1ccc(cc1)Oc1ccc(cc1C)C1(CCCC1)c1ccc(c(C)c1)Oc1ccc(cc1)C=O,,,,100,,,,0,,,,,204
10.1021/sc500548c,homopolymer,,,,CCCCCCCCCCCCCCCCCCN(Cc1c([Rb])c(CC=C)cc(c1O)OC)[Fr],,,,100,,,,0,,,,,101
10.1007/s10965-017-1184-9,homopolymer,,,,COc1ccc(cc1)N(c1ccc(cc1)NC(=O)c1ccc(cc1)Nc1nc(Nc2ccc(cc2)C(=O)[Rb])nc(n1)N1CCOCC1)c1ccc(cc1)N[Fr],,,,100,,,,0,,,,,240
10.1016/1381-5148(95)00121-2,homopolymer,,,,COc1ccc(cc1)OP(=O)(Oc1ccc(cc1)C(C(F)(F)F)(C(F)(F)F)c1ccc(cc1)O[Rb])[Fr],,,,100,,,,0,,,,,85
Journal of the Mexican Chemical Society61.3 (2017): 229-240.,homopolymer,,,,FC(F)(C1=CC=C(C2=NC(C3=CC=C(OC(C=CC([Fr])=C4)=C4C5=NC(C6=CC=CC=C6)=C(C7=CCCC=C7)N5)C=C3)=C(C8=CC=C(OC9=C(C%10=NC(C%11=CC=CC=C%11)=C(C%12=CCCC=C%12)N%10)C=C(N%13C(C%14C(C%15=C%14C=C(C(C(N%16[Rb])=O)C%17C%16=O)C%17=C%15)C%13=O)=O)C=C9)C=C8)N2)C=C1)F,,,,100,,,,0,,,,,307
Journal of the Mexican Chemical Society61.3 (2017): 229-240.,homopolymer,,,,FC(F)(C1=CC=C(C2=NC(C3=CC=C(OC(C=CC([Fr])=C4)=C4C5=NC(C6=CC=CC=C6)=C(C7=CCCC=C7)N5)C=C3)=C(C8=CC=C(OC9=C(C%10=NC(C%11=CC=CC=C%11)=C(C%12=CCCC=C%12)N%10)C=C(N%13C(C%14C(C%15C%14C%16C(C(C(N%17[Rb])=O)C%18C%17=O)C%18C%15C=C%16)C%13=O)=O)C=C9)C=C8)N2)C=C1)F,,,,100,,,,0,,,,,251
10.1007/s00289-015-1488-z,homopolymer,,,,O=C(C(C1=C2)=CC(C3=O)=C2C(N3C(C=C4)=CC=C4OCC5=CN(N=N5)C(C=C6)=CC=C6OC(C=C7)=CC=C7OC(C=C8)=CC=C8N(N=N9)C=C9COC(C=C%10)=CC=C%10[*])=O)N([*])C1=O,,,,100,,,,0,,,,,248
10.1007/s00289-015-1488-z,homopolymer,,,,O=C(C(C1=C2)=CC(C3=O)=C2C(N3C(C=C4)=CC=C4OCC5=CN(N=N5)CCCN(N=N6)C=C6COC(C=C7)=CC=C7[*])=O)N([*])C1=O,,,,100,,,,0,,,,,229
10.1007/s00289-012-0892-x,homopolymer,,,,O=C(C1=CC=CC(C([Fr])=O)=C1)NC(C=C2)=CC(C3=NC(C4=CC=CC=C4)=C(N3)C5=CC=CC=C5)=C2OC6=CC(C(C7=CC(OC(C(C8=NC(C9=CC=CC=C9)=C(N8)C%10=CC=CC=C%10)=C%11)=CC=C%11N[Rb])=CC=C7)=O)=CC=C6,,,,100,,,,0,,,,,308
10.1080/10601325.2018.1483201,homopolymer,,,,O=C(c1ccc2c(c1)C(=O)N(C2=O)C1N=CC(S1)c1ccc(cc1)c1sc(c(c1c1ccccc1)c1ccccc1)c1ccc(cc1)C1C=NC(S1)N1C(=O)c2c(C1=O)cc(cc2)C(=O)[Rb])Nc1ccc(cc1)C(C(F)(F)F)(C(F)(F)F)[Fr],,,,100,,,,0,,,,,300
10.1002/pat.1237,homopolymer,,,,O=C(c1ccc2c(c1)CN(C2)CCCCCCN1Cc2c(C1)ccc(c2)C(=O)Oc1ccc(cc1)C(=O)[Rb])Oc1ccc(cc1P1(=O)Oc2ccccc2c2c1cccc2)OC(=O)c1ccc(cc1)C(=O)[Fr],,,,100,,,,0,,,,,161
10.1007/s00289-012-0892-x,homopolymer,,,,O=C(CCCCCCCCC([Fr])=O)NC(C=C1)=CC(C2=NC(C3=CC=CC=C3)=C(N2)C4=CC=CC=C4)=C1OC5=CC(C(C6=CC(OC(C(C7=NC(C8=CC=CC=C8)=C(N7)C9=CC=CC=C9)=C%10)=CC=C%10N[Rb])=CC=C6)=O)=CC=C5,,,,100,,,,0,,,,,211
10.1007/s00289-012-0892-x,homopolymer,,,,O=C(NC1=CC(C2=NC(C3=CC=CC=C3)=C(C4=CC=CC=C4)N2)=C(OC5=CC(C(C(F)(F)F)(C(F)(F)F)C6=CC(OC7=CC=C(N[Rb])C=C7C8=NC(C9=CC=CC=C9)=C(C%10=CC=CC=C%10)N8)=CC=C6)=CC=C5)C=C1)C%11=CC=CC(C([Fr])=O)=C%11,,,,100,,,,0,,,,,299
10.1007/s00289-012-0892-x,homopolymer,,,,O=C(NC1=CC(C2=NC(C3=CC=CC=C3)=C(C4=CC=CC=C4)N2)=C(OC5=CC(C(C(F)(F)F)(C(F)(F)F)C6=CC(OC7=CC=C(N[Rb])C=C7C8=NC(C9=CC=CC=C9)=C(C%10=CC=CC=C%10)N8)=CC=C6)=CC=C5)C=C1)C%11=CC=CC(C([Fr])=O)=N%11,,,,100,,,,0,,,,,264
10.1007/s00289-012-0892-x,homopolymer,,,,O=C(NC1=CC(C2=NC(C3=CC=CC=C3)=C(C4=CC=CC=C4)N2)=C(OC5=CC(C(C(F)(F)F)(C(F)(F)F)C6=CC(OC7=CC=C(N[Rb])C=C7C8=NC(C9=CC=CC=C9)=C(C%10=CC=CC=C%10)N8)=CC=C6)=CC=C5)C=C1)CCCCCCCCC([Fr])=O,,,,100,,,,0,,,,,204
10.1007/s00289-012-0892-x,homopolymer,,,,O=C(NC1=CC(C2=NC(C3=CC=CC=C3)=C(C4=CC=CC=C4)N2)=C(OC5=CC(C(C6=CC(OC7=CC=C(N[Rb])C=C7C8=NC(C9=CC=CC=C9)=C(C%10=CC=CC=C%10)N8)=CC=C6)=O)=CC=C5)C=C1)C%11=CC=CC(C([Fr])=O)=N%11,,,,100,,,,0,,,,,287
10.1002/pat.5153,homopolymer,,,,O=C1N(C2=CC=C(OC3=CC(P(C4=CC=CC=C4)(C5=CC=CC=C5)=O)=C(OC6=CC=C([Fr])C=C6)C=C3)C=C2)C(C7C1CC(C8CC(C(N([Rb])C9=O)=O)C9CC8)CC7)=O,,,,100,,,,0,,,,,235.7
10.1002/pat.5153,homopolymer,,,,O=C1N(C2=CC=C(OC3=CC=C([Fr])C=C3)C=C2)C(C4C1CC(C(N([Rb])C5=O)=O)C5C4)=O,,,,100,,,,0,,,,,346.8
10.1002/pat.5153,homopolymer,,,,O=C1N(C2=CC=C(OC3=CC=C([Fr])C=C3)C=C2)C(C4C1CC(C5CC(C(N([Rb])C6=O)=O)C6CC5)CC4)=O,,,,100,,,,0,,,,,260.6
https://journals.tubitak.gov.tr/chem/vol30/iss5/12/,homopolymer,,,,O=C(C1=CC=C(C(N(C2=CC=C(OC3=CC=C(N4C(C(C=C(C([Fr])=O)C=C5)=C5C4=O)=O)C=C3)C=C2)C6=O)=O)C6=C1)NC7=CC=C(N[Rb])C=C7,,,,100,,,,0,,,,,21
https://journals.tubitak.gov.tr/chem/vol30/iss5/12/,homopolymer,,,,O=P(C)(C1=CC=CC(NC(C2=CC=C(C(N(C3=CC=C(OC4=CC=C(N5C(C(C=C(C([Fr])=O)C=C6)=C6C5=O)=O)C=C4)C=C3)C7=O)=O)C7=C2)=O)=C1)C8=CC(N[Rb])=CC=C8,,,,100,,,,0,,,,,29
10.1016/j.compositesb.2020.108184,homopolymer,,,,OC(C[Rb])[Fr],,,,100,,,,0,,,,,36.3
10.1007/s10118-015-1557-7,homopolymer,,,,S=C(NC(C1=CC=CC(C(NC(NC2=CC=C(C=C2)[*])=S)=O)=N1)=O)NC3=CC=C(C=C3)N4C(C5=C(C4=O)C=C6C(C(N(C6=O)[*])=O)=C5)=O,,,,100,,,,0,,,,,258
10.1002/pat.1237,homopolymer,,,,[Fr]C(C(NC1=CC=C(/C=C/C(C2=CC=C(C=C(OC)C=C3)C3=C2)=O)C=C1)=O)C[Rb],,,,100,,,,0,,,,,145
10.1002/pat.3692,homopolymer,,,,[Rb]C(C(NC1=CC=C(/C=C/C(C2=C(C=CC=C3)C3=CC4=C2C=CC=C4)=O)C=C1)=O)C[Fr],,,,100,,,,0,,,,,109
10.1002/(SICI)1097-4628(19990404)72:1<109::AID-APP12>3.0.CO;2-Q,copolymer,,PET-co-PEDDP(PA12),,O=C([Fr])C1=CC=C(C(=O)OCCO[Rb])C=C1,O=P(C1=CC=CC=C12)(CC(CC(OCCO[Rb])=O)C([Fr])=O)OC3=C2C=CC=C3,,,92.1,,,,7.9,,,,,77.2
10.1002/(SICI)1097-4628(19990404)72:1<109::AID-APP12>3.0.CO;2-Q,copolymer,,PET-co-PEDDP(PA20),,O=C([Fr])C1=CC=C(C(=O)OCCO[Rb])C=C1,O=P(C1=CC=CC=C12)(CC(CC(OCCO[Rb])=O)C([Fr])=O)OC3=C2C=CC=C3,,,85,,,,15,,,,,77
10.1002/(SICI)1097-4628(19990404)72:1<109::AID-APP12>3.0.CO;2-Q,copolymer,,PET-co-PEDDP(PA30),,O=C([Fr])C1=CC=C(C(=O)OCCO[Rb])C=C1,O=P(C1=CC=CC=C12)(CC(CC(OCCO[Rb])=O)C([Fr])=O)OC3=C2C=CC=C3,,,77.4,,,,22.6,,,,,76.8
10.1016/j.polymdegradstab.2017.09.022,copolymer,,PET-DMTMI0,,O=C([Fr])C1=CC=C(C(=O)OCCO[Rb])C=C1,[Fr]C(C1=CC(C(OCCO[Rb])=O)=CC(N2C(C3C4C=CC(C3C2=O)C4)=O)=C1)=O,,,100,,,,0,,,,,72.5
10.1016/j.polymdegradstab.2017.09.022,copolymer,,PET-DMTMI5,,O=C([Fr])C1=CC=C(C(=O)OCCO[Rb])C=C1,[Fr]C(C1=CC(C(OCCO[Rb])=O)=CC(N2C(C3C4C=CC(C3C2=O)C4)=O)=C1)=O,,,95,,,,5,,,,,83
10.1016/j.polymdegradstab.2017.09.022,copolymer,,PET-DMTMI10,,O=C([Fr])C1=CC=C(C(=O)OCCO[Rb])C=C1,[Fr]C(C1=CC(C(OCCO[Rb])=O)=CC(N2C(C3C4C=CC(C3C2=O)C4)=O)=C1)=O,,,90,,,,10,,,,,89.5
10.1016/j.polymdegradstab.2017.09.022,copolymer,,PET-DMTMI20,,O=C([Fr])C1=CC=C(C(=O)OCCO[Rb])C=C1,[Fr]C(C1=CC(C(OCCO[Rb])=O)=CC(N2C(C3C4C=CC(C3C2=O)C4)=O)=C1)=O,,,80,,,,20,,,,,98.6
10.1002/pola.22636,copolymer,,PPETI1,,O=C([Fr])C1=CC=C(C(=O)OCCO[Rb])C=C1,OCCOC(CCP(C1=CC=CC=C1)([O-])=O)=O.[Na+],,,99,,,,1,,,,,73.5
10.1002/pola.22636,copolymer,,PPETI3,,O=C([Fr])C1=CC=C(C(=O)OCCO[Rb])C=C1,OCCOC(CCP(C1=CC=CC=C1)([O-])=O)=O.[Na+],,,97,,,,3,,,,,73.4
10.1002/pola.22636,copolymer,,PPETI5,,O=C([Fr])C1=CC=C(C(=O)OCCO[Rb])C=C1,OCCOC(CCP(C1=CC=CC=C1)([O-])=O)=O.[Na+],,,95,,,,5,,,,,71.1
10.1002/pola.22636,copolymer,,PPETI10,,O=C([Fr])C1=CC=C(C(=O)OCCO[Rb])C=C1,OCCOC(CCP(C1=CC=CC=C1)([O-])=O)=O.[Na+],,,90,,,,10,,,,,71.4
10.1002/pat.4161,copolymer,,PS,,[Rb]CC([Fr])C1=CC=CC=C1,CC(C(OCCN(CP(OC)(OC)=O)CP(OC)(OC)=O)=O)([Fr])C[Rb],,100,,,,0,,,,,,108
10.1002/pat.4161,copolymer,,A-PS-5,,[Rb]CC([Fr])C1=CC=CC=C1,CC(C(OCCN(CP(OC)(OC)=O)CP(OC)(OC)=O)=O)([Fr])C[Rb],,75,,,,25,,,,,,107
10.1002/pat.4161,copolymer,,A-PS-10,,[Rb]CC([Fr])C1=CC=CC=C1,CC(C(OCCN(CP(OC)(OC)=O)CP(OC)(OC)=O)=O)([Fr])C[Rb],,50,,,,50,,,,,,106
10.1002/pat.4161,copolymer,,A-PS-15,,[Rb]CC([Fr])C1=CC=CC=C1,CC(C(OCCN(CP(OC)(OC)=O)CP(OC)(OC)=O)=O)([Fr])C[Rb],,25,,,,75,,,,,,105
10.1002/pat.4161,copolymer,,A-PS-20,,[Rb]CC([Fr])C1=CC=CC=C1,CC(C(OCCN(CP(OC)(OC)=O)CP(OC)(OC)=O)=O)([Fr])C[Rb],,0,,,,100,,,,,,104
10.1002/(SICI)1097-4628(19960307)59:10<1619::AID-APP14>3.0.CO;2-R,copolymer,,PS-OP-2,,Oc1ccc(C([Fr])C[Rb])cc1,[Fr]C(C[Rb])c1ccc(OP(OCC)(OCC)=O)cc1,,,54,,,,46,,,,,100
10.1002/(SICI)1097-4628(19960307)59:10<1619::AID-APP14>3.0.CO;2-R,copolymer,,PS-OP-3,,Oc1ccc(C([Fr])C[Rb])cc1,[Fr]C(C[Rb])c1ccc(OP(OCC)(OCC)=O)cc1,,,63,,,,37,,,,,112
10.1002/(SICI)1097-4628(19960307)59:10<1619::AID-APP14>3.0.CO;2-R,copolymer,,PS-OP-4,,Oc1ccc(C([Fr])C[Rb])cc1,[Fr]C(C[Rb])c1ccc(OP(OCC)(OCC)=O)cc1,,,77,,,,23,,,,,140
10.1016/j.jhazmat.2020.122040,copolymer,,EKE10PET,,O=C([Fr])C1=CC=C(C(OCCO[Rb])=O)C=C1,O=C(C1=CC=C(OC2=CC=C(OCCOC(C(C=C3)=CC=C3C([Fr])=O)=O)C=C2)C=C1)C4=CC=C(OC5=CC=C(OCCO[Rb])C=C5)C=C4,,,100,,,,10,,,,,84
10.1016/j.jhazmat.2020.122040,copolymer,,EKE20PET,,O=C([Fr])C1=CC=C(C(OCCO[Rb])=O)C=C1,O=C(C1=CC=C(OC2=CC=C(OCCOC(C(C=C3)=CC=C3C([Fr])=O)=O)C=C2)C=C1)C4=CC=C(OC5=CC=C(OCCO[Rb])C=C5)C=C4,,,100,,,,15,,,,,88
10.1016/j.jhazmat.2020.122040,copolymer,,EKE5PET,,O=C([Fr])C1=CC=C(C(OCCO[Rb])=O)C=C1,O=C(C1=CC=C(OC2=CC=C(OCCOC(C(C=C3)=CC=C3C([Fr])=O)=O)C=C2)C=C1)C4=CC=C(OC5=CC=C(OCCO[Rb])C=C5)C=C4,,,100,,,,5,,,,,82
10.1002/pat.4206,copolymer,,FRPA66-2,,[Rb]NCCCCCCNC(CCCCC([Fr])=O)=O,O=C(CC(CP1(OC2=CC=CC=C2C3=CC=CC=C31)=O)C([Fr])=O)NCCCCCCN[Rb],,98,,,,2,,,,,,64.5
10.1007/BF03219026,copolymer,,FR-PBT-10,,O=C(C1=CC=C(C(OCCCCO[Rb])=O)C=C1)[Fr],O=C(CC(CP1(OC2=C(C3=C1C=CC=C3)C=CC=C2)=O)C([Fr])=O)OCCCCO[Rb],,,90,,,,10,,,,,48
10.1007/BF03219026,copolymer,,FR-PBT-15,,O=C(C1=CC=C(C(OCCCCO[Rb])=O)C=C1)[Fr],O=C(CC(CP1(OC2=C(C3=C1C=CC=C3)C=CC=C2)=O)C([Fr])=O)OCCCCO[Rb],,,85,,,,15,,,,,51
10.1007/BF03219026,copolymer,,FR-PBT-5.5,,O=C(C1=CC=C(C(OCCCCO[Rb])=O)C=C1)[Fr],O=C(CC(CP1(OC2=C(C3=C1C=CC=C3)C=CC=C2)=O)C([Fr])=O)OCCCCO[Rb],,,94.5,,,,5.5,,,,,42
10.1007/BF03219026,copolymer,,FR-PBT-8,,O=C(C1=CC=C(C(OCCCCO[Rb])=O)C=C1)[Fr],O=C(CC(CP1(OC2=C(C3=C1C=CC=C3)C=CC=C2)=O)C([Fr])=O)OCCCCO[Rb],,,92,,,,8,,,,,43
10.1016/j.eurpolymj.2022.111174,copolymer,,MH-PPOA15-co-PET,,O=C([Fr])C1=CC=C(C(OCCO[Rb])=O)C=C1,O=P(O[Mg]OP([Fr])(C1=CC=CC=C1)=O)(C2=CC=CC=C2)O[Rb],,100,,,,15,,,,,,78
10.1016/j.eurpolymj.2022.111174,copolymer,,MH-PPOA20-co-PET,,O=C([Fr])C1=CC=C(C(OCCO[Rb])=O)C=C1,O=P(O[Mg]OP([Fr])(C1=CC=CC=C1)=O)(C2=CC=CC=C2)O[Rb],,100,,,,20,,,,,,78
10.1016/j.eurpolymj.2022.111174,copolymer,,MH-PPOA5-co-PET,,O=C([Fr])C1=CC=C(C(OCCO[Rb])=O)C=C1,O=P(O[Mg]OP([Fr])(C1=CC=CC=C1)=O)(C2=CC=CC=C2)O[Rb],,100,,,,5,,,,,,73
10.1016/j.eurpolymj.2022.111174,copolymer,,MH-PPOA9-co-PET,,O=C([Fr])C1=CC=C(C(OCCO[Rb])=O)C=C1,O=P(O[Mg]OP([Fr])(C1=CC=CC=C1)=O)(C2=CC=CC=C2)O[Rb],,100,,,,9,,,,,,76
10.1016/j.eurpolymj.2020.110230,copolymer,,NBA10PET,,O=C([Fr])C1=CC=C(C=C1)C(OCCO[Rb])=O,O=C(C1=CC(C([Fr])=O)=CC(/N=C/C2=CC=C(C=C2)[N+]([O-])=O)=C1)OCCO[Rb],,,100,,,,7.9,,,,,85
10.1016/j.eurpolymj.2020.110230,copolymer,,NBA15PET,,O=C([Fr])C1=CC=C(C=C1)C(OCCO[Rb])=O,O=C(C1=CC(C([Fr])=O)=CC(/N=C/C2=CC=C(C=C2)[N+]([O-])=O)=C1)OCCO[Rb],,,100,,,,11.8,,,,,88
10.1016/j.eurpolymj.2020.110230,copolymer,,NBA5PET,,O=C([Fr])C1=CC=C(C=C1)C(OCCO[Rb])=O,O=C(C1=CC(C([Fr])=O)=CC(/N=C/C2=CC=C(C=C2)[N+]([O-])=O)=C1)OCCO[Rb],,,100,,,,3.6,,,,,80
10.1016/j.cclet.2022.06.038,copolymer,,N-BPA,,O=C([Fr])C1=CC=C(O[Rb])C=C1,CC(C1=CC=C(C=C1)OC(C2=CC=C(C=C2)C([Fr])=O)=O)(C3=CC=C(C=C3)O[Rb])C,,,60,,,,20,,,,,195
10.1016/j.polymdegradstab.2010.01.031,copolymer,,CP5,,[Fr]C(C1=CC=CC=C1)C[Rb],O=C(OCCOP(OC1=CC=CC=C1)(N(CC)CC)=O)C([Fr])C[Rb],,95,,,,5,,,,,,102
10.1016/j.polymdegradstab.2010.01.031,copolymer,,CP10,,[Fr]C(C1=CC=CC=C1)C[Rb],O=C(OCCOP(OC1=CC=CC=C1)(N(CC)CC)=O)C([Fr])C[Rb],,90,,,,10,,,,,,97
10.1016/j.polymdegradstab.2010.01.031,copolymer,,CP15,,[Fr]C(C1=CC=CC=C1)C[Rb],O=C(OCCOP(OC1=CC=CC=C1)(N(CC)CC)=O)C([Fr])C[Rb],,85,,,,15,,,,,,93
10.1016/j.polymdegradstab.2010.01.031,copolymer,,CP20,,[Fr]C(C1=CC=CC=C1)C[Rb],O=C(OCCOP(OC1=CC=CC=C1)(N(CC)CC)=O)C([Fr])C[Rb],,80,,,,20,,,,,,89
10.1016/j.cej.2023.144983,copolymer,,PA 6-co-DPA1c,,[Rb]NCCCCCC([Fr])=O,[Rb]C(CCCCCNC(C1=CC(NP(C2=CC=CC=C2)(C3=CC=CC=C3)=O)=CC(C([Fr])=O)=C1)=O)=O,,,100,,,,1,,,,,57.9
10.1016/j.cej.2023.144983,copolymer,,PA 6-co-DPA2b,,[Rb]NCCCCCC([Fr])=O,[Rb]C(CCCCCNC(C1=CC(NP(C2=CC=CC=C2)(C3=CC=CC=C3)=O)=CC(C([Fr])=O)=C1)=O)=O,,,100,,,,2,,,,,56.6
10.1016/j.cej.2023.144983,copolymer,,PA 6-co-DPA3,,[Fr]C(CCCCCN[Rb])=O,[Fr]C(C1=CC(NP(C2=CC=CC=C2)(C3=CC=CC=C3)=O)=CC(C(NCCCCCCN[Rb])=O)=C1)=O,,,100,,,,3,,,,,65.2
10.1016/j.cej.2023.144983,copolymer,,PA 6-co-DPA3b,,[Rb]NCCCCCC([Fr])=O,[Rb]C(CCCCCNC(C1=CC(NP(C2=CC=CC=C2)(C3=CC=CC=C3)=O)=CC(C([Fr])=O)=C1)=O)=O,,,100,,,,3,,,,,60.4
10.1016/j.polymer.2024.126780,copolymer,,PA 6-co-HPI10,,[Fr]C(CCCCCN[Rb])=O,[Fr]C(C1=CC2=C(C(N(C3=CC=C(C(NCCCCCCN[Rb])=O)C=C3O)C2=O)=O)C=C1)=O,,,100,,,,10,,,,,63.6
10.1016/j.polymer.2024.126780,copolymer,,PA 6-co-HPI20,,[Fr]C(CCCCCN[Rb])=O,[Fr]C(C1=CC2=C(C(N(C3=CC=C(C(NCCCCCCN[Rb])=O)C=C3O)C2=O)=O)C=C1)=O,,,100,,,,20,,,,,65.2
10.1016/j.polymdegradstab.2020.109310,copolymer,,PENT15/0,,O=C([Fr])C1=CC=C(C(=O)OCCO[Rb])C=C1,O=C(OCCO[Rb])CCP([Fr])(C1=CC=CC=C1)=O,,85,,,,15,,,,,,53.6
10.1007/s10904-022-02495-7,copolymer,,PNP5,,[Rb]CC([Fr])C1=CC=CC=C1,CC(C(OCCOP(OC1=CC=CC=C1)(N2CCN(CC2)C3=CC=CC=C3)=O)=O)([Fr])C[Rb],,,95,,,,5,,,,,106
10.1007/s10904-022-02495-7,copolymer,,PNP10,,[Rb]CC([Fr])C1=CC=CC=C1,CC(C(OCCOP(OC1=CC=CC=C1)(N2CCN(CC2)C3=CC=CC=C3)=O)=O)([Fr])C[Rb],,,90,,,,10,,,,,61.9
10.1007/s10904-022-02495-7,copolymer,,PNP15,,[Rb]CC([Fr])C1=CC=CC=C1,CC(C(OCCOP(OC1=CC=CC=C1)(N2CCN(CC2)C3=CC=CC=C3)=O)=O)([Fr])C[Rb],,,85,,,,15,,,,,106
10.1007/s10904-022-02495-7,copolymer,,PNP20,,[Rb]CC([Fr])C1=CC=CC=C1,CC(C(OCCOP(OC1=CC=CC=C1)(N2CCN(CC2)C3=CC=CC=C3)=O)=O)([Fr])C[Rb],,,80,,,,20,,,,,107
10.1016/j.polymer.2024.126780,copolymer,,PA6,,[Fr]C(CCCCCN[Rb])=O,[Fr]C(CCCCCNC(C1=CC=C(C(O)=C1)N2C(C3=CC=C(C=C3C2=O)C([Rb])=O)=O)=O)=O,,,100,,,,0,,,,,59.8
10.1002/app.48687,copolymer,,PA66-co-CEPPA,,[Rb]NCCCCCCNC(CCCCC([Fr])=O)=O,O=P([Fr])(C1=CC=CC=C1)CCC([Rb])=O,,96,,,,4,,,,,,58.9
10.1002/app.43538,copolymer,,PA66-NENP1,,O=C(CCCCC([Fr])=O)NCCCCCCN[Rb],[H]N(C(CCP(N(C1=CC=C(C=C1)C([Fr])=O)[H])(C2=CC=CC=C2)=O)=O)C(C=C3)=CC=C3C(NCCCCCCN[Rb])=O,,99,,,,1,,,,,,227
10.1002/app.43538,copolymer,,PA66-NENP3,,O=C(CCCCC([Fr])=O)NCCCCCCN[Rb],[H]N(C(CCP(N(C1=CC=C(C=C1)C([Fr])=O)[H])(C2=CC=CC=C2)=O)=O)C(C=C3)=CC=C3C(NCCCCCCN[Rb])=O,,97,,,,3,,,,,,222.23
10.1002/app.43538,copolymer,,PA66-NENP5,,O=C(CCCCC([Fr])=O)NCCCCCCN[Rb],[H]N(C(CCP(N(C1=CC=C(C=C1)C([Fr])=O)[H])(C2=CC=CC=C2)=O)=O)C(C=C3)=CC=C3C(NCCCCCCN[Rb])=O,,95,,,,5,,,,,,219.61
10.1002/fam.2385,copolymer,,PA66-PDPPD1,,O=C(CCCCC([Fr])=O)NCCCCCCN[Rb],O=C(NC1=CC=C(NP(NC2=CC=C(P(NC3=CC=C(P(NC4=CC=C(P(NC5=CC=C(P(NC6=CC=C(N[Rb])C=C6)(C7=CC=CC=C7)=O)C=C5)(C8=CC=CC=C8)=O)C=C4)(C9=CC=CC=C9)=O)C=C3)(C%10=CC=CC=C%10)=O)C=C2)(C%11=CC=CC=C%11)=O)C=C1)CCCCC([Fr])=O,,98.5,,,,1.5,,,,,,216
10.1002/fam.2385,copolymer,,PA66-PDPPD2,,O=C(CCCCC([Fr])=O)NCCCCCCN[Rb],O=C(NC1=CC=C(NP(NC2=CC=C(P(NC3=CC=C(P(NC4=CC=C(P(NC5=CC=C(P(NC6=CC=C(N[Rb])C=C6)(C7=CC=CC=C7)=O)C=C5)(C8=CC=CC=C8)=O)C=C4)(C9=CC=CC=C9)=O)C=C3)(C%10=CC=CC=C%10)=O)C=C2)(C%11=CC=CC=C%11)=O)C=C1)CCCCC([Fr])=O,,97,,,,3,,,,,,196
10.1002/fam.2385,copolymer,,PA66-PDPPD3,,O=C(CCCCC([Fr])=O)NCCCCCCN[Rb],O=C(NC1=CC=C(NP(NC2=CC=C(P(NC3=CC=C(P(NC4=CC=C(P(NC5=CC=C(P(NC6=CC=C(N[Rb])C=C6)(C7=CC=CC=C7)=O)C=C5)(C8=CC=CC=C8)=O)C=C4)(C9=CC=CC=C9)=O)C=C3)(C%10=CC=CC=C%10)=O)C=C2)(C%11=CC=CC=C%11)=O)C=C1)CCCCC([Fr])=O,,95.5,,,,4.5,,,,,,190
10.1039/c7ra13228j,copolymer,,PA6-co-DDP2,,[Fr]C(CCCCCN[Rb])=O,O=C(NCCCCCCCCCCN[Rb])CC(C([Fr])=O)CP1(OC2=CC=CC=C2C3=CC=CC=C31)=O,,98,,,,2,,,,,,65.2
10.1016/j.cclet.2022.06.038,copolymer,,B-BPA,,O=C([Fr])C1=CC=C(O[Rb])C=C1,CC(C1=CC=C(C=C1)OC(C2=CC=C(C=C2)C([Fr])=O)=O)(C3=CC=C(C=C3)O[Rb])C,,,60,,,,20,,,,,216
10.1016/j.polymdegradstab.2019.03.004,copolymer,,PA6-co-DPO,,[Fr]C(CCCCCN[Rb])=O,[H]N(C(CC(C([Fr])=O)CP(C1=CC=CC=C1)(C2=CC=CC=C2)=O)=O)CCCCCCCCCCN[Rb],,95,,,,5,,,,,,38.1
10.1039/c2jm34376b,copolymer,,Poly(ethylene terephthalate) (PET),,O=C([Fr])C1=CC=C(C(=O)OCCO[Rb])C=C1,O=C(C1=CC=C(C#CC2=CC=CC=C2)C=C1C(OCCO[Rb])=O)[Fr],,,95,,,,5,,,,,77.5
10.1016/j.polymdegradstab.2019.03.004,copolymer,,PA6-co-DPO,,[Fr]C(CCCCCN[Rb])=O,[H]N(C(CC(C([Fr])=O)CP(C1=CC=CC=C1)(C2=CC=CC=C2)=O)=O)CCCCCCCCCCN[Rb],,96,,,,4,,,,,,42.2
10.1016/j.polymdegradstab.2019.03.004,copolymer,,PA6-co-DPO,,[Fr]C(CCCCCN[Rb])=O,[H]N(C(CC(C([Fr])=O)CP(C1=CC=CC=C1)(C2=CC=CC=C2)=O)=O)CCCCCCCCCCN[Rb],,97,,,,3,,,,,,44.2
10.1016/j.polymdegradstab.2019.03.004,copolymer,,PA6-co-DPO,,[Fr]C(CCCCCN[Rb])=O,[H]N(C(CC(C([Fr])=O)CP(C1=CC=CC=C1)(C2=CC=CC=C2)=O)=O)CCCCCCCCCCN[Rb],,98,,,,2,,,,,,48.7
10.1016/j.polymer.2024.126780,copolymer,,PA6-co-HPI15,,[Fr]C(CCCCCN[Rb])=O,[Fr]C(CCCCCNC(C1=CC=C(C(O)=C1)N2C(C3=CC=C(C=C3C2=O)C([Rb])=O)=O)=O)=O,,,100,,,,10.5,,,,,63.6
10.1016/j.polymer.2024.126780,copolymer,,PA6-co-HPI20,,[Fr]C(CCCCCN[Rb])=O,[Fr]C(CCCCCNC(C1=CC=C(C(O)=C1)N2C(C3=CC=C(C=C3C2=O)C([Rb])=O)=O)=O)=O,,,100,,,,20.9,,,,,65.2
10.1039/C3PY01030A,copolymer,,PETI3,,O=C([Fr])C1=CC=C(C(=O)OCCO[Rb])C=C1,O=P1([O-])C2=CC(C([Fr])=O)=CC=C2CC3=CC=C(C(OCCO[Rb])=O)C=C13.[Na+],,,100,,,,2.91,,,,,69
10.1002/pi.1946,copolymer,,PAN-co-DEpVBnP4,,N#CC([Fr])C[Rb],O=P(OCC)(OCC)CC(C=C1)=CC=C1C([Fr])C[Rb],,,93.9,,,,6.1,,,,,64.5
10.1002/pi.1946,copolymer,,PAN-co-DiPrpVBnP4,,N#CC([Fr])C[Rb],O=P(OC(C)C)(OC(C)C)CC(C=C1)=CC=C1C([Fr])C[Rb],,,92.8,,,,7.2,,,,,53.5
10.1002/pi.1946,copolymer,,PAN-co-DnBupVBnP2,,N#CC([Fr])C[Rb],O=P(OCCCC)(OCCCC)CC(C=C1)=CC=C1C([Fr])C[Rb],,,80.2,,,,19.8,,,,,60.4
10.1002/(SICI)1097-4628(19990404)72:1<109::AID-APP12>3.0.CO;2-Q,copolymer,,PET12,,O=C([Fr])C1=CC=C(C(=O)OCCO[Rb])C=C1,O=C(OCCO[Rb])CC(C([Fr])=O)CP1(OC2=C(C3=C1C=CC=C3)C=CC=C2)=O,,85.6,,,,14.4,,,,,,77.2
10.1002/(SICI)1097-4628(19990404)72:1<109::AID-APP12>3.0.CO;2-Q,copolymer,,PET20,,O=C([Fr])C1=CC=C(C(=O)OCCO[Rb])C=C1,O=C(OCCO[Rb])CC(C([Fr])=O)CP1(OC2=C(C3=C1C=CC=C3)C=CC=C2)=O,,76,,,,24,,,,,,77
10.1002/(SICI)1097-4628(19990404)72:1<109::AID-APP12>3.0.CO;2-Q,copolymer,,PET30,,O=C([Fr])C1=CC=C(C(=O)OCCO[Rb])C=C1,O=C(OCCO[Rb])CC(C([Fr])=O)CP1(OC2=C(C3=C1C=CC=C3)C=CC=C2)=O,,63.9,,,,36.1,,,,,,76.8
10.1016/S0141-3910(00)00050-1,copolymer,,FR-PET-P,,O=C([Fr])C1=CC=C(C(=O)OCCO[Rb])C=C1,O=C([Fr])C1=CC=C(P(=O)(C2=CC=CC=C2)C2=CC=C(C(=O)OCCO[Rb])C=C2)C=C1,,95,,,,5,,,,,,31.6
10.1016/j.polymdegradstab.2020.109310,copolymer,,PBT-HPPA,,O=C([Fr])C1=CC=C(C(=O)OCCCCO[Rb])C=C1,O=C(CCP(O[Rb])(C1=CC=CC=C1)=O)[Fr],,,97,,,,3,,,,,65.1
10.1039/C3PY01030A,copolymer,,PETI1,,O=C([Fr])C1=CC=C(C(=O)OCCO[Rb])C=C1,O=P1([O-])C2=CC(C([Fr])=O)=CC=C2CC3=CC=C(C(OCCO[Rb])=O)C=C13.[Na+],,,100,,,,0.99,,,,,75
10.1039/C3PY01030A,copolymer,,PETI5,,O=C([Fr])C1=CC=C(C(=O)OCCO[Rb])C=C1,O=P1([O-])C2=CC(C([Fr])=O)=CC=C2CC3=CC=C(C(OCCO[Rb])=O)C=C13.[Na+],,,100,,,,4.76,,,,,68
10.1039/C3PY01030A,copolymer,,PETI10,,O=C([Fr])C1=CC=C(C(=O)OCCO[Rb])C=C1,O=P1([O-])C2=CC(C([Fr])=O)=CC=C2CC3=CC=C(C(OCCO[Rb])=O)C=C13.[Na+],,,100,,,,9.09,,,,,69
10.1007/s10965-006-0082-3,copolymer,,PC-co-ODOPB1,,CC(C1=CC=C(OC([Fr])=O)C=C1)(C2=CC=C(O[Rb])C=C2)C,O=P1(C2=C(C3=C(O1)C=CC=C3)C=CC=C2)C(C=C4O[Rb])=C(C=C4)OC([Fr])=O,,97.7,,,,2.3,,,,,,144
10.1007/s10965-006-0082-3,copolymer,,PC-co-ODOPB2,,CC(C1=CC=C(OC([Fr])=O)C=C1)(C2=CC=C(O[Rb])C=C2)C,O=P1(C2=C(C3=C(O1)C=CC=C3)C=CC=C2)C(C=C4O[Rb])=C(C=C4)OC([Fr])=O,,96.6,,,,3.4,,,,,,141
10.1007/s10965-006-0082-3,copolymer,,PC-co-ODOPB3,,CC(C1=CC=C(OC([Fr])=O)C=C1)(C2=CC=C(O[Rb])C=C2)C,O=P1(C2=C(C3=C(O1)C=CC=C3)C=CC=C2)C(C=C4O[Rb])=C(C=C4)OC([Fr])=O,,95.4,,,,4.6,,,,,,138
10.1016/j.polymdegradstab.2014.06.003,copolymer,,PCTD10,,[Fr]C(c1ccc(C(OCC(CC2)CCC2CO[Rb])=O)cc1)=O,O=C([Fr])c1ccc(C(OCCOc2cc(P3(Oc4c(c5ccccc53)cccc4)=O)c(OCCO[Rb])cc2)=O)cc1,,,90,,,,10,,,,,106.8
10.1016/j.polymdegradstab.2014.06.003,copolymer,,PCTD20,,[Fr]C(c1ccc(C(OCC(CC2)CCC2CO[Rb])=O)cc1)=O,O=C([Fr])c1ccc(C(OCCOc2cc(P3(Oc4c(c5ccccc53)cccc4)=O)c(OCCO[Rb])cc2)=O)cc1,,,80,,,,20,,,,,111.3
10.1016/j.polymdegradstab.2014.06.003,copolymer,,PCTD5,,[Fr]C(c1ccc(C(OCC(CC2)CCC2CO[Rb])=O)cc1)=O,O=C([Fr])c1ccc(C(OCCOc2cc(P3(Oc4c(c5ccccc53)cccc4)=O)c(OCCO[Rb])cc2)=O)cc1,,,95,,,,5,,,,,97.2
10.1016/j.polymdegradstab.2020.109310,copolymer,,PENT0/10,,O=C([Fr])C1=CC=C(C(=O)OCCO[Rb])C=C1,CC(CO[Rb])(COC(C1=CC=C(C=C1)C([Fr])=O)=O)C,,90,,,,10,,,,,,74.4
10.1016/j.polymdegradstab.2020.109310,copolymer,,PENT5/0,,O=C([Fr])C1=CC=C(C(=O)OCCO[Rb])C=C1,O=C(OCCO[Rb])CCP([Fr])(C1=CC=CC=C1)=O,,95,,,,5,,,,,,67.6
10.1016/j.polymdegradstab.2020.109310,copolymer,,PENT5/5,,O=C([Fr])C1=CC=C(C(=O)OCCO[Rb])C=C1,CC(CO[Rb])(COC(CCP([Fr])(C1=CC=CC=C1)=O)=O)C,,95,,,,5,,,,,,67.9
10.1016/j.eurpolymj.2020.110230,copolymer,,PET,,O=C([Fr])C1=CC=C(C=C1)C(OCCO[Rb])=O,O=C(C1=CC(C([Fr])=O)=CC(/N=C/C2=CC=C(C=C2)[N+]([O-])=O)=C1)OCCO[Rb],,,100,,,,0,,,,,78
10.1007/s00289-016-1652-0,copolymer,,IA,,OCC1=CC=C(C=C1)C2(CCCCC2)C3=CC=C(C=C3)CO,O=C(CCC(Cl)=O)Cl,,,50,,,,50,,,,,114.4
10.1007/s00289-016-1652-0,copolymer,,IIA,,CC(CC1)CCC1(C2=CC=C(C=C2)CO)C(C=C3)=CC=C3CO,O=C(CCCCCCC(Cl)=O)Cl,,,50,,,,50,,,,,102.34
10.1007/s00289-016-1652-0,copolymer,,IIB,,CC(CC1)CCC1(C2=CC=C(C=C2)CO)C(C=C3)=CC=C3CO,O=C(CCCCCCC(Cl)=O)Cl,,,50,,,,50,,,,,158.2
10.1007/s00289-016-1652-0,copolymer,,IIC,,CC(CC1)CCC1(C2=CC=C(C=C2)CO)C(C=C3)=CC=C3CO,O=C(CCCCCCC(Cl)=O)Cl,,,50,,,,50,,,,,154.32
10.1007/s00289-016-1652-0,copolymer,,IIIA,,OCCCCOC1=CC=C(C=C1)C2(CCCCC2)C3=CC=C(C=C3)OCCCCO,ClC(C1=CC=C(C=C1)C(Cl)=O)=O,,,50,,,,50,,,,,62.17
10.1007/s00289-016-1652-0,copolymer,,IIIB,,OCCCCOC1=CC=C(C=C1)C2(CCCCC2)C3=CC=C(C=C3)OCCCCO,ClC(C1=CC=C(C=C1)C(Cl)=O)=O,,,50,,,,50,,,,,138.2
10.1016/j.polymdegradstab.2022.110212,copolymer,,PA56,,[Rb]NCCCCCNC(CCCCC([Fr])=O)=O,O=C(C(CP1(OC2=CC=CC=C2C3=CC=CC=C31)=O)CC([Fr])=O)NCCCCCN[Rb],,100,,,,0,,,,,,58.3
10.1016/j.polymdegradstab.2022.110212,copolymer,,PA56-2,,[Rb]NCCCCCNC(CCCCC([Fr])=O)=O,O=C(C(CP1(OC2=CC=CC=C2C3=CC=CC=C31)=O)CC([Fr])=O)NCCCCCN[Rb],,98,,,,2,,,,,,58.9
10.1016/j.polymdegradstab.2022.110212,copolymer,,PA56-4,,[Rb]NCCCCCNC(CCCCC([Fr])=O)=O,O=C(C(CP1(OC2=CC=CC=C2C3=CC=CC=C31)=O)CC([Fr])=O)NCCCCCN[Rb],,96,,,,4,,,,,,58.9
10.1016/j.polymdegradstab.2022.110212,copolymer,,PA56-6,,[Rb]NCCCCCNC(CCCCC([Fr])=O)=O,O=C(C(CP1(OC2=CC=CC=C2C3=CC=CC=C31)=O)CC([Fr])=O)NCCCCCN[Rb],,94,,,,6,,,,,,66.3
10.1016/j.polymdegradstab.2022.110212,copolymer,,PA56-8,,[Rb]NCCCCCNC(CCCCC([Fr])=O)=O,O=C(C(CP1(OC2=CC=CC=C2C3=CC=CC=C31)=O)CC([Fr])=O)NCCCCCN[Rb],,92,,,,8,,,,,,69.4
10.1021/ie1006917,copolymer,,PTT,,O=C([Fr])C1=CC=C(C(OCCCO[Rb])=O)C=C1,[Fr]OC(C(CP1(OC2=C(C3=C1C=CC=C3)C=CC=C2)=O)CC(OCCCO[Rb])=O)=O,,100,,,,0,,,,,,39.15
10.1021/ie1006917,copolymer,,PTTP3,,O=C([Fr])C1=CC=C(C(OCCCO[Rb])=O)C=C1,[Fr]OC(C(CP1(OC2=C(C3=C1C=CC=C3)C=CC=C2)=O)CC(OCCCO[Rb])=O)=O,,97,,,,3,,,,,,39.89
10.1021/ie1006917,copolymer,,PTTP5,,O=C([Fr])C1=CC=C(C(OCCCO[Rb])=O)C=C1,[Fr]OC(C(CP1(OC2=C(C3=C1C=CC=C3)C=CC=C2)=O)CC(OCCCO[Rb])=O)=O,,95,,,,5,,,,,,41.94
10.1021/ie1006917,copolymer,,PTTP8,,O=C([Fr])C1=CC=C(C(OCCCO[Rb])=O)C=C1,[Fr]OC(C(CP1(OC2=C(C3=C1C=CC=C3)C=CC=C2)=O)CC(OCCCO[Rb])=O)=O,,92,,,,8,,,,,,42.23
10.1021/ie1006917,copolymer,,PTTP10,,O=C([Fr])C1=CC=C(C(OCCCO[Rb])=O)C=C1,[Fr]OC(C(CP1(OC2=C(C3=C1C=CC=C3)C=CC=C2)=O)CC(OCCCO[Rb])=O)=O,,90,,,,10,,,,,,46.78
10.1016/S0141-3910(01)00184-7,copolymer,,PMMA/DEMMP10,,CC(C(OC)=O)([Fr])C[Rb],CC(C(OCP(OCC)(OCC)=O)=O)([Fr])C[Rb],,,90,,,,10,,,,,117
10.1016/j.polymdegradstab.2018.05.010,copolymer,,PHF,,O=C([Fr])CCP(OCCCCCCO[Rb])(C1=CC=CC=C1)=O,O=C([Fr])C1=CC=C(O1)C(OCCCCCCO[Rb])=O,,,100,,,,0,,,,,14
10.1016/j.polymdegradstab.2018.05.010,copolymer,,PHFC10,,O=C([Fr])CCP(OCCCCCCO[Rb])(C1=CC=CC=C1)=O,O=C([Fr])C1=CC=C(O1)C(OCCCCCCO[Rb])=O,,,100,,,,10,,,,,4.9
10.1016/j.polymdegradstab.2018.05.010,copolymer,,PHFC2.5,,O=C([Fr])CCP(OCCCCCCO[Rb])(C1=CC=CC=C1)=O,O=C([Fr])C1=CC=C(O1)C(OCCCCCCO[Rb])=O,,,100,,,,2.5,,,,,8.6
10.1016/j.polymdegradstab.2018.05.010,copolymer,,PHFC5,,O=C([Fr])CCP(OCCCCCCO[Rb])(C1=CC=CC=C1)=O,O=C([Fr])C1=CC=C(O1)C(OCCCCCCO[Rb])=O,,,100,,,,5,,,,,7.8
10.1016/j.polymdegradstab.2018.05.010,copolymer,,PHFC7.5,,O=C([Fr])CCP(OCCCCCCO[Rb])(C1=CC=CC=C1)=O,O=C([Fr])C1=CC=C(O1)C(OCCCCCCO[Rb])=O,,,100,,,,7.5,,,,,61.9
10.1002/pat.4784,copolymer,,PMMA,,CC(C(OC)=O)([Fr])C[Rb],O=C(OC(C1=CC=C(C=C1)OP(OC2=CC=CC=C2)(OC3=CC=CC=C3)=O)C4=CC=C(C=C4)OP(OC5=CC=CC=C5)(OC6=CC=CC=C6)=O)C([Fr])C[Rb],,100,,,,0,,,,,,102.4
10.1016/j.polymdegradstab.2006.04.032,copolymer,,PMMA10,,CC(C(OC)=O)([Fr])C[Rb],CC(C(OCCOP(O)(OC1=CC=CC=C1)=O)=O)([Fr])C[Rb],,90,,,,10,,,,,,103
10.1016/j.polymdegradstab.2006.04.032,copolymer,,PMMA15,,CC(C(OC)=O)([Fr])C[Rb],CC(C(OCCOP(O)(OC1=CC=CC=C1)=O)=O)([Fr])C[Rb],,85,,,,15,,,,,,101
10.1016/j.polymdegradstab.2006.04.032,copolymer,,PMMA20,,CC(C(OC)=O)([Fr])C[Rb],CC(C(OCCOP(O)(OC1=CC=CC=C1)=O)=O)([Fr])C[Rb],,80,,,,20,,,,,,98
10.1016/j.polymdegradstab.2006.04.032,copolymer,,PMMA5,,CC(C(OC)=O)([Fr])C[Rb],CC(C(OCCOP(O)(OC1=CC=CC=C1)=O)=O)([Fr])C[Rb],,95,,,,5,,,,,,105
10.1002/pat.4784,copolymer,,PMMA-co-BDPA-10,,CC(C(OC)=O)([Fr])C[Rb],O=C(OC(C1=CC=C(C=C1)OP(OC2=CC=CC=C2)(OC3=CC=CC=C3)=O)C4=CC=C(C=C4)OP(OC5=CC=CC=C5)(OC6=CC=CC=C6)=O)C([Fr])C[Rb],,90,,,,10,,,,,,115.2
10.1002/pat.4784,copolymer,,PMMA-co-BDPA-15,,CC(C(OC)=O)([Fr])C[Rb],O=C(OC(C1=CC=C(C=C1)OP(OC2=CC=CC=C2)(OC3=CC=CC=C3)=O)C4=CC=C(C=C4)OP(OC5=CC=CC=C5)(OC6=CC=CC=C6)=O)C([Fr])C[Rb],,85,,,,15,,,,,,116.4
10.1002/pat.4784,copolymer,,PMMA-co-BDPA-5,,CC(C(OC)=O)([Fr])C[Rb],O=C(OC(C1=CC=C(C=C1)OP(OC2=CC=CC=C2)(OC3=CC=CC=C3)=O)C4=CC=C(C=C4)OP(OC5=CC=CC=C5)(OC6=CC=CC=C6)=O)C([Fr])C[Rb],,95,,,,5,,,,,,104.6
10.1002/(SICI)1097-4628(19990404)72:1%3C109::AID-APP12%3E3.0.CO;2-Q,copolymer,,PA07,,O=C(O[Fr])C1=CC=C(C(OCCO[Rb])=O)C=C1,O=C([Fr])C(CP1(OC2=CC=CC=C2C3=CC=CC=C31)=O)CC(OCCO[Rb])=O,,99.3,,,,0.7,,,,,,77.2
10.1002/(SICI)1097-4628(19990404)72:1%3C109::AID-APP12%3E3.0.CO;2-Q,copolymer,,PA12,,O=C(O[Fr])C1=CC=C(C(OCCO[Rb])=O)C=C1,O=C([Fr])C(CP1(OC2=CC=CC=C2C3=CC=CC=C31)=O)CC(OCCO[Rb])=O,,98.8,,,,1.2,,,,,,77.2
10.1002/(SICI)1097-4628(19990404)72:1%3C109::AID-APP12%3E3.0.CO;2-Q,copolymer,,PA20,,O=C(O[Fr])C1=CC=C(C(OCCO[Rb])=O)C=C1,O=C([Fr])C(CP1(OC2=CC=CC=C2C3=CC=CC=C31)=O)CC(OCCO[Rb])=O,,98,,,,2,,,,,,77
10.1002/(SICI)1097-4628(19990404)72:1%3C109::AID-APP12%3E3.0.CO;2-Q,copolymer,,PA30,,O=C(O[Fr])C1=CC=C(C(OCCO[Rb])=O)C=C1,O=C([Fr])C(CP1(OC2=CC=CC=C2C3=CC=CC=C31)=O)CC(OCCO[Rb])=O,,97,,,,3,,,,,,76.8
10.1016/S0141-3910(01)00184-7,composite,PMMA,PMMA+DEEP,,CC(C(OC)=O)([Fr])C[Rb],,PMMA,81.3,,,,,,DEEP,CCOP(CC)(OCC)=O,18.7,,70
