DOI,type,polymer_family,PolymerName,co_smiles,smiles1,smiles2,co_content1,wt1,mol1,co_smiles1,co_content2,wt2,mol2,mix_content1,mix_smiles1,mix_wt1,mix_mol1,mix_content2,mix_smiles2,mix_wt2,mix_mol2,mix_content3,mix_smiles3,mix_wt3,mix_mol3,mix_content4,mix_smiles4,mix_wt4,mix_mol4,UL-94
10.1002/pat.4784,copolymer,,PMMA-co-BDPA-5,O=C(OC(C1=CC=C(C=C1)OP(OC2=CC=CC=C2)(OC3=CC=CC=C3)=O)C4=CC=C(C=C4)OP(OC5=CC=CC=C5)(OC6=CC=CC=C6)=O)C(CC(C(OC)=O)([Fr])C)C[Rb],CC(C(OC)=O)([Fr])C[Rb],O=C(OC(C1=CC=C(C=C1)OP(OC2=CC=CC=C2)(OC3=CC=CC=C3)=O)C4=CC=C(C=C4)OP(OC5=CC=CC=C5)(OC6=CC=CC=C6)=O)C([Fr])C[Rb],PMMA,95,,CC(C(OC)=O)=C,bis(4-((diphenoxyphosphoryl)oxy)phenyl)methyl acrylate(BDPA),5,,,,,,,,,,,,,,,,,,non-V-0
10.1016/j.reactfunctpolym.2020.104631,copolymer,,PMMA,CCOP(COP(OCCOC(C(CC(C[Rb])(C(OC)=O)C)[Fr])=O)(C1=CC=CC=C1)=O)(OCC)=O,CC(C(OC)=O)([Fr])C[Rb],O=C(OCCOP(OCP(OCC)(OCC)=O)(C1=CC=CC=C1)=O)C([Fr])C[Rb],PMMA,,100,,HPD,,0,,,,,,,,,,,,,,,,,non-V-0
10.1016/j.reactfunctpolym.2020.104631,copolymer,,MMA/HPD-5,CCOP(COP(OCCOC(C(CC(C[Rb])(C(OC)=O)C)[Fr])=O)(C1=CC=CC=C1)=O)(OCC)=O,CC(C(OC)=O)([Fr])C[Rb],O=C(OCCOP(OCP(OCC)(OCC)=O)(C1=CC=CC=C1)=O)C([Fr])C[Rb],PMMA,,95,,HPD,,5,,,,,,,,,,,,,,,,,non-V-0
10.1016/j.reactfunctpolym.2020.104631,copolymer,,MMA/HPD-10,CCOP(COP(OCCOC(C(CC(C[Rb])(C(OC)=O)C)[Fr])=O)(C1=CC=CC=C1)=O)(OCC)=O,CC(C(OC)=O)([Fr])C[Rb],O=C(OCCOP(OCP(OCC)(OCC)=O)(C1=CC=CC=C1)=O)C([Fr])C[Rb],PMMA,,90,,HPD,,10,,,,,,,,,,,,,,,,,non-V-0
10.1021/acsomega.3c06235,copolymer,,PS148-Br,O=C(OCP1(=O)OC2=C(C=CC=C2)C2=CC=CC=C21)C([Fr])CC(C[Rb])C1=CC=CC=C1,[Rb]CC([Fr])C1=CC=CC=C1,O=C(OCP1(OC2=C(C3=C1C=CC=C3)C=CC=C2)=O)C([Fr])C[Rb],PS,,1,,FAA-DOPO,,0,,,,,,,,,,,,,,,,,non-V-0
10.1016/j.polymdegradstab.2006.04.032,copolymer,,PMMA5,COC(C(C)(CC([Fr])(C(OCCOP(O)(OC1=CC=CC=C1)=O)=O)C)C[Rb])=O,CC(C(OC)=O)([Fr])C[Rb],CC(C(OCCOP(O)(OC1=CC=CC=C1)=O)=O)([Fr])C[Rb],PMMA,95,,,MEPP,5,,,,,,,,,,,,,,,,,,non-V-0
10.1016/j.polymdegradstab.2006.04.032,copolymer,,PMMA10,COC(C(C)(CC([Fr])(C(OCCOP(O)(OC1=CC=CC=C1)=O)=O)C)C[Rb])=O,CC(C(OC)=O)([Fr])C[Rb],CC(C(OCCOP(O)(OC1=CC=CC=C1)=O)=O)([Fr])C[Rb],PMMA,90,,,MEPP,10,,,,,,,,,,,,,,,,,,non-V-0
10.1016/j.polymdegradstab.2006.04.032,copolymer,,PMMA15,COC(C(C)(CC([Fr])(C(OCCOP(O)(OC1=CC=CC=C1)=O)=O)C)C[Rb])=O,CC(C(OC)=O)([Fr])C[Rb],CC(C(OCCOP(O)(OC1=CC=CC=C1)=O)=O)([Fr])C[Rb],PMMA,85,,,MEPP,15,,,,,,,,,,,,,,,,,,non-V-0
10.1002/pat.4784,copolymer,,PMMA-co-BDPA-5,COC(=O)C(C)([Fr])CC(C[Rb])C(=O)OC(C1=CC=C(OP(=O)(OC2=CC=CC=C2)OC2=CC=CC=C2)C=C1)C1=CC=C(OP(=O)(OC2=CC=CC=C2)OC2=CC=CC=C2)C=C1,CC(C(OC)=O)([Fr])C[Rb],O=C(OC(C1=CC=C(C=C1)OP(OC2=CC=CC=C2)(OC3=CC=CC=C3)=O)C4=CC=C(C=C4)OP(OC5=CC=CC=C5)(OC6=CC=CC=C6)=O)C([Fr])C[Rb],PMMA,95,,,BDPA,5,,,,,,,,,,,,,,,,,,non-V-0
10.1016/j.polymdegradstab.2018.05.010,copolymer,,PHFC2.5,O=C(OCCCCCCOC(C1=CC=C(O1)C([Fr])=O)=O)CCP(OCCCCCCO[Rb])(C2=CC=CC=C2)=O,O=C([Fr])CCP(OCCCCCCO[Rb])(C1=CC=CC=C1)=O,O=C([Fr])C1=CC=C(O1)C(OCCCCCCO[Rb])=O,HFH,,100,,HCH,,2.5,,,,,,,,,,,,,,,,,non-V-0
10.1016/j.polymdegradstab.2018.05.010,copolymer,,PHFC5,O=C(OCCCCCCOC(C1=CC=C(O1)C([Fr])=O)=O)CCP(OCCCCCCO[Rb])(C2=CC=CC=C2)=O,O=C([Fr])CCP(OCCCCCCO[Rb])(C1=CC=CC=C1)=O,O=C([Fr])C1=CC=C(O1)C(OCCCCCCO[Rb])=O,HFH,,100,,HCH,,5,,,,,,,,,,,,,,,,,non-V-0
10.1016/S0141-3910(00)00138-5,copolymer,,MMA-DEMMP2.5,CCOP(COC(C([Fr])(CC(C(OC)=O)(C)C[Rb])C)=O)(OCC)=O,CC(C(OC)=O)([Fr])C[Rb],CC(C(OCP(OCC)(OCC)=O)=O)([Fr])C[Rb],PMMA,,97.5,,DEMMP,,2.5,,,,,,,,,,,,,,,,,non-V-0
10.1016/S0141-3910(00)00138-5,copolymer,,MMA-DEMMP5,CCOP(COC(C([Fr])(CC(C(OC)=O)(C)C[Rb])C)=O)(OCC)=O,CC(C(OC)=O)([Fr])C[Rb],CC(C(OCP(OCC)(OCC)=O)=O)([Fr])C[Rb],PMMA,,95,,DEMMP,,5,,,,,,,,,,,,,,,,,non-V-0
10.1016/j.compositesb.2021.109109,copolymer,,PET-co-pHPI0,O=C(OCCOC(C(C=C1)=CC=C1C([Fr])=O)=O)C2=CC(O)=C(C=C2)N3C(C4=CC=C(C=C4C3=O)C(OCCO[Rb])=O)=O,O=C([Fr])C1=CC=C(C(=O)OCCO[Rb])C=C1,O=C([Fr])C1=CC(O)=C(N2C(=O)C3=CC=C(C(=O)OCCO[Rb])C=C3C2=O)C=C1,PET,,100,,4-HPIM,,0,,,,,,,,,,,,,,,,,non-V-0
10.1016/j.compositesb.2021.108664,copolymer,,PTT,O=C(C1=CC=C(C=C1)C(OCCCO[Rb])=O)[Fr],O=C(C1=CC=C(C=C1)C(OCCCO[Rb])=O)[Fr],O=C([Fr])C1=CC=C(C#CC2=CC=CC=C2)C=C1C(=O)OCCCO[Rb],PTT,,100,,,,0,,,,,,,,,,,,,,,,,non-V-0
10.1016/j.compositesb.2021.108664,copolymer,,PTTB10,O=C(C1=CC=C(C=C1)C(OCCCOC(C2=CC(C(OCCCO[Rb])=O)=CC(N3C(C4=C(C3=O)C=CC=C4)=O)=C2)=O)=O)[Fr],O=C(C1=CC=C(C=C1)C(OCCCO[Rb])=O)[Fr],O=C([Fr])C1=CC=C(C#CC2=CC=CC=C2)C=C1C(=O)OCCCO[Rb],PTT,,100,,PEPA,,10,,,,,,,,,,,,,,,,,non-V-0
10.1016/j.compositesb.2021.108664,copolymer,,PTTP10,O=C(C1=CC=C(C=C1)C(OCCCOC(C2=CC=C(C=C2C(OCCCO[Rb])=O)C#CC3=CC=CC=C3)=O)=O)[Fr],O=C(C1=CC=C(C=C1)C(OCCCO[Rb])=O)[Fr],O=C(C1=CC(C(OCCCO[Rb])=O)=CC(N2C(C3=C(C2=O)C=CC=C3)=O)=C1)[Fr],PTT,,100,,BN,,10,,,,,,,,,,,,,,,,,non-V-0
10.1016/j.compositesb.2021.108664,copolymer,,PTTN10,O=C([Fr])C1=CC=C(C(OCCCOC(C2=CC(C(OCCCO[Rb])=O)=CC(N3C(C4=C(C=C(C#CC5=CC=CC=C5)C=C4)C3=O)=O)=C2)=O)=O)C=C1,O=C(C1=CC=C(C=C1)C(OCCCO[Rb])=O)[Fr],O=C(C1=CC(C(OCCCO[Rb])=O)=CC(N2C(C3=C(C2=O)C=C(C=C3)C#CC4=CC=CC=C4)=O)=C1)[Fr],PTT,,100,,PN,,10,,,,,,,,,,,,,,,,,non-V-0
10.1016/j.polymer.2021.123430,copolymer,,PBT,O=C([Fr])C1=CC=C(C=C1)C(OCCCCO[Rb])=O,O=C([Fr])C1=CC=C(C=C1)C(OCCCCO[Rb])=O,[Fr]C(C1=CC=C2C(N(C(C2=C1)=O)C3=C(C=CC(C(OCCCCO[Rb])=O)=C3)O)=O)=O,PBT,,100,,HPIM,,0,,,,,,,,,,,,,,,,,non-V-0
10.1016/j.polymer.2021.123430,copolymer,,PBT-co-HPI20,O=C(OCCCCOC(C1=CC(N(C(C2=C3)=O)C(C2=CC=C3C([Fr])=O)=O)=C(C=C1)O)=O)C4=CC=C(C=C4)C(OCCCCO[Rb])=O,O=C([Fr])C1=CC=C(C=C1)C(OCCCCO[Rb])=O,[Fr]C(C1=CC=C2C(N(C(C2=C1)=O)C3=C(C=CC(C(OCCCCO[Rb])=O)=C3)O)=O)=O,PBT,,100,,HPIM,,20,,,,,,,,,,,,,,,,,non-V-0
10.1016/j.polymer.2018.08.004,copolymer,,PET,O=C([Fr])C1=CC=C(C=C1)C(OCCO[Rb])=O,O=C([Fr])C1=CC=C(C=C1)C(OCCO[Rb])=O,[Rb]OCCOC(C1=CC(C([Fr])=O)=CC(/N=C/C2=C(C=CC=C2)C#N)=C1)=O,PET,,100,,CBAA,,0,,,,,,,,,,,,,,,,,non-V-0
10.1016/j.polymer.2024.126780,copolymer,,PA6,[Fr]C(CCCCCN[Rb])=O,[Fr]C(CCCCCN[Rb])=O,[Fr]C(CCCCCNC(C1=CC=C(C(O)=C1)N2C(C3=CC=C(C=C3C2=O)C([Rb])=O)=O)=O)=O,PA6,,100,,HPI,,0,,,,,,,,,,,,,,,,,non-V-0
10.1039/C6RA17108G,copolymer,,PA-1,[Rb]NCCCCCNC(CCCCC([Fr])=O)=O,[Rb]NCCCCCNC(CCCCC([Fr])=O)=O,O=C(C(C([Fr])=O)CP1(OC2=CC=CC=C2C3=CC=CC=C31)=O)NCCCCCN[Rb],PA,100,,,DDPDA,0,,,,,,,,,,,,,,,,,,non-V-0
10.1016/j.polymdegradstab.2023.110416,copolymer,,PA1010,[Rb]NCCCCCCCCCCNC(CCCCCCCCC([Fr])=O)=O,[Rb]NCCCCCCCCCCNC(CCCCCCCCC([Fr])=O)=O,O=C(C1=CC=C(C=C1)OC2=NC(OC3=CC=C(C=C3)C([Fr])=O)=NC(NC4CC(C)(NC(C)(C4)C)C)=N2)NCCCCCCCCCC[Rb],PA1010,100,,,PDB,0,,,,,,,,,,,,,,,,,,non-V-0
10.1016/j.reactfunctpolym.2020.104631,copolymer,,MMA-HPD5,O=C(C(CC(C(OC)=O)(C)C[Rb])[Fr])OCCOP(OCP(OCC)(OCC)=O)(C1=CC=CC=C1)=O,CC(C(OC)=O)([Fr])C[Rb],CCOP(COP(OCCOC(C([Fr])C[Rb])=O)(C1=CC=CC=C1)=O)(OCC)=O,PMMA,94,,,HPD,6,,,,,,,,,,,,,,,,,,non-V-0
10.1016/j.reactfunctpolym.2020.104631,copolymer,,MMA-HPD10,O=C(C(CC(C(OC)=O)(C)C[Rb])[Fr])OCCOP(OCP(OCC)(OCC)=O)(C1=CC=CC=C1)=O,CC(C(OC)=O)([Fr])C[Rb],CCOP(COP(OCCOC(C([Fr])C[Rb])=O)(C1=CC=CC=C1)=O)(OCC)=O,PMMA,90,,,HPD,10,,,,,,,,,,,,,,,,,,non-V-0
10.11777/j.issn1000-3304.2020.20125,copolymer,,P-FPH95Si5,,[Fr]C(C1=CC=C(C=C1)OC2=CC=C(C=C2)C3(C4=CC=C(C=C4)OC5=CC=C(C=C5)C(NCCCCCCN[Rb])=O)C6=CC=CC=C6C7=C3C=CC=C7)=O,[Fr]C(C1=CC=C(OC2=CC=C(C3(C4=CC=CC=C4C5=C3C=CC=C5)C6=CC=C(OC7=CC=C(C(NCCC[Si](C)(C)O[Si](C)(CCCN[Rb])C)=O)C=C7)C=C6)C=C2)C=C1)=O,P-EPH,,95,,Si,,5,,,,,,,,,,,,,,,,,non-V-0
10.1016/j.polymer.2014.03.044,copolymer,,P(ET-co-P)60,O=C(O[Rb])C1=CC=C(C(OCCOC(C2=C(C(OCCO[Fr])=O)C=C(C#CC3=CC=CC=C3)C=C2)=O)=O)C=C1,O=C(O[Rb])C1=CC=C(C(OCCO[Fr])=O)C=C1,O=C([Rb])C1=C(C(OCCO[Fr])=O)C=C(C#CC2=CC=CC=C2)C=C1,PET,40,,O=C(OCCO)C1=CC=C(C=C1)C(OCCO)=O,PEPE,60,,,,,,,,,,,,,,,,,,non-V-0
10.1039/C5RA11390C,copolymer,,PBS,O=C(CCC(OCCCCO[Rb])=O)O[Fr],O=C(CCC([Rb])=O)O[Fr],[Rb]OCCCCO[Fr],SA,,50,OC(CCC(O)=O)=O,BD,,50,,,,,,,,,,,,,,,,,non-V-0
10.1039/c7ra13228j,copolymer,,PA6-co-DDP4,[Fr]C(CCCCCNC(C(CP1(OC2=CC=CC=C2C3=CC=CC=C31)=O)CC(NCCCCCCCCCCN[Rb])=O)=O)=O,[Fr]C(CCCCCN[Rb])=O,O=C(NCCCCCCCCCCN[Rb])CC(C([Fr])=O)CP1(OC2=CC=CC=C2C3=CC=CC=C31)=O,PA6,96,,NCCCCCC(O)=O,DDPsalt,4,,,,,,,,,,,,,,,,,,V-0
10.1039/c7ra13228j,copolymer,,PA6-co-DDP5,[Fr]C(CCCCCNC(C(CP1(OC2=CC=CC=C2C3=CC=CC=C31)=O)CC(NCCCCCCCCCCN[Rb])=O)=O)=O,[Fr]C(CCCCCN[Rb])=O,O=C(NCCCCCCCCCCN[Rb])CC(C([Fr])=O)CP1(OC2=CC=CC=C2C3=CC=CC=C31)=O,PA6,95,,NCCCCCC(O)=O,DDPsalt,5,,,,,,,,,,,,,,,,,,V-0
10.1016/j.polymdegradstab.2019.03.004,copolymer,,PA6-co-DPO,[H]N(C(CC(C([Fr])=O)CP(C1=CC=CC=C1)(C2=CC=CC=C2)=O)=O)CCCCCCCCCCNC(CCCCCN[Rb])=O,[Fr]C(CCCCCN[Rb])=O,[H]N(C(CC(C([Fr])=O)CP(C1=CC=CC=C1)(C2=CC=CC=C2)=O)=O)CCCCCCCCCCN[Rb],PA6,96,,NCCCCCC(O)=O,DPDPO-DMDAsalt,4,,,,,,,,,,,,,,,,,,V-0
10.1016/j.polymdegradstab.2019.03.004,copolymer,,PA6-co-DPO,[H]N(C(CC(C([Fr])=O)CP(C1=CC=CC=C1)(C2=CC=CC=C2)=O)=O)CCCCCCCCCCNC(CCCCCN[Rb])=O,[Fr]C(CCCCCN[Rb])=O,[H]N(C(CC(C([Fr])=O)CP(C1=CC=CC=C1)(C2=CC=CC=C2)=O)=O)CCCCCCCCCCN[Rb],PA6,95,,NCCCCCC(O)=O,DPDPO-DMDAsalt,5,,,,,,,,,,,,,,,,,,V-0
10.1002/app.48687,copolymer,,PA66-co-CEPPA,O=P(C1=CC=CC=C1)(CCC(NCCCCCCNC(CCCCC([Fr])=O)=O)=O)NCCCCCCNC(CCCCC([Rb])=O)=O,[Rb]NCCCCCCNC(CCCCC([Fr])=O)=O,O=P([Fr])(C1=CC=CC=C1)CCC([Rb])=O,PA66,98,,NCCCCCCNC(CCCCC(O)=O)=O,CEPPA,2,,,,,,,,,,,,,,,,,,V-0
10.1002/app.48687,copolymer,,PA66-co-CEPPA,O=P(C1=CC=CC=C1)(CCC(NCCCCCCNC(CCCCC([Fr])=O)=O)=O)NCCCCCCNC(CCCCC([Rb])=O)=O,[Rb]NCCCCCCNC(CCCCC([Fr])=O)=O,O=P([Fr])(C1=CC=CC=C1)CCC([Rb])=O,PA66,96,,NCCCCCCNC(CCCCC(O)=O)=O,CEPPA,4,,,,,,,,,,,,,,,,,,V-0
10.1002/app.48687,copolymer,,PA66-co-CEPPA,O=P(C1=CC=CC=C1)(CCC(NCCCCCCNC(CCCCC([Fr])=O)=O)=O)NCCCCCCNC(CCCCC([Rb])=O)=O,[Rb]NCCCCCCNC(CCCCC([Fr])=O)=O,O=P([Fr])(C1=CC=CC=C1)CCC([Rb])=O,PA66,94,,NCCCCCCNC(CCCCC(O)=O)=O,CEPPA,6,,,,,,,,,,,,,,,,,,V-0
10.1039/D0RA07822K,copolymer,,Polyamide66(PA66),[Rb]NCCCCCCNC(CCCCC(NCCCCCCNC(CCCCC(OCCOP(CCC([Fr])=O)(C1=CC=CC=C1)=O)=O)=O)=O)=O,[Rb]NCCCCCCNC(CCCCC([Fr])=O)=O,[Rb]NCCCCCCNC(CCCCC(OCCOP(CCC([Fr])=O)(C1=CC=CC=C1)=O)=O)=O,PA66salt,94,,[NH3+]CCCCCCNC(CCCCC([O-])=O)=O,CPPOA,6,,,,,,,,,,,,,,,,,,V-0
10.1039/D0RA07822K,copolymer,,Polyamide66(PA66),[Rb]NCCCCCCNC(CCCCC(NCCCCCCNC(CCCCC(OCCOP(CCC([Fr])=O)(C1=CC=CC=C1)=O)=O)=O)=O)=O,[Rb]NCCCCCCNC(CCCCC([Fr])=O)=O,[Rb]NCCCCCCNC(CCCCC(OCCOP(CCC([Fr])=O)(C1=CC=CC=C1)=O)=O)=O,PA66salt,92,,[NH3+]CCCCCCNC(CCCCC([O-])=O)=O,CPPOA,8,,,,,,,,,,,,,,,,,,V-0
10.1007/s10924-022-02466-6,copolymer,,Polyamide56(PA56),O=C(CC(CP1(OC2=C(C=CC=C2)C3=C1C=CC=C3)=O)C([Fr])=O)NCCCCCNC(CCCCC(NCCCCCN[Rb])=O)=O,[Rb]NCCCCCNC(CCCCC([Fr])=O)=O,O=C(CC(CP1(OC2=C(C=CC=C2)C3=C1C=CC=C3)=O)C([Fr])=O)NCCCCCN[Rb],PA56salt,,99,[O-]C(CCCCC([O-])=O)=O.[NH3+]CCCCC[NH3+],PDA-DDPsalt,,1,,,,,,,,,,,,,,,,,V-0
10.1007/s10924-022-02466-6,copolymer,,Polyamide56(PA56),O=C(CC(CP1(OC2=C(C=CC=C2)C3=C1C=CC=C3)=O)C([Fr])=O)NCCCCCNC(CCCCC(NCCCCCN[Rb])=O)=O,[Rb]NCCCCCNC(CCCCC([Fr])=O)=O,O=C(CC(CP1(OC2=C(C=CC=C2)C3=C1C=CC=C3)=O)C([Fr])=O)NCCCCCN[Rb],PA56salt,,98.8,[O-]C(CCCCC([O-])=O)=O.[NH3+]CCCCC[NH3+],PDA-DDPsalt,,1.2,,,,,,,,,,,,,,,,,V-0
10.1002/pol.20230521,copolymer,,DOPO-ITA3,[Rb]CCCCCCNC(C(CP1(OC2=CC=CC=C2C3=CC=CC=C31)=O)CC(NCCCCCC([Fr])=O)=O)=O,[Rb]NCCCCCC([Fr])=O,[Rb]CCCCCCNC(C(CP1(OC2=CC=CC=C2C3=CC=CC=C31)=O)CC([Fr])=O)=O,PA6,3,,,DOPO-ITA,97,,,,,,,,,,,,,,,,,,V-0
10.1002/pol.20230521,copolymer,,DOPO-ITA4.5,[Rb]CCCCCCNC(C(CP1(OC2=CC=CC=C2C3=CC=CC=C31)=O)CC(NCCCCCC([Fr])=O)=O)=O,[Rb]NCCCCCC([Fr])=O,[Rb]CCCCCCNC(C(CP1(OC2=CC=CC=C2C3=CC=CC=C31)=O)CC([Fr])=O)=O,PA6,4.5,,,DOPO-ITA,95.5,,,,,,,,,,,,,,,,,,V-0
10.1016/j.reactfunctpolym.2020.104631,copolymer,,MMA-HPD15,O=C(C(CC(C(OC)=O)(C)C[Rb])[Fr])OCCOP(OCP(OCC)(OCC)=O)(C1=CC=CC=C1)=O,CC(C(OC)=O)([Fr])C[Rb],CCOP(COP(OCCOC(C([Fr])C[Rb])=O)(C1=CC=CC=C1)=O)(OCC)=O,PMMA,87,,,HPD,13,,,,,,,,,,,,,,,,,,V-0
10.1039/C6PY00183A,copolymer,,PET-co-DPDPI10,O=C(C1=CC(C(OCCOC(C(C=C2)=CC=C2C([Fr])=O)=O)=O)=CC(N3C(C=C(C3=O)C4=CC=CC=C4)=O)=C1)OCCO[Rb],O=C([Fr])C1=CC=C(C=C1)C(OCCO[Rb])=O,O=C(C1=CC(C([Fr])=O)=CC(N2C(C=C(C2=O)C3=CC=CC=C3)=O)=C1)OCCO[Rb],PET,,100,,DPDPI,,9.9,,,,,,,,,,,,,,,,,V-0
10.1016/j.cej.2023.144983,copolymer,,PA 6-co-DPA2b,[Fr]C(CCCCCNC(C1=CC(C(NCCCCCC([Rb])=O)=O)=CC(NP(C2=CC=CC=C2)(C3=CC=CC=C3)=O)=C1)=O)=O,[Rb]NCCCCCC([Fr])=O,[Rb]C(CCCCCNC(C1=CC(NP(C2=CC=CC=C2)(C3=CC=CC=C3)=O)=CC(C([Fr])=O)=C1)=O)=O,PA6,,100,NCCCCCC(O)=O,DPA,,2,,,,,,,,,,,,,,,,,V-0
10.1016/j.cej.2023.144983,copolymer,,PA 6-co-DPA3b,[Fr]C(CCCCCNC(C1=CC(C(NCCCCCC([Rb])=O)=O)=CC(NP(C2=CC=CC=C2)(C3=CC=CC=C3)=O)=C1)=O)=O,[Rb]NCCCCCC([Fr])=O,[Rb]C(CCCCCNC(C1=CC(NP(C2=CC=CC=C2)(C3=CC=CC=C3)=O)=CC(C([Fr])=O)=C1)=O)=O,PA6,,100,NCCCCCC(O)=O,DPA,,3,,,,,,,,,,,,,,,,,V-0
10.1016/j.polymdegradstab.2011.01.035,copolymer,,PET-P-DOPO,O=C([Fr])C1=CC=C(C=C1)C(OCCOC2=CC(P3(C4=C(C5=C(O3)C=CC=C5)C=CC=C4)=O)=C(C=C2)OCCO[Rb])=O,O=C([Fr])C1=CC=C(C=C1)C(OCCO[Rb])=O,[Fr]C1=CC(P2(C3=C(C4=C(O2)C=CC=C4)C=CC=C3)=O)=C(C=C1)OCCO[Rb],PET,74,,O=C(OCCO)C1=CC=C(C=C1)C(OCCO)=O,DOPO-HQ-GE,26,,,,,,,,,,,,,,,,,,V-0
10.1007/s10965-006-0082-3,copolymer,,PC-co-ODOPB2,O=P1(C2=C(C3=C(O1)C=CC=C3)C=CC=C2)C(C=C4OC(OC(C=C5)=CC=C5C(C)(C6=CC=C(O[Rb])C=C6)C)=O)=C(C=C4)OC([Fr])=O,CC(C1=CC=C(OC([Fr])=O)C=C1)(C2=CC=C(O[Rb])C=C2)C,O=P1(C2=C(C3=C(O1)C=CC=C3)C=CC=C2)C(C=C4O[Rb])=C(C=C4)OC([Fr])=O,PC,96.6,,,ODOPB,3.4,,,,,,,,,,,,,,,,,,V-0
10.1007/s10965-006-0082-3,copolymer,,PC-co-ODOPB3,O=P1(C2=C(C3=C(O1)C=CC=C3)C=CC=C2)C(C=C4OC(OC(C=C5)=CC=C5C(C)(C6=CC=C(O[Rb])C=C6)C)=O)=C(C=C4)OC([Fr])=O,CC(C1=CC=C(OC([Fr])=O)C=C1)(C2=CC=C(O[Rb])C=C2)C,O=P1(C2=C(C3=C(O1)C=CC=C3)C=CC=C2)C(C=C4O[Rb])=C(C=C4)OC([Fr])=O,PC,95.4,,,ODOPB,4.6,,,,,,,,,,,,,,,,,,V-0
10.1002/app.47488,copolymer,,3%TRFR/PA66,[H]N(P1(OCC2(COP(N(C3=CC=C(C=C3)C([Fr])=O)[H])(OC2)=O)CO1)=O)C(C=C4)=CC=C4C(NCCCCCCNC(CCCCC(NCCCCCCN[Rb])=O)=O)=O,O=C(CCCCC([Fr])=O)NCCCCCCN[Rb],[H]N(P1(OCC2(COP(N(C3=CC=C(C=C3)C([Fr])=O)[H])(OC2)=O)CO1)=O)C(C=C4)=CC=C4C(NCCCCCCN[Rb])=O,PA66,97,,,TRFR,3,,,,,,,,,,,,,,,,,,V-0
10.1002/app.43538,copolymer,,PA66-NENP5,O=C(NCCCCCCN[Rb])CCCCC(NCCCCCCNC(C1=CC=C(C=C1)N(C(CCP(N([H])C2=CC=C(C([Fr])=O)C=C2)(C3=CC=CC=C3)=O)=O)[H])=O)=O,O=C(CCCCC([Fr])=O)NCCCCCCN[Rb],[H]N(C(CCP(N(C1=CC=C(C=C1)C([Fr])=O)[H])(C2=CC=CC=C2)=O)=O)C(C=C3)=CC=C3C(NCCCCCCN[Rb])=O,PA66,95,,,NENP,5,,,,,,,,,,,,,,,,,,V-0
10.1002/fam.2385,copolymer,,PA66-PDPPD3,O=C(NCCCCCCNC(CCCCC(NC1=CC=C(C=C1)NP(NC2=CC=C(C=C2)P(NC3=CC=C(C=C3)P(NC4=CC=C(C=C4)P(NC5=CC=C(C=C5)P(NC6=CC=C(C=C6)N[Rb])(C7=CC=CC=C7)=O)(C8=CC=CC=C8)=O)(C9=CC=CC=C9)=O)(C%10=CC=CC=C%10)=O)(C%11=CC=CC=C%11)=O)=O)=O)CCCCC([Fr])=O,O=C(CCCCC([Fr])=O)NCCCCCCN[Rb],O=C(NC1=CC=C(NP(NC2=CC=C(P(NC3=CC=C(P(NC4=CC=C(P(NC5=CC=C(P(NC6=CC=C(N[Rb])C=C6)(C7=CC=CC=C7)=O)C=C5)(C8=CC=CC=C8)=O)C=C4)(C9=CC=CC=C9)=O)C=C3)(C%10=CC=CC=C%10)=O)C=C2)(C%11=CC=CC=C%11)=O)C=C1)CCCCC([Fr])=O,PA66,95.5,,,PDPPD,4.5,,,,,,,,,,,,,,,,,,V-0
10.1007/s12034-009-0054-4,copolymer,,FR-PA66,[Fr]C(C1=CC=C(C=C1)P(C(C=C2)=CC=C2C(NCCCCCCNC(CCCCC(NCCCCCCN[Rb])=O)=O)=O)(C3=CC=CC=C3)=O)=O,[Fr]C(C1=CC=C(C=C1)P(C(C=C2)=CC=C2C([Rb])=O)(C3=CC=CC=C3)=O)=O,O=C(NCCCCCCN[Fr])CCCCC(NCCCCCCN[Rb])=O,BCPPO,3,,OC(C1=CC=C(C=C1)P(C(C=C2)=CC=C2C(O)=O)(C3=CC=CC=C3)=O)=O,AH salt,97,,,,,,,,,,,,,,,,,,V-0
10.1002/marc.201700451,copolymer,,P(ET-co-P)80,O=C([Fr])C1=CC=C(C(=O)OCCOC(=O)C2=CC=C(C#CC3=CC=CC=C3)C=C2C(=O)OCCO[Rb])C=C1,O=C([Fr])C1=CC=C(C(OCCO[Rb])=O)C=C1,O=C(C1=CC=C(C=C1C(OCCO[Rb])=O)C#CC2=CC=CC=C2)[Fr],PET,,100,,PEPE,,80,,,,,,,,,,,,,,,,,V-0
10.1016/j.reactfunctpolym.2020.104631,copolymer,,MMA/HPD-15,CCOP(COP(OCCOC(C(CC(C[Rb])(C(OC)=O)C)[Fr])=O)(C1=CC=CC=C1)=O)(OCC)=O,CC(C(OC)=O)([Fr])C[Rb],O=C(OCCOP(OCP(OCC)(OCC)=O)(C1=CC=CC=C1)=O)C([Fr])C[Rb],PMMA,,85,,HPD,,15,,,,,,,,,,,,,,,,,V-0
10.1016/j.eurpolymj.2022.111174,copolymer,,MH-PPOA7-co-PET,O=C(C1=CC=C(C=C1)C(OP(O[Mg]OP([Fr])(C2=CC=CC=C2)=O)(C3=CC=CC=C3)=O)=O)OCCO[Rb],O=C([Fr])C1=CC=C(C(OCCO[Rb])=O)C=C1,O=P(O[Mg]OP([Fr])(C1=CC=CC=C1)=O)(C2=CC=CC=C2)O[Rb],PET,100,,,MH-PPOA,7,,,,,,,,,,,,,,,,,,V-0
10.1016/j.eurpolymj.2022.111174,copolymer,,MH-PPOA9-co-PET,O=C(C1=CC=C(C=C1)C(OP(O[Mg]OP([Fr])(C2=CC=CC=C2)=O)(C3=CC=CC=C3)=O)=O)OCCO[Rb],O=C([Fr])C1=CC=C(C(OCCO[Rb])=O)C=C1,O=P(O[Mg]OP([Fr])(C1=CC=CC=C1)=O)(C2=CC=CC=C2)O[Rb],PET,100,,,MH-PPOA,9,,,,,,,,,,,,,,,,,,V-0
10.1016/j.eurpolymj.2022.111174,copolymer,,MH-PPOA15-co-PET,O=C(C1=CC=C(C=C1)C(OP(O[Mg]OP([Fr])(C2=CC=CC=C2)=O)(C3=CC=CC=C3)=O)=O)OCCO[Rb],O=C([Fr])C1=CC=C(C(OCCO[Rb])=O)C=C1,O=P(O[Mg]OP([Fr])(C1=CC=CC=C1)=O)(C2=CC=CC=C2)O[Rb],PET,100,,,MH-PPOA,15,,,,,,,,,,,,,,,,,,V-0
10.1016/j.eurpolymj.2022.111174,copolymer,,MH-PPOA20-co-PET,O=C(C1=CC=C(C=C1)C(OP(O[Mg]OP([Fr])(C2=CC=CC=C2)=O)(C3=CC=CC=C3)=O)=O)OCCO[Rb],O=C([Fr])C1=CC=C(C(OCCO[Rb])=O)C=C1,O=P(O[Mg]OP([Fr])(C1=CC=CC=C1)=O)(C2=CC=CC=C2)O[Rb],PET,100,,,MH-PPOA,20,,,,,,,,,,,,,,,,,,V-0
10.1007/s10924-022-02466-6,copolymer,,PA56-1.0DDP,O=C(CCCCC(=O)NCCCCCNC(=O)CC(CP1(=O)OC2=C(C=CC=C2)C2=C1C=CC=C2)C(=O)[Fr])NCCCCCN[Rb],O=C(CCCCC(NCCCCCN[Rb])=O)[Fr],O=C(NCCCCCN[Rb])CC(C([Fr])=O)CP1(OC2=C(C3=C1C=CC=C3)C=CC=C2)=O,PA56,,100,,,,1,,,,,,,,,,,,,,,,,V-0
10.1007/s10924-022-02466-6,copolymer,,PA56-1.2DDP,O=C(CCCCC(=O)NCCCCCNC(=O)CC(CP1(=O)OC2=C(C=CC=C2)C2=C1C=CC=C2)C(=O)[Fr])NCCCCCN[Rb],O=C(CCCCC(NCCCCCN[Rb])=O)[Fr],O=C(NCCCCCN[Rb])CC(C([Fr])=O)CP1(OC2=C(C3=C1C=CC=C3)C=CC=C2)=O,PA56,,100,,,,1.2,,,,,,,,,,,,,,,,,V-0
10.1021/acsomega.3c06235,copolymer,,PS148-b-PFAA-DOPO32,O=C(OCP1(=O)OC2=C(C=CC=C2)C2=CC=CC=C21)C([Fr])CC(C[Rb])C1=CC=CC=C1,[Rb]CC([Fr])C1=CC=CC=C1,O=C(OCP1(OC2=C(C3=C1C=CC=C3)C=CC=C2)=O)C([Fr])C[Rb],PS,,1,,FAA-DOPO,,50,,,,,,,,,,,,,,,,,V-0
10.1021/acsomega.3c06235,copolymer,,PS148-b-PFAA-DOPO50,O=C(OCP1(=O)OC2=C(C=CC=C2)C2=CC=CC=C21)C([Fr])CC(C[Rb])C1=CC=CC=C1,[Rb]CC([Fr])C1=CC=CC=C1,O=C(OCP1(OC2=C(C3=C1C=CC=C3)C=CC=C2)=O)C([Fr])C[Rb],PS,,1,,FAA-DOPO,,100,,,,,,,,,,,,,,,,,V-0
10.1021/acsomega.3c06235,copolymer,,PS148-b-PFAA-DOPO80,O=C(OCP1(=O)OC2=C(C=CC=C2)C2=CC=CC=C21)C([Fr])CC(C[Rb])C1=CC=CC=C1,[Rb]CC([Fr])C1=CC=CC=C1,O=C(OCP1(OC2=C(C3=C1C=CC=C3)C=CC=C2)=O)C([Fr])C[Rb],PS,,1,,FAA-DOPO,,200,,,,,,,,,,,,,,,,,V-0
10.1016/j.polymdegradstab.2006.04.032,copolymer,,PMMA20,COC(C(C)(CC([Fr])(C(OCCOP(O)(OC1=CC=CC=C1)=O)=O)C)C[Rb])=O,CC(C(OC)=O)([Fr])C[Rb],CC(C(OCCOP(O)(OC1=CC=CC=C1)=O)=O)([Fr])C[Rb],PMMA,80,,,MEPP,20,,,,,,,,,,,,,,,,,,V-0
10.1039/D0RA07822K,copolymer,,FRPA66-6,O=C([Fr])CCP(=O)(OCCOC(=O)CCCCC(=O)NCCCCCCNC(=O)CCCCC(=O)NCCCCCCN[Rb])C1=CC=CC=C1,O=C(CCCCC([Fr])=O)NCCCCCCN[Rb],O=C(NCCCCCCN[Rb])CCCCC(OCCOP(CCC([Fr])=O)(C1=CC=CC=C1)=O)=O,PA66,94,,,CPPOA,6,,,,,,,,,,,,,,,,,,V-0
10.1016/j.cclet.2022.06.038,copolymer,,N-BPA,CC(C1=CC=C(C=C1)OC(C2=CC=C(C=C2)C([Fr])=O)=O)(C3=CC=C(C=C3)OC(C4=CC5=C(C=C(C=C5)O[Rb])C=C4)=O)C,CC(=O)OC1=CC=C(C(C)(C)C2=CCC(OC(C)=O)C=C2)C=C1,CC(C1=CC=C(C=C1)OC(C2=CC=C(C=C2)C([Fr])=O)=O)(C3=CC=C(C=C3)O[Rb])C,ANA,,60,,BPAOAcTA,,20,,,,,,,,,,,,,,,,,V-0
10.1016/S0141-3910(00)00138-5,copolymer,,MMA-DEMMP10,CCOP(COC(C([Fr])(CC(C(OC)=O)(C)C[Rb])C)=O)(OCC)=O,CC(C(OC)=O)([Fr])C[Rb],CC(C(OCP(OCC)(OCC)=O)=O)([Fr])C[Rb],PMMA,,90,,DEMMP,,10,,,,,,,,,,,,,,,,,V-0
10.1016/S0141-3910(00)00138-5,copolymer,,MMA-DEMMP15,CCOP(COC(C([Fr])(CC(C(OC)=O)(C)C[Rb])C)=O)(OCC)=O,CC(C(OC)=O)([Fr])C[Rb],CC(C(OCP(OCC)(OCC)=O)=O)([Fr])C[Rb],PMMA,,85,,DEMMP,,15,,,,,,,,,,,,,,,,,V-0
10.1016/j.polymdegradstab.2020.109310,copolymer,,PENT5/5,CC(C)(CO[Rb])COC(=O)CCP(=O)(OCCOC(=O)C1=CC=C(C(=O)[Fr])C=C1)C1=CC=CC=C1,O=C([Fr])C1=CC=C(C(=O)OCCO[Rb])C=C1,CC(CO[Rb])(COC(CCP([Fr])(C1=CC=CC=C1)=O)=O)C,PET,95,,,HPPA,5,,,,,,,,,,,,,,,,,,V-0
10.1016/j.polymdegradstab.2020.109310,copolymer,,PENT15/0,O=C(CCP(=O)(OCCOC(=O)C1=CC=C(C(=O)[Fr])C=C1)C1=CC=CC=C1)OCCO[Rb],O=C([Fr])C1=CC=C(C(=O)OCCO[Rb])C=C1,O=C(OCCO[Rb])CCP([Fr])(C1=CC=CC=C1)=O,PET,85,,,HPPA,15,,,,,,,,,,,,,,,,,,V-0
10.1016/j.cej.2017.12.047,copolymer,,BA10PET,O=C([Fr])C1=CC=C(C(=O)OCCOC(=O)C2=CC(C(=O)OCCO[Rb])=CC(/N=C/C3=CC=CC=C3)=C2)C=C1,O=C([Fr])C1=CC=C(C(=O)OCCO[Rb])C=C1,O=C([Fr])C1=CC(C(=O)OCCO[Rb])=CC(/N=C/C2=CC=CC=C2)=C1,PET,,100,,BA,,7.7,,,,,,,,,,,,,,,,,V-0
10.1016/j.cej.2017.12.047,copolymer,,BA15PET,O=C([Fr])C1=CC=C(C(=O)OCCOC(=O)C2=CC(C(=O)OCCO[Rb])=CC(/N=C/C3=CC=CC=C3)=C2)C=C1,O=C([Fr])C1=CC=C(C(=O)OCCO[Rb])C=C1,O=C([Fr])C1=CC(C(=O)OCCO[Rb])=CC(/N=C/C2=CC=CC=C2)=C1,PET,,100,,BA,,11.1,,,,,,,,,,,,,,,,,V-0
10.1039/C9TA04187G,copolymer,,P(ET-co-PN)15,O=C([Fr])C1=CC=C(C(=O)OCCOC(=O)C2=CC(C(=O)OCCO[Rb])=CC(N3C(=O)C4=CC=C(C#CC5=CC=CC=C5)C=C4C3=O)=C2)C=C1,O=C([Fr])C1=CC=C(C(=O)OCCO[Rb])C=C1,O=C([Fr])C1=CC(C(=O)OCCO[Rb])=CC(N2C(=O)C3=CC=C(C#CC4=CC=CC=C4)C=C3C2=O)=C1,PET,,100,,PEPN,,15,,,,,,,,,,,,,,,,,V-0
10.1039/C9TA04187G,copolymer,,P(ET-co-PN)20,O=C([Fr])C1=CC=C(C(=O)OCCOC(=O)C2=CC(C(=O)OCCO[Rb])=CC(N3C(=O)C4=CC=C(C#CC5=CC=CC=C5)C=C4C3=O)=C2)C=C1,O=C([Fr])C1=CC=C(C(=O)OCCO[Rb])C=C1,O=C([Fr])C1=CC(C(=O)OCCO[Rb])=CC(N2C(=O)C3=CC=C(C#CC4=CC=CC=C4)C=C3C2=O)=C1,PET,,100,,PEPN,,20,,,,,,,,,,,,,,,,,V-0
10.1016/j.compositesb.2021.109109,copolymer,,PET-co-pHPI15,O=C(OCCOC(C(C=C1)=CC=C1C([Fr])=O)=O)C2=CC(O)=C(C=C2)N3C(C4=CC=C(C=C4C3=O)C(OCCO[Rb])=O)=O,O=C([Fr])C1=CC=C(C(=O)OCCO[Rb])C=C1,O=C([Fr])C1=CC(O)=C(N2C(=O)C3=CC=C(C(=O)OCCO[Rb])C=C3C2=O)C=C1,PET,,100,,4-HPIM,,15,,,,,,,,,,,,,,,,,V-0
10.1016/j.compositesb.2021.108664,copolymer,,PTTN20,O=C([Fr])C1=CC=C(C(OCCCOC(C2=CC(C(OCCCO[Rb])=O)=CC(N3C(C4=C(C=C(C#CC5=CC=CC=C5)C=C4)C3=O)=O)=C2)=O)=O)C=C1,O=C(C1=CC=C(C=C1)C(OCCCO[Rb])=O)[Fr],O=C(C1=CC(C(OCCCO[Rb])=O)=CC(N2C(C3=C(C2=O)C=C(C=C3)C#CC4=CC=CC=C4)=O)=C1)[Fr],PTT,,100,,PN,,20,,,,,,,,,,,,,,,,,V-0
10.1016/j.cej.2021.132121,copolymer,,PETM6-K,O=C(C1=CC=C(C(OCCO[Rb])=O)C=C1)OCCOC(C2=CC=C3N=C(C4=CC(C5=NC6=C(C=C(C=C6)C([Fr])=O)N5)=CC(S(=O)([O-])=O)=C4)NC3=C2)=O.[K+],O=C([Fr])C1=CC=C(C(=O)OCCO[Rb])C=C1,O=C(OCCO[Rb])C1=CC=C2N=C(C3=CC(C4=NC5=C(C=C(C=C5)C([Fr])=O)N4)=CC(S(=O)([O-])=O)=C3)NC2=C1.[K+],PET,,100,,MS-K,,5.6,,,,,,,,,,,,,,,,,V-0
10.1016/j.polymdegradstab.2015.11.003,copolymer,,PBT/CPBA25%,O=C(OC1=CC=C(C=C1)C(C)(C2=CC=C(C=C2)OP([Fr])(C3=CC=CC=C3)=O)C)C4=CC=C(C=C4)C(OCCCCO[Rb])=O,O=C([Fr])C1=CC=C(C=C1)C(OCCCCO[Rb])=O,[Rb]OC1=CC=C(C=C1)C(C)(C2=CC=C(C=C2)OP([Fr])(C3=CC=CC=C3)=O)C,PBT,75,,,CPBA,25,,,,,,,,,,,,,,,,,,V-0
10.1016/j.polymdegradstab.2023.110388,copolymer,,PC/NSD2,CC(C1=CC=C(OC(OC(C(SOOO[Na])=C2)=CC3=C2C=C(SOOO[Na])C(OC([Fr])=O)=C3)=O)C=C1)(C)C4=CC=C(O[Rb])C=C4,CC(C1=CC=C(OC([Fr])=O)C=C1)(C)C2=CC=C(O[Rb])C=C2,[Na]OOOSC1=CC2=C(C=C1O[Rb])C=C(OC([Fr])=O)C(SOOO[Na])=C2,PC,100,,,NSD,2,,,,,,,,,,,,,,,,,,V-0
10.1016/j.polymdegradstab.2023.110388,copolymer,,PC/NSD4,CC(C1=CC=C(OC(OC(C(SOOO[Na])=C2)=CC3=C2C=C(SOOO[Na])C(OC([Fr])=O)=C3)=O)C=C1)(C)C4=CC=C(O[Rb])C=C4,CC(C1=CC=C(OC([Fr])=O)C=C1)(C)C2=CC=C(O[Rb])C=C2,[Na]OOOSC1=CC2=C(C=C1O[Rb])C=C(OC([Fr])=O)C(SOOO[Na])=C2,PC,100,,,NSD,4,,,,,,,,,,,,,,,,,,V-0
10.1016/j.polymdegradstab.2023.110388,copolymer,,PC/NSD6,CC(C1=CC=C(OC(OC(C(SOOO[Na])=C2)=CC3=C2C=C(SOOO[Na])C(OC([Fr])=O)=C3)=O)C=C1)(C)C4=CC=C(O[Rb])C=C4,CC(C1=CC=C(OC([Fr])=O)C=C1)(C)C2=CC=C(O[Rb])C=C2,[Na]OOOSC1=CC2=C(C=C1O[Rb])C=C(OC([Fr])=O)C(SOOO[Na])=C2,PC,100,,,NSD,6,,,,,,,,,,,,,,,,,,V-0
10.1016/j.polymer.2021.123430,copolymer,,PET-co-HPI20,O=C(OCCOC(C1=CC(N(C(C2=C3)=O)C(C2=CC=C3C([Fr])=O)=O)=C(C=C1)O)=O)C4=CC=C(C=C4)C(OCCO[Rb])=O,O=C([Fr])C1=CC=C(C=C1)C(OCCO[Rb])=O,[Fr]C(C1=CC=C2C(N(C(C2=C1)=O)C3=C(C=CC(C(OCCO[Rb])=O)=C3)O)=O)=O,PET,,100,,HPIM,,20,,,,,,,,,,,,,,,,,V-0
10.1016/j.polymer.2018.08.004,copolymer,,CBAA10PET,O=C(OCCOC(C1=CC(C([Fr])=O)=CC(/N=C/C2=C(C=CC=C2)C#N)=C1)=O)C3=CC=C(C=C3)C(OCCO[Rb])=O,O=C([Fr])C1=CC=C(C=C1)C(OCCO[Rb])=O,[Rb]OCCOC(C1=CC(C([Fr])=O)=CC(/N=C/C2=C(C=CC=C2)C#N)=C1)=O,PET,,100,,CBAA,,6.7,,,,,,,,,,,,,,,,,V-0
10.1016/j.polymer.2018.08.004,copolymer,,CBAA15PET,O=C(OCCOC(C1=CC(C([Fr])=O)=CC(/N=C/C2=C(C=CC=C2)C#N)=C1)=O)C3=CC=C(C=C3)C(OCCO[Rb])=O,O=C([Fr])C1=CC=C(C=C1)C(OCCO[Rb])=O,[Rb]OCCOC(C1=CC(C([Fr])=O)=CC(/N=C/C2=C(C=CC=C2)C#N)=C1)=O,PET,,100,,CBAA,,9.4,,,,,,,,,,,,,,,,,V-0
10.1016/j.eurpolymj.2020.110230,copolymer,,NBA10PET,O=C(OCCOC(C1=CC(C([Fr])=O)=CC(/N=C/C2=CC=C(C=C2)[N+]([O-])=O)=C1)=O)C3=CC=C(C=C3)C(OCCO[Rb])=O,O=C([Fr])C1=CC=C(C=C1)C(OCCO[Rb])=O,O=C(C1=CC(C([Fr])=O)=CC(/N=C/C2=CC=C(C=C2)[N+]([O-])=O)=C1)OCCO[Rb],PET,,100,,NBA,,7.9,,,,,,,,,,,,,,,,,V-0
10.1016/j.eurpolymj.2020.110230,copolymer,,NBA15PET,O=C(OCCOC(C1=CC(C([Fr])=O)=CC(/N=C/C2=CC=C(C=C2)[N+]([O-])=O)=C1)=O)C3=CC=C(C=C3)C(OCCO[Rb])=O,O=C([Fr])C1=CC=C(C=C1)C(OCCO[Rb])=O,O=C(C1=CC(C([Fr])=O)=CC(/N=C/C2=CC=C(C=C2)[N+]([O-])=O)=C1)OCCO[Rb],PET,,100,,NBA,,11.8,,,,,,,,,,,,,,,,,V-0
10.1016/j.polymer.2024.126780,copolymer,,PA6-co-HPI20,[Fr]C(CCCCCNC(C1=CC=C(C(O)=C1)N2C(C3=CC=C(C=C3C2=O)C(NCCCCCC([Rb])=O)=O)=O)=O)=O,[Fr]C(CCCCCN[Rb])=O,[Fr]C(CCCCCNC(C1=CC=C(C(O)=C1)N2C(C3=CC=C(C=C3C2=O)C([Rb])=O)=O)=O)=O,PA6,,100,,HPI,,20.9,,,,,,,,,,,,,,,,,V-0
10.1039/C7RA13228J,copolymer,,FRPA6-4,[Rb]NCCCCCC(NCCCCCCCCCCNC(CC(CP1(OC2=CC=CC=C2C3=CC=CC=C31)=O)C([Fr])=O)=O)=O,[Rb]NCCCCCC([Fr])=O,O=C(NCCCCCCCCCCN[Rb])CC(C([Fr])=O)CP1(OC2=CC=CC=C2C3=CC=CC=C31)=O,PA6,96,,,DDP salt,4,,,,,,,,,,,,,,,,,,V-0
10.1039/C7RA13228J,copolymer,,FRPA6-5,[Rb]NCCCCCC(NCCCCCCCCCCNC(CC(CP1(OC2=CC=CC=C2C3=CC=CC=C31)=O)C([Fr])=O)=O)=O,[Rb]NCCCCCC([Fr])=O,O=C(NCCCCCCCCCCN[Rb])CC(C([Fr])=O)CP1(OC2=CC=CC=C2C3=CC=CC=C31)=O,PA6,95,,,DDP salt,5,,,,,,,,,,,,,,,,,,V-0
10.1002/marc.202200644,copolymer,,FRPA-5,[Rb]NCCCCCCCCCCCCNC(CCCCCCCCC(NCCCCCCCCCCCCNC(CCP([Fr])(C1=CC=CC=C1)=O)=O)=O)=O,[Rb]NCCCCCCCCCCCCNC(CCCCCCCCC([Fr])=O)=O,[Rb]NCCCCCCCCCCCCNC(CCP([Fr])(C1=CC=CC=C1)=O)=O,PA1210,,95,,CDS,,5,,,,,,,,,,,,,,,,,V-0
10.1002/marc.202200644,copolymer,,FRPA-7,[Rb]NCCCCCCCCCCCCNC(CCCCCCCCC(NCCCCCCCCCCCCNC(CCP([Fr])(C1=CC=CC=C1)=O)=O)=O)=O,[Rb]NCCCCCCCCCCCCNC(CCCCCCCCC([Fr])=O)=O,[Rb]NCCCCCCCCCCCCNC(CCP([Fr])(C1=CC=CC=C1)=O)=O,PA1210,,93,,CDS,,7,,,,,,,,,,,,,,,,,V-0
10.1002/pat.4206,copolymer,,FRPA66-4,O=C(CC(CP1(OC2=CC=CC=C2C3=CC=CC=C31)=O)C(NCCCCCCNC(CCCCC([Fr])=O)=O)=O)NCCCCCCN[Rb],[Rb]NCCCCCCNC(CCCCC([Fr])=O)=O,O=C(CC(CP1(OC2=CC=CC=C2C3=CC=CC=C31)=O)C([Fr])=O)NCCCCCCN[Rb],PA66,96,,,DDP-HMDA,4,,,,,,,,,,,,,,,,,,V-0
10.1002/pat.4206,copolymer,,FRPA66-5,O=C(CC(CP1(OC2=CC=CC=C2C3=CC=CC=C31)=O)C(NCCCCCCNC(CCCCC([Fr])=O)=O)=O)NCCCCCCN[Rb],[Rb]NCCCCCCNC(CCCCC([Fr])=O)=O,O=C(CC(CP1(OC2=CC=CC=C2C3=CC=CC=C31)=O)C([Fr])=O)NCCCCCCN[Rb],PA66,95,,,DDP-HMDA,5,,,,,,,,,,,,,,,,,,V-0
10.1016/j.polymdegradstab.2023.110416,copolymer,,PA1010-co-PDB6,O=C(C1=CC=C(C=C1)OC2=NC(OC3=CC=C(C=C3)C(NCCCCCCCCCCNC(CCCCCCCCC([Fr])=O)=O)=O)=NC(NC4CC(C)(NC(C)(C4)C)C)=N2)NCCCCCCCCCC[Rb],[Rb]NCCCCCCCCCCNC(CCCCCCCCC([Fr])=O)=O,O=C(C1=CC=C(C=C1)OC2=NC(OC3=CC=C(C=C3)C([Fr])=O)=NC(NC4CC(C)(NC(C)(C4)C)C)=N2)NCCCCCCCCCC[Rb],PA1010,94,,,PDB,6,,,,,,,,,,,,,,,,,,V-0
10.11777/j.issn1000-3304.2020.20125,copolymer,,P-FPH80Si20,,[Fr]C(C1=CC=C(C=C1)OC2=CC=C(C=C2)C3(C4=CC=C(C=C4)OC5=CC=C(C=C5)C(NCCCCCCN[Rb])=O)C6=CC=CC=C6C7=C3C=CC=C7)=O,[Fr]C(C1=CC=C(OC2=CC=C(C3(C4=CC=CC=C4C5=C3C=CC=C5)C6=CC=C(OC7=CC=C(C(NCCC[Si](C)(C)O[Si](C)(CCCN[Rb])C)=O)C=C7)C=C6)C=C2)C=C1)=O,,,80,,,,20,,,,,,,,,,,,,,,,,V-0
10.11777/j.issn1000-3304.2020.20125,copolymer,,P-FPSi,,[Fr]C(C1=CC=C(C=C1)OC2=CC=C(C=C2)C3(C4=CC=C(C=C4)OC5=CC=C(C=C5)C(NCCCCCCN[Rb])=O)C6=CC=CC=C6C7=C3C=CC=C7)=O,[Fr]C(C1=CC=C(OC2=CC=C(C3(C4=CC=CC=C4C5=C3C=CC=C5)C6=CC=C(OC7=CC=C(C(NCCC[Si](C)(C)O[Si](C)(CCCN[Rb])C)=O)C=C7)C=C6)C=C2)C=C1)=O,,,0,,,,100,,,,,,,,,,,,,,,,,V-0
10.1016/j.polymer.2014.03.044,copolymer,,P(ET-co-P)80,O=C(O[Rb])C1=CC=C(C(OCCOC(C2=C(C(OCCO[Fr])=O)C=C(C#CC3=CC=CC=C3)C=C2)=O)=O)C=C1,O=C(O[Rb])C1=CC=C(C(OCCO[Fr])=O)C=C1,O=C([Rb])C1=C(C(OCCO[Fr])=O)C=C(C#CC2=CC=CC=C2)C=C1,PET,20,,O=C(OCCO)C1=CC=C(C=C1)C(OCCO)=O,PEPE,80,,,,,,,,,,,,,,,,,,V-0
10.1016/j.matchemphys.2005.09.013,copolymer,,PET/TLCP,O=C([Fr])C1=CC=C(OC(C2=CC=CC=C2C(OC3=CC=C(OC(C4=CC=C(C(OCCO[Rb])=O)C=C4)=O)C=C3P5(OC(C=CC=C6)=C6C7=C5C=CC=C7)=O)=O)=O)C=C1,[Fr]C(C1=CC=C(C(OCCO[Rb])=O)C=C1)=O,O=C([Fr])C1=CC=C(OC(C2=CC=CC=C2C(OC3=CC=C(O[Rb])C=C3P4(OC(C=CC=C5)=C5C6=C4C=CC=C6)=O)=O)=O)C=C1,PET,,92,O=C(OCCO)C1=CC=C(C=C1)C(OCCO)=O,TLCP,,8,,,,,,,,,,,,,,,,,V-0
10.1016/j.matchemphys.2005.09.013,copolymer,,PET/TLCP,O=C([Fr])C1=CC=C(OC(C2=CC=CC=C2C(OC3=CC=C(OC(C4=CC=C(C(OCCO[Rb])=O)C=C4)=O)C=C3P5(OC(C=CC=C6)=C6C7=C5C=CC=C7)=O)=O)=O)C=C1,[Fr]C(C1=CC=C(C(OCCO[Rb])=O)C=C1)=O,O=C([Fr])C1=CC=C(OC(C2=CC=CC=C2C(OC3=CC=C(O[Rb])C=C3P4(OC(C=CC=C5)=C5C6=C4C=CC=C6)=O)=O)=O)C=C1,PET,,90,O=C(OCCO)C1=CC=C(C=C1)C(OCCO)=O,TLCP,,10,,,,,,,,,,,,,,,,,V-0
10.1016/j.matchemphys.2005.09.013,copolymer,,PET/TLCP,O=C([Fr])C1=CC=C(OC(C2=CC=CC=C2C(OC3=CC=C(OC(C4=CC=C(C(OCCO[Rb])=O)C=C4)=O)C=C3P5(OC(C=CC=C6)=C6C7=C5C=CC=C7)=O)=O)=O)C=C1,[Fr]C(C1=CC=C(C(OCCO[Rb])=O)C=C1)=O,O=C([Fr])C1=CC=C(OC(C2=CC=CC=C2C(OC3=CC=C(O[Rb])C=C3P4(OC(C=CC=C5)=C5C6=C4C=CC=C6)=O)=O)=O)C=C1,PET,,85,O=C(OCCO)C1=CC=C(C=C1)C(OCCO)=O,TLCP,,15,,,,,,,,,,,,,,,,,V-0
10.1016/j.matchemphys.2005.09.013,copolymer,,PET/TLCP,O=C([Fr])C1=CC=C(OC(C2=CC=CC=C2C(OC3=CC=C(OC(C4=CC=C(C(OCCO[Rb])=O)C=C4)=O)C=C3P5(OC(C=CC=C6)=C6C7=C5C=CC=C7)=O)=O)=O)C=C1,[Fr]C(C1=CC=C(C(OCCO[Rb])=O)C=C1)=O,O=C([Fr])C1=CC=C(OC(C2=CC=CC=C2C(OC3=CC=C(O[Rb])C=C3P4(OC(C=CC=C5)=C5C6=C4C=CC=C6)=O)=O)=O)C=C1,PET,,80,O=C(OCCO)C1=CC=C(C=C1)C(OCCO)=O,TLCP,,20,,,,,,,,,,,,,,,,,V-0
10.1039/C5RA11390C,copolymer,,PBSH-4%,O=P(O[Fr])(CCC(OCCCCOC(CCC(OCCCCO[Rb])=O)=O)=O)C1=CC=CC=C1,O=C([Fr])CCC(OCCCCO[Rb])=O,O=P(O[Fr])(CCC(OCCCCO[Rb])=O)C1=CC=CC=C1,PBS,,96,OCCCCOC(CCC(O)=O)=O,HPPPA,,4,,,,,,,,,,,,,,,,,V-0
10.1007/s12034-009-0054-4,copolymer,,FR-PA66,[Fr]C(C1=CC=C(C=C1)P(C(C=C2)=CC=C2C(NCCCCCCNC(CCCCC(NCCCCCCN[Rb])=O)=O)=O)(C3=CC=CC=C3)=O)=O,[Fr]C(C1=CC=C(C=C1)P(C(C=C2)=CC=C2C([Rb])=O)(C3=CC=CC=C3)=O)=O,O=C(NCCCCCCN[Fr])CCCCC(NCCCCCCN[Rb])=O,BCPPO,7,,OC(C1=CC=C(C=C1)P(C(C=C2)=CC=C2C(O)=O)(C3=CC=CC=C3)=O)=O,AH salt,93,,,,,,,,,,,,,,,,,,V-0
10.3969/j.issn.1001-3539.2015.07.005,copolymer,,FR-PA66,O=C(CCCCC(NCCCCCCNC(C1=CC=C(NP(C2=CC=CC=C2)(CCC(NC3=CC=C(C(O[Fr])=O)C=C3)=O)=O)C=C1)=O)=O)ONCCCCCCN[Rb],O=C(CCCCC([Fr])=O)ONCCCCCCN[Rb],O=C(NCCCCCCN[Rb])C1=CC=C(NP(C2=CC=CC=C2)(CCC(NC3=CC=C(C(O[Fr])=O)C=C3)=O)=O)C=C1,PA66 salt,3,,[NH3+]CCCCCC[NH3+].[O-]C(CCCCC([O-])=O)=O,BNPPO salt,97,,,,,,,,,,,,,,,,,,V-0
10.1002/pat.4784,copolymer,,PMMA-co-BDPA-15,O=C(OC(C1=CC=C(C=C1)OP(OC2=CC=CC=C2)(OC3=CC=CC=C3)=O)C4=CC=C(C=C4)OP(OC5=CC=CC=C5)(OC6=CC=CC=C6)=O)C(CC(C(OC)=O)([Fr])C)C[Rb],CC(C(OC)=O)([Fr])C[Rb],O=C(OC(C1=CC=C(C=C1)OP(OC2=CC=CC=C2)(OC3=CC=CC=C3)=O)C4=CC=C(C=C4)OP(OC5=CC=CC=C5)(OC6=CC=CC=C6)=O)C([Fr])C[Rb],PMMA,85,,CC(C(OC)=O)=C,bis(4-((diphenoxyphosphoryl)oxy)phenyl)methyl acrylate(BDPA),15,,,,,,,,,,,,,,,,,,non-V-0
10.1039/D0RA07822K,copolymer,,Polyamide66(PA66),[Rb]NCCCCCCNC(CCCCC(NCCCCCCNC(CCCCC(OCCOP(CCC([Fr])=O)(C1=CC=CC=C1)=O)=O)=O)=O)=O,[Rb]NCCCCCCNC(CCCCC([Fr])=O)=O,[Rb]NCCCCCCNC(CCCCC(OCCOP(CCC([Fr])=O)(C1=CC=CC=C1)=O)=O)=O,PA66salt,96,,[NH3+]CCCCCCNC(CCCCC([O-])=O)=O,CPPOA,4,,,,,,,,,,,,,,,,,,non-V-0
10.1039/C6PY00183A,copolymer,,PET-co-DPDPI5,O=C(C1=CC(C(OCCOC(C(C=C2)=CC=C2C([Fr])=O)=O)=O)=CC(N3C(C=C(C3=O)C4=CC=CC=C4)=O)=C1)OCCO[Rb],O=C([Fr])C1=CC=C(C=C1)C(OCCO[Rb])=O,O=C(C1=CC(C([Fr])=O)=CC(N2C(C=C(C2=O)C3=CC=CC=C3)=O)=C1)OCCO[Rb],PET,,100,,DPDPI,,4.7,,,,,,,,,,,,,,,,,non-V-0
10.1007/s10965-006-0082-3,copolymer,,PC-co-ODOPB1,O=P1(C2=C(C3=C(O1)C=CC=C3)C=CC=C2)C(C=C4OC(OC(C=C5)=CC=C5C(C)(C6=CC=C(O[Rb])C=C6)C)=O)=C(C=C4)OC([Fr])=O,CC(C1=CC=C(OC([Fr])=O)C=C1)(C2=CC=C(O[Rb])C=C2)C,O=P1(C2=C(C3=C(O1)C=CC=C3)C=CC=C2)C(C=C4O[Rb])=C(C=C4)OC([Fr])=O,PC,97.7,,,ODOPB,2.3,,,,,,,,,,,,,,,,,,non-V-0
10.1007/BF03219026,copolymer,,FR-PBT-10,O=C([Fr])C1=CC=C(C=C1)C(OCCCCOC(C(CP2(OC3=C(C4=C2C=CC=C4)C=CC=C3)=O)CC(OCCCCO[Rb])=O)=O)=O,O=C(C1=CC=C(C(OCCCCO[Rb])=O)C=C1)[Fr],O=C(CC(CP1(OC2=C(C3=C1C=CC=C3)C=CC=C2)=O)C([Fr])=O)OCCCCO[Rb],PBT,,90,,DOP-MBDA,,10,,,,,,,,,,,,,,,,,non-V-0
10.1007/BF03219026,copolymer,,FR-PBT-15,O=C([Fr])C1=CC=C(C=C1)C(OCCCCOC(C(CP2(OC3=C(C4=C2C=CC=C4)C=CC=C3)=O)CC(OCCCCO[Rb])=O)=O)=O,O=C(C1=CC=C(C(OCCCCO[Rb])=O)C=C1)[Fr],O=C(CC(CP1(OC2=C(C3=C1C=CC=C3)C=CC=C2)=O)C([Fr])=O)OCCCCO[Rb],PBT,,85,,DOP-MBDA,,15,,,,,,,,,,,,,,,,,non-V-0
10.1002/app.47488,copolymer,,1%TRFR/PA66,[H]N(P1(OCC2(COP(N(C3=CC=C(C=C3)C([Fr])=O)[H])(OC2)=O)CO1)=O)C(C=C4)=CC=C4C(NCCCCCCNC(CCCCC(NCCCCCCN[Rb])=O)=O)=O,O=C(CCCCC([Fr])=O)NCCCCCCN[Rb],[H]N(P1(OCC2(COP(N(C3=CC=C(C=C3)C([Fr])=O)[H])(OC2)=O)CO1)=O)C(C=C4)=CC=C4C(NCCCCCCN[Rb])=O,PA66,99,,,TRFR,1,,,,,,,,,,,,,,,,,,non-V-0
10.1002/app.43538,copolymer,,PA66-NENP3,O=C(NCCCCCCN[Rb])CCCCC(NCCCCCCNC(C1=CC=C(C=C1)N(C(CCP(N([H])C2=CC=C(C([Fr])=O)C=C2)(C3=CC=CC=C3)=O)=O)[H])=O)=O,O=C(CCCCC([Fr])=O)NCCCCCCN[Rb],[H]N(C(CCP(N(C1=CC=C(C=C1)C([Fr])=O)[H])(C2=CC=CC=C2)=O)=O)C(C=C3)=CC=C3C(NCCCCCCN[Rb])=O,PA66,97,,,NENP,3,,,,,,,,,,,,,,,,,,non-V-0
10.1002/fam.2385,copolymer,,PA66-PDPPD2,O=C(NCCCCCCNC(CCCCC(NC1=CC=C(C=C1)NP(NC2=CC=C(C=C2)P(NC3=CC=C(C=C3)P(NC4=CC=C(C=C4)P(NC5=CC=C(C=C5)P(NC6=CC=C(C=C6)N[Rb])(C7=CC=CC=C7)=O)(C8=CC=CC=C8)=O)(C9=CC=CC=C9)=O)(C%10=CC=CC=C%10)=O)(C%11=CC=CC=C%11)=O)=O)=O)CCCCC([Fr])=O,O=C(CCCCC([Fr])=O)NCCCCCCN[Rb],O=C(NC1=CC=C(NP(NC2=CC=C(P(NC3=CC=C(P(NC4=CC=C(P(NC5=CC=C(P(NC6=CC=C(N[Rb])C=C6)(C7=CC=CC=C7)=O)C=C5)(C8=CC=CC=C8)=O)C=C4)(C9=CC=CC=C9)=O)C=C3)(C%10=CC=CC=C%10)=O)C=C2)(C%11=CC=CC=C%11)=O)C=C1)CCCCC([Fr])=O,PA66,97,,,PDPPD,3,,,,,,,,,,,,,,,,,,non-V-0
10.1016/j.eurpolymj.2022.111174,copolymer,,MH-PPOA5-co-PET,O=C(C1=CC=C(C=C1)C(OP(O[Mg]OP([Fr])(C2=CC=CC=C2)=O)(C3=CC=CC=C3)=O)=O)OCCO[Rb],O=C([Fr])C1=CC=C(C(OCCO[Rb])=O)C=C1,O=P(O[Mg]OP([Fr])(C1=CC=CC=C1)=O)(C2=CC=CC=C2)O[Rb],PET,100,,,MH-PPOA,5,,,,,,,,,,,,,,,,,,non-V-0
10.1002/pat.4784,copolymer,,PMMA-co-BDPA-15,COC(=O)C(C)([Fr])CC(C[Rb])C(=O)OC(C1=CC=C(OP(=O)(OC2=CC=CC=C2)OC2=CC=CC=C2)C=C1)C1=CC=C(OP(=O)(OC2=CC=CC=C2)OC2=CC=CC=C2)C=C1,CC(C(OC)=O)([Fr])C[Rb],O=C(OC(C1=CC=C(C=C1)OP(OC2=CC=CC=C2)(OC3=CC=CC=C3)=O)C4=CC=C(C=C4)OP(OC5=CC=CC=C5)(OC6=CC=CC=C6)=O)C([Fr])C[Rb],PMMA,85,,,BDPA,15,,,,,,,,,,,,,,,,,,non-V-0
10.1016/j.polymdegradstab.2020.109310,copolymer,,PBT-HPPA,O=C(CCP(=O)(O[Rb])C1=CC=CC=C1)OCCCCOC(=O)C1=CC=C(C(=O)[Fr])C=C1,O=C([Fr])C1=CC=C(C(=O)OCCCCO[Rb])C=C1,O=C(CCP(O[Rb])(C1=CC=CC=C1)=O)[Fr],PBT,,97,,HPPA,,3,,,,,,,,,,,,,,,,,non-V-0
10.1039/C6RA17108G,copolymer,,PA-5,[Rb]NCCCCCNC(CCCCC(NCCCCCNC(C(C([Fr])=O)CP1(OC2=CC=CC=C2C3=CC=CC=C31)=O)=O)=O)=O,[Rb]NCCCCCNC(CCCCC([Fr])=O)=O,O=C(C(C([Fr])=O)CP1(OC2=CC=CC=C2C3=CC=CC=C31)=O)NCCCCCN[Rb],PA,90,,,DDPDA,10,,,,,,,,,,,,,,,,,,non-V-0
10.11777/j.issn1000-3304.2020.20125,copolymer,,P-FPH90Si10,,[Fr]C(C1=CC=C(C=C1)OC2=CC=C(C=C2)C3(C4=CC=C(C=C4)OC5=CC=C(C=C5)C(NCCCCCCN[Rb])=O)C6=CC=CC=C6C7=C3C=CC=C7)=O,[Fr]C(C1=CC=C(OC2=CC=C(C3(C4=CC=CC=C4C5=C3C=CC=C5)C6=CC=C(OC7=CC=C(C(NCCC[Si](C)(C)O[Si](C)(CCCN[Rb])C)=O)C=C7)C=C6)C=C2)C=C1)=O,,,90,,,,10,,,,,,,,,,,,,,,,,non-V-0
10.11777/j.issn1000-3304.2020.20125,copolymer,,P-FPH70Si30,,[Fr]C(C1=CC=C(C=C1)OC2=CC=C(C=C2)C3(C4=CC=C(C=C4)OC5=CC=C(C=C5)C(NCCCCCCN[Rb])=O)C6=CC=CC=C6C7=C3C=CC=C7)=O,[Fr]C(C1=CC=C(OC2=CC=C(C3(C4=CC=CC=C4C5=C3C=CC=C5)C6=CC=C(OC7=CC=C(C(NCCC[Si](C)(C)O[Si](C)(CCCN[Rb])C)=O)C=C7)C=C6)C=C2)C=C1)=O,,,70,,,,30,,,,,,,,,,,,,,,,,non-V-0
10.11777/j.issn1000-3304.2020.20125,copolymer,,P-FPH50Si50,,[Fr]C(C1=CC=C(C=C1)OC2=CC=C(C=C2)C3(C4=CC=C(C=C4)OC5=CC=C(C=C5)C(NCCCCCCN[Rb])=O)C6=CC=CC=C6C7=C3C=CC=C7)=O,[Fr]C(C1=CC=C(OC2=CC=C(C3(C4=CC=CC=C4C5=C3C=CC=C5)C6=CC=C(OC7=CC=C(C(NCCC[Si](C)(C)O[Si](C)(CCCN[Rb])C)=O)C=C7)C=C6)C=C2)C=C1)=O,,,50,,,,50,,,,,,,,,,,,,,,,,non-V-0
10.3969/j.issn.1001-3539.2015.07.005,copolymer,,FR-PA66,O=C(CCCCC(NCCCCCCNC(C1=CC=C(NP(C2=CC=CC=C2)(CCC(NC3=CC=C(C(O[Fr])=O)C=C3)=O)=O)C=C1)=O)=O)ONCCCCCCN[Rb],O=C(CCCCC([Fr])=O)ONCCCCCCN[Rb],O=C(NCCCCCCN[Rb])C1=CC=C(NP(C2=CC=CC=C2)(CCC(NC3=CC=C(C(O[Fr])=O)C=C3)=O)=O)C=C1,PA66 salt,2,,[NH3+]CCCCCC[NH3+].[O-]C(CCCCC([O-])=O)=O,BNPPO salt,98,,,,,,,,,,,,,,,,,,non-V-0
10.1039/c7ra13228j,copolymer,,PA6-co-DDP2,[Fr]C(CCCCCNC(C(CP1(OC2=CC=CC=C2C3=CC=CC=C31)=O)CC(NCCCCCCCCCCN[Rb])=O)=O)=O,[Fr]C(CCCCCN[Rb])=O,O=C(NCCCCCCCCCCN[Rb])CC(C([Fr])=O)CP1(OC2=CC=CC=C2C3=CC=CC=C31)=O,PA6,98,,NCCCCCC(O)=O,DDPsalt,2,,,,,,,,,,,,,,,,,,non-V-0
10.1039/c7ra13228j,copolymer,,PA6-co-DDP3,[Fr]C(CCCCCNC(C(CP1(OC2=CC=CC=C2C3=CC=CC=C31)=O)CC(NCCCCCCCCCCN[Rb])=O)=O)=O,[Fr]C(CCCCCN[Rb])=O,O=C(NCCCCCCCCCCN[Rb])CC(C([Fr])=O)CP1(OC2=CC=CC=C2C3=CC=CC=C31)=O,PA6,97,,NCCCCCC(O)=O,DDPsalt,3,,,,,,,,,,,,,,,,,,non-V-0
10.1039/c2jm34376b,copolymer,,Poly(ethylene terephthalate) (PET),[Fr]C(C1=CC=C(C=C1)C(OCCOC(C2=CC=C(C=C2C(OCCO[Rb])=O)C#CC3=CC=CC=C3)=O)=O)=O,O=C([Fr])C1=CC=C(C(=O)OCCO[Rb])C=C1,O=C(C1=CC=C(C#CC2=CC=CC=C2)C=C1C(OCCO[Rb])=O)[Fr],PET,,90,OCCOC(C1=CC=C(C=C1)C(OCCO)=O)=O,4-(phenylethynyl) di(ethylene glycol) phthalate (PEPE),,10,,,,,,,,,,,,,,,,,non-V-0
10.1039/c2jm34376b,copolymer,,Poly(ethylene terephthalate) (PET),[Fr]C(C1=CC=C(C=C1)C(OCCOC(C2=CC=C(C=C2C(OCCO[Rb])=O)C#CC3=CC=CC=C3)=O)=O)=O,O=C([Fr])C1=CC=C(C(=O)OCCO[Rb])C=C1,O=C(C1=CC=C(C#CC2=CC=CC=C2)C=C1C(OCCO[Rb])=O)[Fr],PET,,80,OCCOC(C1=CC=C(C=C1)C(OCCO)=O)=O,4-(phenylethynyl) di(ethylene glycol) phthalate (PEPE),,20,,,,,,,,,,,,,,,,,non-V-0
10.1016/j.polymdegradstab.2019.03.004,copolymer,,PA6-co-DPO,[H]N(C(CC(C([Fr])=O)CP(C1=CC=CC=C1)(C2=CC=CC=C2)=O)=O)CCCCCCCCCCNC(CCCCCN[Rb])=O,[Fr]C(CCCCCN[Rb])=O,[H]N(C(CC(C([Fr])=O)CP(C1=CC=CC=C1)(C2=CC=CC=C2)=O)=O)CCCCCCCCCCN[Rb],PA6,98,,NCCCCCC(O)=O,DPDPO-DMDAsalt,2,,,,,,,,,,,,,,,,,,non-V-0
10.1016/j.polymdegradstab.2019.03.004,copolymer,,PA6-co-DPO,[H]N(C(CC(C([Fr])=O)CP(C1=CC=CC=C1)(C2=CC=CC=C2)=O)=O)CCCCCCCCCCNC(CCCCCN[Rb])=O,[Fr]C(CCCCCN[Rb])=O,[H]N(C(CC(C([Fr])=O)CP(C1=CC=CC=C1)(C2=CC=CC=C2)=O)=O)CCCCCCCCCCN[Rb],PA6,97,,NCCCCCC(O)=O,DPDPO-DMDAsalt,3,,,,,,,,,,,,,,,,,,non-V-0
10.1002/pat.4784,copolymer,,PMMA-co-BDPA-10,O=C(OC(C1=CC=C(C=C1)OP(OC2=CC=CC=C2)(OC3=CC=CC=C3)=O)C4=CC=C(C=C4)OP(OC5=CC=CC=C5)(OC6=CC=CC=C6)=O)C(CC(C(OC)=O)([Fr])C)C[Rb],CC(C(OC)=O)([Fr])C[Rb],O=C(OC(C1=CC=C(C=C1)OP(OC2=CC=CC=C2)(OC3=CC=CC=C3)=O)C4=CC=C(C=C4)OP(OC5=CC=CC=C5)(OC6=CC=CC=C6)=O)C([Fr])C[Rb],PMMA,90,,CC(C(OC)=O)=C,bis(4-((diphenoxyphosphoryl)oxy)phenyl)methyl acrylate(BDPA),10,,,,,,,,,,,,,,,,,,non-V-0
10.1039/D0RA07822K,copolymer,,Polyamide66(PA66),[Rb]NCCCCCCNC(CCCCC(NCCCCCCNC(CCCCC(OCCOP(CCC([Fr])=O)(C1=CC=CC=C1)=O)=O)=O)=O)=O,[Rb]NCCCCCCNC(CCCCC([Fr])=O)=O,[Rb]NCCCCCCNC(CCCCC(OCCOP(CCC([Fr])=O)(C1=CC=CC=C1)=O)=O)=O,PA66salt,100,,[NH3+]CCCCCCNC(CCCCC([O-])=O)=O,CPPOA,0,,,,,,,,,,,,,,,,,,non-V-0
10.1039/D0RA07822K,copolymer,,Polyamide66(PA66),[Rb]NCCCCCCNC(CCCCC(NCCCCCCNC(CCCCC(OCCOP(CCC([Fr])=O)(C1=CC=CC=C1)=O)=O)=O)=O)=O,[Rb]NCCCCCCNC(CCCCC([Fr])=O)=O,[Rb]NCCCCCCNC(CCCCC(OCCOP(CCC([Fr])=O)(C1=CC=CC=C1)=O)=O)=O,PA66salt,98,,[NH3+]CCCCCCNC(CCCCC([O-])=O)=O,CPPOA,2,,,,,,,,,,,,,,,,,,non-V-0
10.1007/s10924-022-02466-6,copolymer,,Polyamide56(PA56),O=C(CC(CP1(OC2=C(C=CC=C2)C3=C1C=CC=C3)=O)C([Fr])=O)NCCCCCNC(CCCCC(NCCCCCN[Rb])=O)=O,[Rb]NCCCCCNC(CCCCC([Fr])=O)=O,O=C(CC(CP1(OC2=C(C=CC=C2)C3=C1C=CC=C3)=O)C([Fr])=O)NCCCCCN[Rb],PA56salt,,99.5,[O-]C(CCCCC([O-])=O)=O.[NH3+]CCCCC[NH3+],PDA-DDPsalt,,0.5,,,,,,,,,,,,,,,,,non-V-0
10.1007/s10924-022-02466-6,copolymer,,Polyamide56(PA56),O=C(CC(CP1(OC2=C(C=CC=C2)C3=C1C=CC=C3)=O)C([Fr])=O)NCCCCCNC(CCCCC(NCCCCCN[Rb])=O)=O,[Rb]NCCCCCNC(CCCCC([Fr])=O)=O,O=C(CC(CP1(OC2=C(C=CC=C2)C3=C1C=CC=C3)=O)C([Fr])=O)NCCCCCN[Rb],PA56salt,,99.3,[O-]C(CCCCC([O-])=O)=O.[NH3+]CCCCC[NH3+],PDA-DDPsalt,,0.7,,,,,,,,,,,,,,,,,non-V-0
10.1016/j.polymdegradstab.2014.06.003,copolymer,,PCTD5,[Rb]OCCOc1cc(P2(Oc3c(c4ccccc42)cccc3)=O)c(OCCOC(c5ccc(C(OCC6CCC(COC(c7ccc(C([Fr])=O)cc7)=O)CC6)=O)cc5)=O)cc1,[Fr]C(c1ccc(C(OCC(CC2)CCC2CO[Rb])=O)cc1)=O,O=C([Fr])c1ccc(C(OCCOc2cc(P3(Oc4c(c5ccccc53)cccc4)=O)c(OCCO[Rb])cc2)=O)cc1,PCT,,95,,DOPO-HQ-HE,,5,,,,,,,,,,,,,,,,,non-V-0
10.1016/j.polymdegradstab.2014.06.003,copolymer,,PCTD10,[Rb]OCCOc1cc(P2(Oc3c(c4ccccc42)cccc3)=O)c(OCCOC(c5ccc(C(OCC6CCC(COC(c7ccc(C([Fr])=O)cc7)=O)CC6)=O)cc5)=O)cc1,[Fr]C(c1ccc(C(OCC(CC2)CCC2CO[Rb])=O)cc1)=O,O=C([Fr])c1ccc(C(OCCOc2cc(P3(Oc4c(c5ccccc53)cccc4)=O)c(OCCO[Rb])cc2)=O)cc1,PCT,,90,,DOPO-HQ-HE,,10,,,,,,,,,,,,,,,,,non-V-0
10.1016/j.polymdegradstab.2014.06.003,copolymer,,PCTD20,[Rb]OCCOc1cc(P2(Oc3c(c4ccccc42)cccc3)=O)c(OCCOC(c5ccc(C(OCC6CCC(COC(c7ccc(C([Fr])=O)cc7)=O)CC6)=O)cc5)=O)cc1,[Fr]C(c1ccc(C(OCC(CC2)CCC2CO[Rb])=O)cc1)=O,O=C([Fr])c1ccc(C(OCCOc2cc(P3(Oc4c(c5ccccc53)cccc4)=O)c(OCCO[Rb])cc2)=O)cc1,PCT,,80,,DOPO-HQ-HE,,20,,,,,,,,,,,,,,,,,non-V-0
10.1016/j.polymdegradstab.2015.07.001,copolymer,,F5PET,O=C(c1ccc(C(OCCOC(c2ccc(C([Fr])=O)cc2)=O)=O)cc1)OCCOc3ccc(Cc4ccc(OCCO[Rb])cc4)cc3,O=C(C1=CC=C(C=C1)C(OCCO[Rb])=O)[Fr],O=C([Fr])C1=CC=C(C(OCCOc2ccc(Cc3ccc(OCCO[Rb])cc3)cc2)=O)C=C1,PET,,95,,BHBPF,,5,,,,,,,,,,,,,,,,,non-V-0
10.1016/j.polymdegradstab.2015.07.001,copolymer,,F10PET,O=C(c1ccc(C(OCCOC(c2ccc(C([Fr])=O)cc2)=O)=O)cc1)OCCOc3ccc(Cc4ccc(OCCO[Rb])cc4)cc3,O=C(C1=CC=C(C=C1)C(OCCO[Rb])=O)[Fr],O=C([Fr])C1=CC=C(C(OCCOc2ccc(Cc3ccc(OCCO[Rb])cc3)cc2)=O)C=C1,PET,,90,,BHBPF,,10,,,,,,,,,,,,,,,,,non-V-0
10.1016/j.polymdegradstab.2015.07.001,copolymer,,F20PET,O=C(c1ccc(C(OCCOC(c2ccc(C([Fr])=O)cc2)=O)=O)cc1)OCCOc3ccc(Cc4ccc(OCCO[Rb])cc4)cc3,O=C(C1=CC=C(C=C1)C(OCCO[Rb])=O)[Fr],O=C([Fr])C1=CC=C(C(OCCOc2ccc(Cc3ccc(OCCO[Rb])cc3)cc2)=O)C=C1,PET,,80,,BHBPF,,20,,,,,,,,,,,,,,,,,non-V-0
10.1016/j.polymdegradstab.2015.07.001,copolymer,,F30PET,O=C(c1ccc(C(OCCOC(c2ccc(C([Fr])=O)cc2)=O)=O)cc1)OCCOc3ccc(Cc4ccc(OCCO[Rb])cc4)cc3,O=C(C1=CC=C(C=C1)C(OCCO[Rb])=O)[Fr],O=C([Fr])C1=CC=C(C(OCCOc2ccc(Cc3ccc(OCCO[Rb])cc3)cc2)=O)C=C1,PET,,70,,BHBPF,,30,,,,,,,,,,,,,,,,,non-V-0
10.1016/j.jhazmat.2020.122040,copolymer,,EKE5PET,O=C(C1=CC=C(C=C1)C(OCCO[Rb])=O)OCCOC2=CC=C(C=C2)OC3=CC=C(C=C3)C(C4=CC=C(C=C4)OC5=CC=C(C=C5)OCCOC([Fr])=O)=O,O=C([Fr])C1=CC=C(C(OCCO[Rb])=O)C=C1,O=C(C1=CC=C(OC2=CC=C(OCCOC(C(C=C3)=CC=C3C([Fr])=O)=O)C=C2)C=C1)C4=CC=C(OC5=CC=C(OCCO[Rb])C=C5)C=C4,PET,,100,,EKE,,5,,,,,,,,,,,,,,,,,non-V-0
10.1016/j.jhazmat.2020.122040,copolymer,,EKE10PET,O=C(C1=CC=C(C=C1)C(OCCO[Rb])=O)OCCOC2=CC=C(C=C2)OC3=CC=C(C=C3)C(C4=CC=C(C=C4)OC5=CC=C(C=C5)OCCOC([Fr])=O)=O,O=C([Fr])C1=CC=C(C(OCCO[Rb])=O)C=C1,O=C(C1=CC=C(OC2=CC=C(OCCOC(C(C=C3)=CC=C3C([Fr])=O)=O)C=C2)C=C1)C4=CC=C(OC5=CC=C(OCCO[Rb])C=C5)C=C4,PET,,100,,EKE,,10,,,,,,,,,,,,,,,,,non-V-0
10.1016/j.jhazmat.2020.122040,copolymer,,EKE20PET,O=C(C1=CC=C(C=C1)C(OCCO[Rb])=O)OCCOC2=CC=C(C=C2)OC3=CC=C(C=C3)C(C4=CC=C(C=C4)OC5=CC=C(C=C5)OCCOC([Fr])=O)=O,O=C([Fr])C1=CC=C(C(OCCO[Rb])=O)C=C1,O=C(C1=CC=C(OC2=CC=C(OCCOC(C(C=C3)=CC=C3C([Fr])=O)=O)C=C2)C=C1)C4=CC=C(OC5=CC=C(OCCO[Rb])C=C5)C=C4,PET,,100,,EKE,,15,,,,,,,,,,,,,,,,,non-V-0
10.1002/pol.20230521,copolymer,,PA6,[Rb]CCCCCCNC(C(CP1(OC2=CC=CC=C2C3=CC=CC=C31)=O)CC(NCCCCCC([Fr])=O)=O)=O,[Rb]NCCCCCC([Fr])=O,[Rb]CCCCCCNC(C(CP1(OC2=CC=CC=C2C3=CC=CC=C31)=O)CC([Fr])=O)=O,PA6,0,,,DOPO-ITA,100,,,,,,,,,,,,,,,,,,non-V-0
10.1002/pol.20230521,copolymer,,DOPO-ITA1.5,[Rb]CCCCCCNC(C(CP1(OC2=CC=CC=C2C3=CC=CC=C31)=O)CC(NCCCCCC([Fr])=O)=O)=O,[Rb]NCCCCCC([Fr])=O,[Rb]CCCCCCNC(C(CP1(OC2=CC=CC=C2C3=CC=CC=C31)=O)CC([Fr])=O)=O,PA6,1.5,,,DOPO-ITA,98.5,,,,,,,,,,,,,,,,,,non-V-0
10.1039/C6PY00183A,copolymer,,PET-co-DPDPI2,O=C(C1=CC(C(OCCOC(C(C=C2)=CC=C2C([Fr])=O)=O)=O)=CC(N3C(C=C(C3=O)C4=CC=CC=C4)=O)=C1)OCCO[Rb],O=C([Fr])C1=CC=C(C=C1)C(OCCO[Rb])=O,O=C(C1=CC(C([Fr])=O)=CC(N2C(C=C(C2=O)C3=CC=CC=C3)=O)=C1)OCCO[Rb],PET,,100,,DPDPI,,2.2,,,,,,,,,,,,,,,,,non-V-0
10.1016/j.cej.2023.144983,copolymer,,PA 6-co-DPA1c,[Fr]C(CCCCCNC(C1=CC(C(NCCCCCC([Rb])=O)=O)=CC(NP(C2=CC=CC=C2)(C3=CC=CC=C3)=O)=C1)=O)=O,[Rb]NCCCCCC([Fr])=O,[Rb]C(CCCCCNC(C1=CC(NP(C2=CC=CC=C2)(C3=CC=CC=C3)=O)=CC(C([Fr])=O)=C1)=O)=O,PA6,,100,NCCCCCC(O)=O,DPA,,1,,,,,,,,,,,,,,,,,non-V-0
10.1021/acsapm.3c00444,homopolymer,,PC,[Rb]OC1=CC=C(C=C1)C(C)(C2=CC=C(C=C2)OC([Fr])=O)C,[Rb]OC1=CC=C(C=C1)C(C)(C2=CC=C(C=C2)OC([Fr])=O)C,[Rb]OC1=CC=C(C=C1)C(C)(C2=CC=C(C=C2)OC([Fr])=O)C,PC,,100,,,,0,,,,,,,,,,,,,,,,,non-V-0
10.1007/BF03219026,copolymer,,FR-PBT-5.5,O=C([Fr])C1=CC=C(C=C1)C(OCCCCOC(C(CP2(OC3=C(C4=C2C=CC=C4)C=CC=C3)=O)CC(OCCCCO[Rb])=O)=O)=O,O=C(C1=CC=C(C(OCCCCO[Rb])=O)C=C1)[Fr],O=C(CC(CP1(OC2=C(C3=C1C=CC=C3)C=CC=C2)=O)C([Fr])=O)OCCCCO[Rb],PBT,,94.5,,DOP-MBDA,,5.5,,,,,,,,,,,,,,,,,non-V-0
10.1007/BF03219026,copolymer,,FR-PBT-8,O=C([Fr])C1=CC=C(C=C1)C(OCCCCOC(C(CP2(OC3=C(C4=C2C=CC=C4)C=CC=C3)=O)CC(OCCCCO[Rb])=O)=O)=O,O=C(C1=CC=C(C(OCCCCO[Rb])=O)C=C1)[Fr],O=C(CC(CP1(OC2=C(C3=C1C=CC=C3)C=CC=C2)=O)C([Fr])=O)OCCCCO[Rb],PBT,,92,,DOP-MBDA,,8,,,,,,,,,,,,,,,,,non-V-0
10.1002/app.43538,copolymer,,PA66-NENP1,O=C(NCCCCCCN[Rb])CCCCC(NCCCCCCNC(C1=CC=C(C=C1)N(C(CCP(N([H])C2=CC=C(C([Fr])=O)C=C2)(C3=CC=CC=C3)=O)=O)[H])=O)=O,O=C(CCCCC([Fr])=O)NCCCCCCN[Rb],[H]N(C(CCP(N(C1=CC=C(C=C1)C([Fr])=O)[H])(C2=CC=CC=C2)=O)=O)C(C=C3)=CC=C3C(NCCCCCCN[Rb])=O,PA66,99,,,NENP,1,,,,,,,,,,,,,,,,,,non-V-0
10.1002/fam.2385,copolymer,,PA66-PDPPD1,O=C(NCCCCCCNC(CCCCC(NC1=CC=C(C=C1)NP(NC2=CC=C(C=C2)P(NC3=CC=C(C=C3)P(NC4=CC=C(C=C4)P(NC5=CC=C(C=C5)P(NC6=CC=C(C=C6)N[Rb])(C7=CC=CC=C7)=O)(C8=CC=CC=C8)=O)(C9=CC=CC=C9)=O)(C%10=CC=CC=C%10)=O)(C%11=CC=CC=C%11)=O)=O)=O)CCCCC([Fr])=O,O=C(CCCCC([Fr])=O)NCCCCCCN[Rb],O=C(NC1=CC=C(NP(NC2=CC=C(P(NC3=CC=C(P(NC4=CC=C(P(NC5=CC=C(P(NC6=CC=C(N[Rb])C=C6)(C7=CC=CC=C7)=O)C=C5)(C8=CC=CC=C8)=O)C=C4)(C9=CC=CC=C9)=O)C=C3)(C%10=CC=CC=C%10)=O)C=C2)(C%11=CC=CC=C%11)=O)C=C1)CCCCC([Fr])=O,PA66,98.5,,,PDPPD,1.5,,,,,,,,,,,,,,,,,,non-V-0
10.1002/marc.201700451,copolymer,,P(ET-co-P)20,O=C([Fr])C1=CC=C(C(=O)OCCOC(=O)C2=CC=C(C#CC3=CC=CC=C3)C=C2C(=O)OCCO[Rb])C=C1,O=C([Fr])C1=CC=C(C(OCCO[Rb])=O)C=C1,,PET,,100,,,,,PEPE,O=C(C1=CC=C(C=C1C(OCCO[Rb])=O)C#CC2=CC=CC=C2)[Fr],,20,,,,,,,,,,,,,non-V-0
10.1002/marc.201700451,copolymer,,P(ET-co-P)40,O=C([Fr])C1=CC=C(C(=O)OCCOC(=O)C2=CC=C(C#CC3=CC=CC=C3)C=C2C(=O)OCCO[Rb])C=C1,O=C([Fr])C1=CC=C(C(OCCO[Rb])=O)C=C1,,PET,,100,,,,,PEPE,O=C(C1=CC=C(C=C1C(OCCO[Rb])=O)C#CC2=CC=CC=C2)[Fr],,40,,,,,,,,,,,,,non-V-0
10.1016/j.eurpolymj.2022.111174,copolymer,,MH-PPOA3-co-PET,O=C(C1=CC=C(C=C1)C(OP(O[Mg]OP([Fr])(C2=CC=CC=C2)=O)(C3=CC=CC=C3)=O)=O)OCCO[Rb],O=C([Fr])C1=CC=C(C(OCCO[Rb])=O)C=C1,,PET,100,,,,,,MH-PPOA,O=P(O[Mg]OP([Fr])(C1=CC=CC=C1)=O)(C2=CC=CC=C2)O[Rb],3,,,,,,,,,,,,,,non-V-0
10.1007/s10924-022-02466-6,copolymer,,PA56,O=C(CCCCC(=O)NCCCCCNC(=O)CC(CP1(=O)OC2=C(C=CC=C2)C2=C1C=CC=C2)C(=O)[Fr])NCCCCCN[Rb],O=C(CCCCC(NCCCCCN[Rb])=O)[Fr],,PA56,,100,,,,,,O=C(NCCCCCN[Rb])CC(C([Fr])=O)CP1(OC2=C(C3=C1C=CC=C3)C=CC=C2)=O,,0,,,,,,,,,,,,,non-V-0
10.1007/s10924-022-02466-6,copolymer,,PA56-0.5DDP,O=C(CCCCC(=O)NCCCCCNC(=O)CC(CP1(=O)OC2=C(C=CC=C2)C2=C1C=CC=C2)C(=O)[Fr])NCCCCCN[Rb],O=C(CCCCC(NCCCCCN[Rb])=O)[Fr],,PA56,,100,,,,,,O=C(NCCCCCN[Rb])CC(C([Fr])=O)CP1(OC2=C(C3=C1C=CC=C3)C=CC=C2)=O,,0.5,,,,,,,,,,,,,non-V-0
10.1007/s10924-022-02466-6,copolymer,,PA56-0.7DDP,O=C(CCCCC(=O)NCCCCCNC(=O)CC(CP1(=O)OC2=C(C=CC=C2)C2=C1C=CC=C2)C(=O)[Fr])NCCCCCN[Rb],O=C(CCCCC(NCCCCCN[Rb])=O)[Fr],,PA56,,100,,,,,,O=C(NCCCCCN[Rb])CC(C([Fr])=O)CP1(OC2=C(C3=C1C=CC=C3)C=CC=C2)=O,,0.7,,,,,,,,,,,,,non-V-0
10.1002/pat.4784,copolymer,,PMMA-co-BDPA-10,COC(=O)C(C)([Fr])CC(C[Rb])C(=O)OC(C1=CC=C(OP(=O)(OC2=CC=CC=C2)OC2=CC=CC=C2)C=C1)C1=CC=C(OP(=O)(OC2=CC=CC=C2)OC2=CC=CC=C2)C=C1,CC(C(OC)=O)([Fr])C[Rb],,PMMA,90,,,,,,BDPA,O=C(OC(C1=CC=C(C=C1)OP(OC2=CC=CC=C2)(OC3=CC=CC=C3)=O)C4=CC=C(C=C4)OP(OC5=CC=CC=C5)(OC6=CC=CC=C6)=O)C([Fr])C[Rb],10,,,,,,,,,,,,,,non-V-0
10.1016/j.polymdegradstab.2018.05.010,copolymer,,PHFC7.5,O=C(OCCCCCCOC(C1=CC=C(O1)C([Fr])=O)=O)CCP(OCCCCCCO[Rb])(C2=CC=CC=C2)=O,O=C([Fr])CCP(OCCCCCCO[Rb])(C1=CC=CC=C1)=O,,HFH,,100,,,,,HCH,O=C([Fr])C1=CC=C(O1)C(OCCCCCCO[Rb])=O,,7.5,,,,,,,,,,,,,non-V-0
10.1016/j.polymdegradstab.2018.05.010,copolymer,,PHFC10,O=C(OCCCCCCOC(C1=CC=C(O1)C([Fr])=O)=O)CCP(OCCCCCCO[Rb])(C2=CC=CC=C2)=O,O=C([Fr])CCP(OCCCCCCO[Rb])(C1=CC=CC=C1)=O,,HFH,,100,,,,,HCH,O=C([Fr])C1=CC=C(O1)C(OCCCCCCO[Rb])=O,,10,,,,,,,,,,,,,non-V-0
10.1016/j.polymdegradstab.2020.109310,copolymer,,PENT5/0,O=C(CCP(=O)(OCCOC(=O)C1=CC=C(C(=O)[Fr])C=C1)C1=CC=CC=C1)OCCO[Rb],O=C([Fr])C1=CC=C(C(=O)OCCO[Rb])C=C1,,PET,95,,,,,,HPPA,O=C(OCCO[Rb])CCP([Fr])(C1=CC=CC=C1)=O,5,,,,,,,,,,,,,,non-V-0
10.1016/j.polymdegradstab.2020.109310,composite,,PENT0/10,CC(C)(CO[Rb])COC(=O)C1=CC=C(C(=O)OCCOC(=O)C2=CC=C(C(=O)[Fr])C=C2)C=C1,O=C([Fr])C1=CC=C(C(=O)OCCO[Rb])C=C1,,PET,90,,,,,,HPPA,CC(CO[Rb])(COC(C1=CC=C(C=C1)C([Fr])=O)=O)C,10,,,,,,,,,,,,,,non-V-0
10.1016/j.cej.2017.12.047,copolymer,,BA5PET,O=C([Fr])C1=CC=C(C(=O)OCCOC(=O)C2=CC(C(=O)OCCO[Rb])=CC(/N=C/C3=CC=CC=C3)=C2)C=C1,O=C([Fr])C1=CC=C(C(=O)OCCO[Rb])C=C1,,PET,,100,,,,,BA,O=C([Fr])C1=CC(C(=O)OCCO[Rb])=CC(/N=C/C2=CC=CC=C2)=C1,,3.9,,,,,,,,,,,,,non-V-0
10.1039/C9TA04187G,copolymer,,P(ET-co-PN)5,O=C([Fr])C1=CC=C(C(=O)OCCOC(=O)C2=CC(C(=O)OCCO[Rb])=CC(N3C(=O)C4=CC=C(C#CC5=CC=CC=C5)C=C4C3=O)=C2)C=C1,O=C([Fr])C1=CC=C(C(=O)OCCO[Rb])C=C1,,PET,,100,,,,,PEPN,O=C([Fr])C1=CC(C(=O)OCCO[Rb])=CC(N2C(=O)C3=CC=C(C#CC4=CC=CC=C4)C=C3C2=O)=C1,,5,,,,,,,,,,,,,non-V-0
10.1039/C9TA04187G,copolymer,,P(ET-co-PN)10,O=C([Fr])C1=CC=C(C(=O)OCCOC(=O)C2=CC(C(=O)OCCO[Rb])=CC(N3C(=O)C4=CC=C(C#CC5=CC=CC=C5)C=C4C3=O)=C2)C=C1,O=C([Fr])C1=CC=C(C(=O)OCCO[Rb])C=C1,,PET,,100,,,,,PEPN,O=C([Fr])C1=CC(C(=O)OCCO[Rb])=CC(N2C(=O)C3=CC=C(C#CC4=CC=CC=C4)C=C3C2=O)=C1,,10,,,,,,,,,,,,,non-V-0
10.1016/j.compositesb.2021.109109,copolymer,,PET-co-pHPI5,O=C(OCCOC(C(C=C1)=CC=C1C([Fr])=O)=O)C2=CC(O)=C(C=C2)N3C(C4=CC=C(C=C4C3=O)C(OCCO[Rb])=O)=O,O=C([Fr])C1=CC=C(C(=O)OCCO[Rb])C=C1,,PET,,100,,,,,4-HPIM,O=C([Fr])C1=CC(O)=C(N2C(=O)C3=CC=C(C(=O)OCCO[Rb])C=C3C2=O)C=C1,,5,,,,,,,,,,,,,non-V-0
10.1016/j.compositesb.2021.109109,copolymer,,PET-co-pHPI10,O=C(OCCOC(C(C=C1)=CC=C1C([Fr])=O)=O)C2=CC(O)=C(C=C2)N3C(C4=CC=C(C=C4C3=O)C(OCCO[Rb])=O)=O,O=C([Fr])C1=CC=C(C(=O)OCCO[Rb])C=C1,,PET,,100,,,,,4-HPIM,O=C([Fr])C1=CC(O)=C(N2C(=O)C3=CC=C(C(=O)OCCO[Rb])C=C3C2=O)C=C1,,10,,,,,,,,,,,,,non-V-0
10.1016/j.cej.2021.132121,copolymer,,PETM2-K,O=C(C1=CC=C(C(OCCO[Rb])=O)C=C1)OCCOC(C2=CC=C3N=C(C4=CC(C5=NC6=C(C=C(C=C6)C([Fr])=O)N5)=CC(S(=O)([O-])=O)=C4)NC3=C2)=O.[K+],O=C([Fr])C1=CC=C(C(=O)OCCO[Rb])C=C1,,PET,,100,,,,,MS-K,O=C(OCCO[Rb])C1=CC=C2N=C(C3=CC(C4=NC5=C(C=C(C=C5)C([Fr])=O)N4)=CC(S(=O)([O-])=O)=C3)NC2=C1.[K+],,2,,,,,,,,,,,,,non-V-0
10.1016/j.cej.2021.132121,copolymer,,PETM24-K,O=C(C1=CC=C(C(OCCO[Rb])=O)C=C1)OCCOC(C2=CC=C3N=C(C4=CC(C5=NC6=C(C=C(C=C6)C([Fr])=O)N5)=CC(S(=O)([O-])=O)=C4)NC3=C2)=O.[K+],O=C([Fr])C1=CC=C(C(=O)OCCO[Rb])C=C1,,PET,,100,,,,,MS-K,O=C(OCCO[Rb])C1=CC=C2N=C(C3=CC(C4=NC5=C(C=C(C=C5)C([Fr])=O)N4)=CC(S(=O)([O-])=O)=C3)NC2=C1.[K+],,3.7,,,,,,,,,,,,,non-V-0
10.1016/j.polymdegradstab.2018.07.017,copolymer,,P(ET-co-BP)5,O=C(OCCON(C(C1=C2)=O)C(C1=CC=C2C(C=C3)=CC4=C3C(N(OCCOC(C(C=C5)=CC=C5C([Fr])=O)=O)C4=O)=O)=O)C6=CC=C(C=C6)C(OCCO[Rb])=O,O=C([Fr])C1=CC=C(C(=O)OCCO[Rb])C=C1,,PET,,100,,,,,BPDI,O=C([Fr])C1=CC=C(C=C1)C(OCCON2C(C3=C(C2=O)C=C(C=C3)C4=CC=C5C(N(OCCO[Rb])C(C5=C4)=O)=O)=O)=O,,4.7,,,,,,,,,,,,,non-V-0
10.1016/j.polymdegradstab.2018.07.017,copolymer,,P(ET-co-BP)10,O=C(OCCON(C(C1=C2)=O)C(C1=CC=C2C(C=C3)=CC4=C3C(N(OCCOC(C(C=C5)=CC=C5C([Fr])=O)=O)C4=O)=O)=O)C6=CC=C(C=C6)C(OCCO[Rb])=O,O=C([Fr])C1=CC=C(C(=O)OCCO[Rb])C=C1,,PET,,100,,,,,BPDI,O=C([Fr])C1=CC=C(C=C1)C(OCCON2C(C3=C(C2=O)C=C(C=C3)C4=CC=C5C(N(OCCO[Rb])C(C5=C4)=O)=O)=O)=O,,9.3,,,,,,,,,,,,,non-V-0
10.1016/j.polymdegradstab.2018.07.017,copolymer,,P(ET-co-BP)15,O=C(OCCON(C(C1=C2)=O)C(C1=CC=C2C(C=C3)=CC4=C3C(N(OCCOC(C(C=C5)=CC=C5C([Fr])=O)=O)C4=O)=O)=O)C6=CC=C(C=C6)C(OCCO[Rb])=O,O=C([Fr])C1=CC=C(C(=O)OCCO[Rb])C=C1,,PET,,100,,,,,BPDI,O=C([Fr])C1=CC=C(C=C1)C(OCCON2C(C3=C(C2=O)C=C(C=C3)C4=CC=C5C(N(OCCO[Rb])C(C5=C4)=O)=O)=O)=O,,14.8,,,,,,,,,,,,,non-V-0
10.1016/j.polymdegradstab.2015.11.003,composite,,PBT/CPBA20%,O=C(OC1=CC=C(C=C1)C(C)(C2=CC=C(C=C2)OP([Fr])(C3=CC=CC=C3)=O)C)C4=CC=C(C=C4)C(OCCCCO[Rb])=O,O=C([Fr])C1=CC=C(C=C1)C(OCCCCO[Rb])=O,,PBT,80,,,,,,CPBA,[Rb]OC1=CC=C(C=C1)C(C)(C2=CC=C(C=C2)OP([Fr])(C3=CC=CC=C3)=O)C,20,,,,,,,,,,,,,,non-V-0
10.1016/j.polymdegradstab.2023.110388,copolymer,,PC,CC(C1=CC=C(OC([Fr])=O)C=C1)(C)C2=CC=C(O[Rb])C=C2,CC(C1=CC=C(OC([Fr])=O)C=C1)(C)C2=CC=C(O[Rb])C=C2,,PC,100,,,,,,NSD,[Na]OOOSC1=CC2=C(C=C1O[Rb])C=C(OC([Fr])=O)C(SOOO[Na])=C2,0,,,,,,,,,,,,,,non-V-0
10.1016/j.polymer.2021.123430,copolymer,,PTT-co-HPI20,O=C(OCCCOC(C1=CC(N(C(C2=C3)=O)C(C2=CC=C3C([Fr])=O)=O)=C(C=C1)O)=O)C4=CC=C(C=C4)C(OCCCO[Rb])=O,O=C([Fr])C1=CC=C(C(=O)OCCO[Rb])C=C1,,PTT,,100,,,,,HPIM,[Fr]C(C1=CC=C2C(N(C(C2=C1)=O)C3=C(C=CC(C(OCCCO[Rb])=O)=C3)O)=O)=O,,20,,,,,,,,,,,,,non-V-0
10.1016/j.polymer.2018.08.004,copolymer,,CBAA5PET,O=C(OCCOC(C1=CC(C([Fr])=O)=CC(/N=C/C2=C(C=CC=C2)C#N)=C1)=O)C3=CC=C(C=C3)C(OCCO[Rb])=O,O=C([Fr])C1=CC=C(C=C1)C(OCCO[Rb])=O,,PET,,100,,,,,CBAA,[Rb]OCCOC(C1=CC(C([Fr])=O)=CC(/N=C/C2=C(C=CC=C2)C#N)=C1)=O,,3.6,,,,,,,,,,,,,non-V-0
10.1016/j.eurpolymj.2020.110230,copolymer,,NBA5PET,O=C(OCCOC(C1=CC(C([Fr])=O)=CC(/N=C/C2=CC=C(C=C2)[N+]([O-])=O)=C1)=O)C3=CC=C(C=C3)C(OCCO[Rb])=O,O=C([Fr])C1=CC=C(C=C1)C(OCCO[Rb])=O,,PET,,100,,,,,NBA,O=C(C1=CC(C([Fr])=O)=CC(/N=C/C2=CC=C(C=C2)[N+]([O-])=O)=C1)OCCO[Rb],,3.6,,,,,,,,,,,,,non-V-0
10.1016/j.polymer.2024.126780,copolymer,,PA6-co-HPI10,[Fr]C(CCCCCNC(C1=CC=C(C(O)=C1)N2C(C3=CC=C(C=C3C2=O)C(NCCCCCC([Rb])=O)=O)=O)=O)=O,[Fr]C(CCCCCN[Rb])=O,,PA6,,100,,,,,HPI,[Fr]C(CCCCCNC(C1=CC=C(C(O)=C1)N2C(C3=CC=C(C=C3C2=O)C([Rb])=O)=O)=O)=O,,5.1,,,,,,,,,,,,,non-V-0
10.1016/j.polymer.2024.126780,copolymer,,PA6-co-HPI15,[Fr]C(CCCCCNC(C1=CC=C(C(O)=C1)N2C(C3=CC=C(C=C3C2=O)C(NCCCCCC([Rb])=O)=O)=O)=O)=O,[Fr]C(CCCCCN[Rb])=O,,PA6,,100,,,,,HPI,[Fr]C(CCCCCNC(C1=CC=C(C(O)=C1)N2C(C3=CC=C(C=C3C2=O)C([Rb])=O)=O)=O)=O,,10.5,,,,,,,,,,,,,non-V-0
10.1039/C6RA17108G,copolymer,,PA-2,[Rb]NCCCCCNC(CCCCC(NCCCCCNC(C(C([Fr])=O)CP1(OC2=CC=CC=C2C3=CC=CC=C31)=O)=O)=O)=O,[Rb]NCCCCCNC(CCCCC([Fr])=O)=O,,PA,97.5,,,,,,DDPDA,O=C(C(C([Fr])=O)CP1(OC2=CC=CC=C2C3=CC=CC=C31)=O)NCCCCCN[Rb],2.5,,,,,,,,,,,,,,non-V-0
10.1039/C6RA17108G,copolymer,,PA-3,[Rb]NCCCCCNC(CCCCC(NCCCCCNC(C(C([Fr])=O)CP1(OC2=CC=CC=C2C3=CC=CC=C31)=O)=O)=O)=O,[Rb]NCCCCCNC(CCCCC([Fr])=O)=O,,PA,95,,,,,,DDPDA,O=C(C(C([Fr])=O)CP1(OC2=CC=CC=C2C3=CC=CC=C31)=O)NCCCCCN[Rb],5,,,,,,,,,,,,,,non-V-0
10.1039/C6RA17108G,copolymer,,PA-4,[Rb]NCCCCCNC(CCCCC(NCCCCCNC(C(C([Fr])=O)CP1(OC2=CC=CC=C2C3=CC=CC=C31)=O)=O)=O)=O,[Rb]NCCCCCNC(CCCCC([Fr])=O)=O,,PA,92.5,,,,,,DDPDA,O=C(C(C([Fr])=O)CP1(OC2=CC=CC=C2C3=CC=CC=C31)=O)NCCCCCN[Rb],7.5,,,,,,,,,,,,,,non-V-0
10.1039/C7RA13228J,copolymer,,PA6,[Rb]NCCCCCC([Fr])=O,[Rb]NCCCCCC([Fr])=O,,PA6,100,,,,,,DDP salt,O=C(NCCCCCCCCCCN[Rb])CC(C([Fr])=O)CP1(OC2=CC=CC=C2C3=CC=CC=C31)=O,0,,,,,,,,,,,,,,non-V-0
10.1039/C7RA13228J,composite,,FRPA6-2,[Rb]NCCCCCC(NCCCCCCCCCCNC(CC(CP1(OC2=CC=CC=C2C3=CC=CC=C31)=O)C([Fr])=O)=O)=O,[Rb]NCCCCCC([Fr])=O,,PA6,98,,,,,,DDP salt,O=C(NCCCCCCCCCCN[Rb])CC(C([Fr])=O)CP1(OC2=CC=CC=C2C3=CC=CC=C31)=O,2,,,,,,,,,,,,,,non-V-0
10.1039/C7RA13228J,copolymer,,FRPA6-3,[Rb]NCCCCCC(NCCCCCCCCCCNC(CC(CP1(OC2=CC=CC=C2C3=CC=CC=C31)=O)C([Fr])=O)=O)=O,[Rb]NCCCCCC([Fr])=O,O=C(NCCCCCCCCCCN[Rb])CC(C([Fr])=O)CP1(OC2=CC=CC=C2C3=CC=CC=C31)=O,PA6,97,,,DDP salt,3,,,,,,,,,,,,,,,,,,non-V-0
10.1002/marc.202200644,copolymer,,PA1210,[Rb]NCCCCCCCCCCCCNC(CCCCCCCCC([Fr])=O)=O,[Rb]NCCCCCCCCCCCCNC(CCCCCCCCC([Fr])=O)=O,[Rb]NCCCCCCCCCCCCNC(CCP([Fr])(C1=CC=CC=C1)=O)=O,PA1210,,100,,CDS,,0,,,,,,,,,,,,,,,,,non-V-0
10.1002/marc.202200644,copolymer,,FRPA-3,[Rb]NCCCCCCCCCCCCNC(CCCCCCCCC(NCCCCCCCCCCCCNC(CCP([Fr])(C1=CC=CC=C1)=O)=O)=O)=O,[Rb]NCCCCCCCCCCCCNC(CCCCCCCCC([Fr])=O)=O,[Rb]NCCCCCCCCCCCCNC(CCP([Fr])(C1=CC=CC=C1)=O)=O,PA1210,,97,,CDS,,3,,,,,,,,,,,,,,,,,non-V-0
10.1002/pat.4206,copolymer,,FRPA66-2,O=C(CC(CP1(OC2=CC=CC=C2C3=CC=CC=C31)=O)C(NCCCCCCNC(CCCCC([Fr])=O)=O)=O)NCCCCCCN[Rb],[Rb]NCCCCCCNC(CCCCC([Fr])=O)=O,O=C(CC(CP1(OC2=CC=CC=C2C3=CC=CC=C31)=O)C([Fr])=O)NCCCCCCN[Rb],PA66,98,,,DDP-HMDA,2,,,,,,,,,,,,,,,,,,non-V-0
10.1002/pat.4206,copolymer,,FRPA66-3,O=C(CC(CP1(OC2=CC=CC=C2C3=CC=CC=C31)=O)C(NCCCCCCNC(CCCCC([Fr])=O)=O)=O)NCCCCCCN[Rb],[Rb]NCCCCCCNC(CCCCC([Fr])=O)=O,O=C(CC(CP1(OC2=CC=CC=C2C3=CC=CC=C31)=O)C([Fr])=O)NCCCCCCN[Rb],PA66,97,,,DDP-HMDA,3,,,,,,,,,,,,,,,,,,non-V-0
10.1016/j.polymdegradstab.2023.110416,copolymer,,PA1010-co-PDB2,O=C(C1=CC=C(C=C1)OC2=NC(OC3=CC=C(C=C3)C(NCCCCCCCCCCNC(CCCCCCCCC([Fr])=O)=O)=O)=NC(NC4CC(C)(NC(C)(C4)C)C)=N2)NCCCCCCCCCC[Rb],[Rb]NCCCCCCCCCCNC(CCCCCCCCC([Fr])=O)=O,O=C(C1=CC=C(C=C1)OC2=NC(OC3=CC=C(C=C3)C([Fr])=O)=NC(NC4CC(C)(NC(C)(C4)C)C)=N2)NCCCCCCCCCC[Rb],PA1010,98,,,PDB,2,,,,,,,,,,,,,,,,,,non-V-0
10.1016/j.polymdegradstab.2023.110416,copolymer,,PA1010-co-PDB4,O=C(C1=CC=C(C=C1)OC2=NC(OC3=CC=C(C=C3)C(NCCCCCCCCCCNC(CCCCCCCCC([Fr])=O)=O)=O)=NC(NC4CC(C)(NC(C)(C4)C)C)=N2)NCCCCCCCCCC[Rb],[Rb]NCCCCCCCCCCNC(CCCCCCCCC([Fr])=O)=O,O=C(C1=CC=C(C=C1)OC2=NC(OC3=CC=C(C=C3)C([Fr])=O)=NC(NC4CC(C)(NC(C)(C4)C)C)=N2)NCCCCCCCCCC[Rb],PA1010,96,,,PDB,4,,,,,,,,,,,,,,,,,,non-V-0
10.1016/j.polymer.2014.03.044,copolymer,,P(ET-co-P)20,O=C(O[Rb])C1=CC=C(C(OCCOC(C2=C(C(OCCO[Fr])=O)C=C(C#CC3=CC=CC=C3)C=C2)=O)=O)C=C1,O=C(O[Rb])C1=CC=C(C(OCCO[Fr])=O)C=C1,O=C([Rb])C1=C(C(OCCO[Fr])=O)C=C(C#CC2=CC=CC=C2)C=C1,PET,80,,O=C(OCCO)C1=CC=C(C=C1)C(OCCO)=O,PEPE,20,,,,,,,,,,,,,,,,,,non-V-0
10.1016/j.polymer.2014.03.044,copolymer,,P(ET-co-P)40,O=C(O[Rb])C1=CC=C(C(OCCOC(C2=C(C(OCCO[Fr])=O)C=C(C#CC3=CC=CC=C3)C=C2)=O)=O)C=C1,O=C(O[Rb])C1=CC=C(C(OCCO[Fr])=O)C=C1,O=C([Rb])C1=C(C(OCCO[Fr])=O)C=C(C#CC2=CC=CC=C2)C=C1,PET,60,,O=C(OCCO)C1=CC=C(C=C1)C(OCCO)=O,PEPE,40,,,,,,,,,,,,,,,,,,non-V-0
10.1016/j.matchemphys.2005.09.013,copolymer,,PET/TLCP,O=C([Fr])C1=CC=C(OC(C2=CC=CC=C2C(OC3=CC=C(OC(C4=CC=C(C(OCCO[Rb])=O)C=C4)=O)C=C3P5(OC(C=CC=C6)=C6C7=C5C=CC=C7)=O)=O)=O)C=C1,[Fr]C(C1=CC=C(C(OCCO[Rb])=O)C=C1)=O,O=C([Fr])C1=CC=C(OC(C2=CC=CC=C2C(OC3=CC=C(O[Rb])C=C3P4(OC(C=CC=C5)=C5C6=C4C=CC=C6)=O)=O)=O)C=C1,PET,,98,O=C(OCCO)C1=CC=C(C=C1)C(OCCO)=O,TLCP,,2,,,,,,,,,,,,,,,,,non-V-0
10.1016/j.matchemphys.2005.09.013,copolymer,,PET/TLCP,O=C([Fr])C1=CC=C(OC(C2=CC=CC=C2C(OC3=CC=C(OC(C4=CC=C(C(OCCO[Rb])=O)C=C4)=O)C=C3P5(OC(C=CC=C6)=C6C7=C5C=CC=C7)=O)=O)=O)C=C1,[Fr]C(C1=CC=C(C(OCCO[Rb])=O)C=C1)=O,O=C([Fr])C1=CC=C(OC(C2=CC=CC=C2C(OC3=CC=C(O[Rb])C=C3P4(OC(C=CC=C5)=C5C6=C4C=CC=C6)=O)=O)=O)C=C1,PET,,95,O=C(OCCO)C1=CC=C(C=C1)C(OCCO)=O,TLCP,,5,,,,,,,,,,,,,,,,,non-V-0
10.1039/C5RA11390C,copolymer,,PBSH-1%,O=P(O[Fr])(CCC(OCCCCOC(CCC(OCCCCO[Rb])=O)=O)=O)C1=CC=CC=C1,O=C([Fr])CCC(OCCCCO[Rb])=O,O=P(O[Fr])(CCC(OCCCCO[Rb])=O)C1=CC=CC=C1,PBS,,99,OCCCCOC(CCC(O)=O)=O,HPPPA,,1,,,,,,,,,,,,,,,,,non-V-0
10.1039/C5RA11390C,copolymer,,PBSH-2%,O=P(O[Fr])(CCC(OCCCCOC(CCC(OCCCCO[Rb])=O)=O)=O)C1=CC=CC=C1,O=C([Fr])CCC(OCCCCO[Rb])=O,O=P(O[Fr])(CCC(OCCCCO[Rb])=O)C1=CC=CC=C1,PBS,,98,OCCCCOC(CCC(O)=O)=O,HPPPA,,2,,,,,,,,,,,,,,,,,non-V-0
10.3969/j.issn.1001-3539.2015.07.005,copolymer,,FR-PA66,O=C(CCCCC(NCCCCCCNC(C1=CC=C(NP(C2=CC=CC=C2)(CCC(NC3=CC=C(C(O[Fr])=O)C=C3)=O)=O)C=C1)=O)=O)ONCCCCCCN[Rb],O=C(CCCCC([Fr])=O)ONCCCCCCN[Rb],O=C(NCCCCCCN[Rb])C1=CC=C(NP(C2=CC=CC=C2)(CCC(NC3=CC=C(C(O[Fr])=O)C=C3)=O)=O)C=C1,PA66 salt,1,,[NH3+]CCCCCC[NH3+].[O-]C(CCCCC([O-])=O)=O,BNPPO salt,99,,,,,,,,,,,,,,,,,,non-V-0
10.3969/j.issn.1001-3539.2015.11.002,copolymer,,FR-PA66,O=P(C1=CC=CC=C1)(NC2=CC=C(NP(C3=CC=CC=C3)(NC4=CC=C(NP(C5=CC=CC=C5)(NC6=CC=C(NP(C7=CC=CC=C7)(NC8=CC=C(NP(C9=CC=CC=C9)(NC%10=CC=C(C=C%10)NC(CCCCC(NCCCCCCN[Rb])=O)=O)=O)C=C8)=O)C=C6)=O)C=C4)=O)C=C2)NC(C=C%11)=CC=C%11N[Fr],O=C([Fr])CCCCC(NCCCCCCN[Rb])=O,O=P(C1=CC=CC=C1)(NC2=CC=C(NP(C3=CC=CC=C3)(NC4=CC=C(NP(C5=CC=CC=C5)(NC6=CC=C(NP(C7=CC=CC=C7)(NC8=CC=C(NP(C9=CC=CC=C9)(NC%10=CC=C(C=C%10)N[Rb])=O)C=C8)=O)C=C6)=O)C=C4)=O)C=C2)NC(C=C%11)=CC=C%11N[Fr],PA66 salt,1.5,,[NH3+]CCCCCC[NH3+].[O-]C(CCCCC([O-])=O)=O,PDPPD salt,98.5,,,,,,,,,,,,,,,,,,non-V-0
10.1016/j.compositesb.2020.108184,homopolymer,,PI-a,,OC(C[Rb])[Fr],,,100,,,,0,,,,,,,,,,,,,,,,,,non-V-0
10.1021/acsomega.7b00162,homopolymer,,PP-BPT,,CC(C(=O)O[Fr])[Rb],,,100,,,,0,,,,,,,,,,,,,,,,,,non-V-0
10.1007/BF00395568,homopolymer,,,,[Rb]Oc1ccc(C2(c3ccc(OP(Nc4ccccc4)([Fr])=O)cc3)CC(c5ccccc52)=O)cc1,,,100,,,,0,,,,,,,,,,,,,,,,,,non-V-0
10.1007/BF00395568,homopolymer,,,,[Rb]Oc1ccc(C(C)(C)c2ccc(OP(Nc3ccccc3)([Fr])=O)cc2)cc1,,,100,,,,0,,,,,,,,,,,,,,,,,,non-V-0
10.1016/j.compositesb.2020.108437,homopolymer,,Poly(ether-azomethine)s-2,,CC(C(=O)OC)(C[Fr])[Rb],,,100,,,,0,,,,,,,,,,,,,,,,,,non-V-0
10.1016/j.polymdegradstab.2014.06.003,homopolymer,,poly (butylene succinate)_PBS,,[Rb]OCc1ccc(cc1)COC(=O)c1ccc(cc1)C(=O)[Fr],,,100,,,,0,,,,,,,,,,,,,,,,,,non-V-0
10.2494/photopolymer.24.247,homopolymer,,polyacrylonitrile(PAN),,[Fr]c1ccc(cc1)Oc1ccc(cc1)C(c1ccc(cc1)Oc1ccc(cc1)c1ccc(cc1)N1C(=O)c2c(C1=O)cc(cc2)C(=O)Oc1ccc(cc1P1(=O)Oc2ccccc2c2c1cccc2)OC(=O)c1ccc2c(c1)C(=O)N(C2=O)[Rb])(C)C,,,100,,,,0,,,,,,,,,,,,,,,,,,non-V-0
10.1002/pat.1237,homopolymer,,polypropylene(PP),,O=C(c1ccc2c(c1)CN(C2)CCCCCCN1Cc2c(C1)ccc(c2)C(=O)Oc1ccc(cc1)C(=O)[Rb])Oc1ccc(cc1P1(=O)Oc2ccccc2c2c1cccc2)OC(=O)c1ccc(cc1)C(=O)[Fr],,,100,,,,0,,,,,,,,,,,,,,,,,,V-0
10.1002/pat.5153,homopolymer,,,,O=C1N(C2=CC=C(OC3=CC(P(C4=CC=CC=C4)(C5=CC=CC=C5)=O)=C(OC6=CC=C([Fr])C=C6)C=C3)C=C2)C(C7C1CC(C8CC(C(N([Rb])C9=O)=O)C9CC8)CC7)=O,,,100,,,,0,,,,,,,,,,,,,,,,,,V-0
10.1002/pat.5153,homopolymer,,,,[Rb]N1C(C2CC(C3CC2C1=O)C(N(C3=O)C4=CC=C(C=C4)OC5=CC(P(C6=CC=CC=C6)(C7=CC=CC=C7)=O)=C(C=C5)OC8=CC=C(C=C8)[Fr])=O)=O,,,100,,,,0,,,,,,,,,,,,,,,,,,V-0
10.1007/s10965-021-02676-x,homopolymer,,CPD/SPD,,[Fr]c1ccc(cc1)Oc1ccc(cc1)C1(Cc2c(C1=O)cccc2)c1ccc(cc1)Oc1ccc(cc1)N1C(=O)C2C(C1=O)CC1C(C2)C(=O)N(C1=O)[Rb],,,100,,,,0,,,,,,,,,,,,,,,,,,V-0
10.1039/C5PY01938A,homopolymer,,,,[Rb]OCCOc1ccc(cc1)Oc1ccc(cc1)Oc1ccc(cc1)OCCOC(=O)c1ccc(cc1)C(=O)[Fr],,,100,,,,0,,,,,,,,,,,,,,,,,,V-0
10.1295/polymj.PJ2008246,homopolymer,,,,[Rb]Nc1c2cccc(NC(c3cc(C([Fr])=O)cc(NC(C(Cc4ccccc4)N5C(c6c(Br)c(Br)c(Br)c(Br)c6C5=O)=O)=O)c3)=O)c2ccc1,,,100,,,,0,,,,,,,,,,,,,,,,,,V-0
10.2494/photopolymer.24.247,homopolymer,,polystyrene(PS),,[Fr]c1ccc(cc1)Oc1ccc(cc1)N1C(=O)c2c(C1=O)ccc(c2)C(=O)Oc1ccc(cc1P1(=O)Oc2ccccc2c2c1cccc2)OC(=O)c1ccc2c(c1)C(=O)N(C2=O)[Rb],,,100,,,,0,,,,,,,,,,,,,,,,,,V-0
10.1039/c6py00183a,homopolymer,,Phosphine_Poly(amide-imide)s-9a,,[Rb]OCCOC(=O)c1ccc(cc1)C(=O)[Fr],,,100,,,,0,,,,,,,,,,,,,,,,,,non-V-0
10.1002/pat.5153,homopolymer,,,,O=C1N(C2=CC=C(OC3=CC=C([Fr])C=C3)C=C2)C(C4C1CC(C5CC(C(N([Rb])C6=O)=O)C6CC5)CC4)=O,,,100,,,,0,,,,,,,,,,,,,,,,,,non-V-0
10.1002/pat.5153,homopolymer,,,,O=C1N(C2=CC=C(OC3=CC=C([Fr])C=C3)C=C2)C(C4C1CC(C(N([Rb])C5=O)=O)C5C4)=O,,,100,,,,0,,,,,,,,,,,,,,,,,,non-V-0
10.1002/pen.20932,homopolymer,,Polydiamines-16,,[Fr]OC(=O)Oc1ccc(cc1)C(c1ccc(cc1)OC(=O)Oc1ccc(cc1)[Rb])(C)C,,,100,,,,0,,,,,,,,,,,,,,,,,,non-V-0
10.1007/s10965-021-02676-x,homopolymer,,PPD/BP,,[Fr]c1ccc(cc1)Oc1ccc(cc1)N1C(=O)C2C(C1=O)CC(CC2)C1CCC2C(C1)C(=O)N(C2=O)[Rb],,,100,,,,0,,,,,,,,,,,,,,,,,,non-V-0
10.1007/s10965-021-02676-x,homopolymer,,PPD/BPA,,[Fr]c1ccc(cc1)Oc1ccc(cc1)C1(Cc2c(C1=O)cccc2)c1ccc(cc1)Oc1ccc(cc1)N1C(=O)C2C(C1=O)CC(CC2)C1CCC2C(C1)C(=O)N(C2=O)[Rb],,,100,,,,0,,,,,,,,,,,,,,,,,,non-V-0
10.1007/s10965-021-02676-x,homopolymer,,PPD/BACl,,[Rb]N1C(=O)C2C(C1=O)CC1C(C2)C(=O)N(C1=O)c1ccc(cc1)Oc1ccc(cc1)[Fr],,,100,,,,0,,,,,,,,,,,,,,,,,,non-V-0
10.1016/S0141-3910(01)00251-8,homopolymer,,,,[Rb]NCCCCCCCCCCNC(=O)c1ccc(cc1)C(=O)[Fr],,,100,,,,0,,,,,,,,,,,,,,,,,,non-V-0
10.1039/C5PY01938A,homopolymer,,,,[Rb]OCCOc1ccc(cc1)Oc1ccc(cc1)OCCOC(=O)c1ccc(cc1)C(=O)[Fr],,,100,,,,0,,,,,,,,,,,,,,,,,,non-V-0
10.1039/C5PY01938A,homopolymer,,,,[Rb]OCCOc1ccc(cc1)C(=O)c1ccc(cc1)OCCOC(=O)c1ccc(cc1)C(=O)[Fr],,,100,,,,0,,,,,,,,,,,,,,,,,,non-V-0
10.1039/C5PY01938A,homopolymer,,,,[Rb]OCCOc1ccc(cc1)Oc1ccc(cc1)C(=O)c1ccc(cc1)Oc1ccc(cc1)OCCOC(=O)c1ccc(cc1)C(=O)[Fr],,,100,,,,0,,,,,,,,,,,,,,,,,,non-V-0
10.1021/acsapm.3c00444,composite,PC,PC/SK0.1,,[Rb]OC1=CC=C(C=C1)C(C)(C2=CC=C(C=C2)OC([Fr])=O)C,,PC,99.9,,,,,,SK,[Fr]C(C1=CC(C(NC2=CC=C(C=C2N[Rb])S(=O)([O-])=O)=O)=CC=C1)=O.[K+],0.1,,,,,,,,,,,,,,non-V-0
10.1021/acsapm.3c00444,composite,PC,PC/SK0.3,,[Rb]OC1=CC=C(C=C1)C(C)(C2=CC=C(C=C2)OC([Fr])=O)C,,PC,99.7,,,,,,SK,[Fr]C(C1=CC(C(NC2=CC=C(C=C2N[Rb])S(=O)([O-])=O)=O)=CC=C1)=O.[K+],0.3,,,,,,,,,,,,,,non-V-0
10.1021/acsapm.3c00444,composite,PC,PC/SK0.5,,[Rb]OC1=CC=C(C=C1)C(C)(C2=CC=C(C=C2)OC([Fr])=O)C,,PC,99.5,,,,,,SK,[Fr]C(C1=CC(C(NC2=CC=C(C=C2N[Rb])S(=O)([O-])=O)=O)=CC=C1)=O.[K+],0.5,,,,,,,,,,,,,,V-0
10.1016/j.eurpolymj.2016.01.041,composite,PP,PP/APP12,,CC([Fr])C[Rb],,PP,88,,,,,,Ammonium polyphosphate,[*]P(O[*])([O-].[NH4+])=O,12,,,,,,,,,,,,,,non-V-0
10.1016/j.eurpolymj.2016.01.041,composite,PP,PP/APP15,,CC([Fr])C[Rb],,PP,85,,,,,,Ammonium polyphosphate,[*]P(O[*])([O-].[NH4+])=O,15,,,,,,,,,,,,,,V-0
10.1016/j.polymdegradstab.2017.09.011,composite,PP,PP/APP20,,CC([Fr])C[Rb],,PP,80,,,,,,Ammonium polyphosphate,[*]P(O[*])([O-].[NH4+])=O,20,,,,,,,,,,,,,,non-V-0
10.1016/j.polymdegradstab.2017.09.011,composite,PP,PP/PEPAPC20,,CC([Fr])C[Rb],,PP,80,,,,,,,,,,PEPAPC,O=P1(OC2)OCC2(CO1)COC3=NC(N4CCN([*])CC4)=NC([*])=N3,20,,,,,,,,,,non-V-0
10.1016/j.polymdegradstab.2017.09.011,composite,PP,PP/APP6.67/PEPAPC13.33,,CC([Fr])C[Rb],,PP,80,,,,,,Ammonium polyphosphate,[*]P(O[*])([O-].[NH4+])=O,6.67,,PEPAPC,O=P1(OC2)OCC2(CO1)COC3=NC(N4CCN([*])CC4)=NC([*])=N3,13.33,,,,,,,,,,non-V-0
10.1016/j.polymdegradstab.2017.09.011,composite,PP,PP/APP10/PEPAPC10,,CC([Fr])C[Rb],,PP,80,,,,,,Ammonium polyphosphate,[*]P(O[*])([O-].[NH4+])=O,10,,PEPAPC,O=P1(OC2)OCC2(CO1)COC3=NC(N4CCN([*])CC4)=NC([*])=N3,10,,,,,,,,,,non-V-0
10.1016/j.polymdegradstab.2017.09.011,composite,PP,PP/APP13.33/APP6.67,,CC([Fr])C[Rb],,PP,80,,,,,,Ammonium polyphosphate,[*]P(O[*])([O-].[NH4+])=O,13.33,,PEPAPC,O=P1(OC2)OCC2(CO1)COC3=NC(N4CCN([*])CC4)=NC([*])=N3,6.67,,,,,,,,,,V-0
10.1016/j.polymdegradstab.2017.09.011,composite,PP,PP/APP15/PEPAPC5,,CC([Fr])C[Rb],,PP,80,,,,,,Ammonium polyphosphate,[*]P(O[*])([O-].[NH4+])=O,15,,PEPAPC,O=P1(OC2)OCC2(CO1)COC3=NC(N4CCN([*])CC4)=NC([*])=N3,5,,,,,,,,,,V-0
10.1016/j.polymdegradstab.2017.09.011,composite,PP,PP/APP16/PEPAPC4,,CC([Fr])C[Rb],,PP,80,,,,,,Ammonium polyphosphate,[*]P(O[*])([O-].[NH4+])=O,16,,PEPAPC,O=P1(OC2)OCC2(CO1)COC3=NC(N4CCN([*])CC4)=NC([*])=N3,4,,,,,,,,,,non-V-0
10.1016/j.polymdegradstab.2016.10.003,composite,PP,PP/APP25,,CC([Fr])C[Rb],,PP,75,,,,,,Ammonium polyphosphate,[*]P(O[*])([O-].[NH4+])=O,25,,,,,,,,,,,,,,non-V-0
10.1016/j.polymdegradstab.2016.10.003,composite,PP,PP/APP18.75/TBMC6.25,,CC([Fr])C[Rb],,PP,75,,,,,,Ammonium polyphosphate,[*]P(O[*])([O-].[NH4+])=O,18.75,,TBMC,C1(NCCN2CCN(C3=NC(NCCN4CCNCC4)=NC(NCCN5CCNCC5)=N3)CC2)=NC(NCCN6CCN(C7=NC(NCCN8CCNCC8)=NC(NCCN9CCNCC9)=N7)CC6)=NC(NCCN%10CCN(C%11=NC(NCCN%12CCNCC%12)=NC(NCCN%13CCNCC%13)=N%11)CC%10)=N1,6.25,,,,,,,,,,V-0
10.1016/j.polymdegradstab.2016.10.003,composite,PP,PP/APP16.67/TBMC8.33,,CC([Fr])C[Rb],,PP,75,,,,,,Ammonium polyphosphate,[*]P(O[*])([O-].[NH4+])=O,16.67,,TBMC,C1(NCCN2CCN(C3=NC(NCCN4CCNCC4)=NC(NCCN5CCNCC5)=N3)CC2)=NC(NCCN6CCN(C7=NC(NCCN8CCNCC8)=NC(NCCN9CCNCC9)=N7)CC6)=NC(NCCN%10CCN(C%11=NC(NCCN%12CCNCC%12)=NC(NCCN%13CCNCC%13)=N%11)CC%10)=N1,8.33,,,,,,,,,,V-0
10.1016/j.polymdegradstab.2016.10.003,composite,PP,PP/APP12.5/TBMC12.5,,CC([Fr])C[Rb],,PP,75,,,,,,Ammonium polyphosphate,[*]P(O[*])([O-].[NH4+])=O,12.5,,TBMC,C1(NCCN2CCN(C3=NC(NCCN4CCNCC4)=NC(NCCN5CCNCC5)=N3)CC2)=NC(NCCN6CCN(C7=NC(NCCN8CCNCC8)=NC(NCCN9CCNCC9)=N7)CC6)=NC(NCCN%10CCN(C%11=NC(NCCN%12CCNCC%12)=NC(NCCN%13CCNCC%13)=N%11)CC%10)=N1,12.5,,,,,,,,,,V-0
10.1016/j.polymdegradstab.2016.10.003,composite,PP,PP/APP8.33/TBMC16.67,,CC([Fr])C[Rb],,PP,74.9,,,,,,Ammonium polyphosphate,[*]P(O[*])([O-].[NH4+])=O,8.33,,TBMC,C1(NCCN2CCN(C3=NC(NCCN4CCNCC4)=NC(NCCN5CCNCC5)=N3)CC2)=NC(NCCN6CCN(C7=NC(NCCN8CCNCC8)=NC(NCCN9CCNCC9)=N7)CC6)=NC(NCCN%10CCN(C%11=NC(NCCN%12CCNCC%12)=NC(NCCN%13CCNCC%13)=N%11)CC%10)=N1,16.77,,,,,,,,,,non-V-0
10.1016/j.compositesb.2019.107588,composite,PP,PP/APP20/CFA5,,CC([Fr])C[Rb],,PP,75,,,,,,Ammonium polyphosphate,[*]P(O[*])([O-].[NH4+])=O,20,,CFA,[*]C1=NC(NCCN[*])=NC(NCCNO)=N1,5,,,,,,,,,,V-0
10.1016/j.compositesb.2019.107588,composite,PP,PP/CFA25,,CC([Fr])C[Rb],,PP,75,,,,,,,,,,CFA,[*]C1=NC(NCCN[*])=NC(NCCNO)=N1,25,,,,,,,,,,non-V-0
10.1016/j.polymdegradstab.2016.10.003,composite,PP,PP/TBMC25,,CC([Fr])C[Rb],,PP,75,,,,,,,,,,TBMC,C1(NCCN2CCN(C3=NC(NCCN4CCNCC4)=NC(NCCN5CCNCC5)=N3)CC2)=NC(NCCN6CCN(C7=NC(NCCN8CCNCC8)=NC(NCCN9CCNCC9)=N7)CC6)=NC(NCCN%10CCN(C%11=NC(NCCN%12CCNCC%12)=NC(NCCN%13CCNCC%13)=N%11)CC%10)=N1,25,,,,,,,,,,non-V-0
10.1021/acs.iecr.5b02343,composite,PP,(0% APESP–0% APP)/PP,,CC([Fr])C[Rb],,PP,70,,,,,,Ammonium polyphosphate,[*]P(O[*])([O-].[NH4+])=O,30,,,,,,,,,,,,,,non-V-0
10.1021/acs.iecr.5b02343,composite,PP,(2% APESP–8% APP)/PP,,CC([Fr])C[Rb],,PP,70,,,,,,Ammonium polyphosphate,[*]P(O[*])([O-].[NH4+])=O,28,,APESP,CCO[Si](CCCNP1(NCCC[Si](OCC)(OCC)OCC)=NP(NCCC[Si](OCC)(OCC)OCC)(NCCC[Si](OCC)(OCC)OCC)=NP(NCCC[Si](OCC)(OCC)OCC)(NCCC[Si](OCC)(OCC)OCC)=N1)(OCC)OCC,2,,,,,,,,,,non-V-0
10.1021/acs.iecr.5b02343,composite,PP,(4% APESP–6% APP)/PP,,CC([Fr])C[Rb],,PP,70,,,,,,Ammonium polyphosphate,[*]P(O[*])([O-].[NH4+])=O,26,,APESP,CCO[Si](CCCNP1(NCCC[Si](OCC)(OCC)OCC)=NP(NCCC[Si](OCC)(OCC)OCC)(NCCC[Si](OCC)(OCC)OCC)=NP(NCCC[Si](OCC)(OCC)OCC)(NCCC[Si](OCC)(OCC)OCC)=N1)(OCC)OCC,4,,,,,,,,,,non-V-0
10.1021/acs.iecr.5b02343,composite,PP,(6% APESP–4% APP)/PP,,CC([Fr])C[Rb],,PP,70,,,,,,Ammonium polyphosphate,[*]P(O[*])([O-].[NH4+])=O,24,,APESP,CCO[Si](CCCNP1(NCCC[Si](OCC)(OCC)OCC)=NP(NCCC[Si](OCC)(OCC)OCC)(NCCC[Si](OCC)(OCC)OCC)=NP(NCCC[Si](OCC)(OCC)OCC)(NCCC[Si](OCC)(OCC)OCC)=N1)(OCC)OCC,6,,,,,,,,,,non-V-0
10.1021/acs.iecr.5b02343,composite,PP,(8% APESP–2% APP)/PP,,CC([Fr])C[Rb],,PP,70,,,,,,Ammonium polyphosphate,[*]P(O[*])([O-].[NH4+])=O,22,,APESP,CCO[Si](CCCNP1(NCCC[Si](OCC)(OCC)OCC)=NP(NCCC[Si](OCC)(OCC)OCC)(NCCC[Si](OCC)(OCC)OCC)=NP(NCCC[Si](OCC)(OCC)OCC)(NCCC[Si](OCC)(OCC)OCC)=N1)(OCC)OCC,8,,,,,,,,,,non-V-0
10.1016/j.polymdegradstab.2019.108982,composite,PP,PP/1PT/24APP,,CC([Fr])C[Rb],,PP,75,,,,,,Ammonium polyphosphate,[*]P(O[*])([O-].[NH4+])=O,24,,PT,C1(N2CCNCC2)=NC(N3CCNCC3)=NC(N4CCNCC4)=N1,1,,,,,,,,,,non-V-0
10.1016/j.polymdegradstab.2019.108982,composite,PP,PP/3PT/22APP,,CC([Fr])C[Rb],,PP,75,,,,,,Ammonium polyphosphate,[*]P(O[*])([O-].[NH4+])=O,22,,PT,C1(N2CCNCC2)=NC(N3CCNCC3)=NC(N4CCNCC4)=N1,3,,,,,,,,,,V-0
10.1016/j.polymdegradstab.2019.108982,composite,PP,PP/5PT/20APP,,CC([Fr])C[Rb],,PP,75,,,,,,Ammonium polyphosphate,[*]P(O[*])([O-].[NH4+])=O,20,,PT,C1(N2CCNCC2)=NC(N3CCNCC3)=NC(N4CCNCC4)=N1,5,,,,,,,,,,V-0
10.1021/am500789q,composite,PP,PP/PP-APP20,,CC([Fr])C[Rb],,PP,80,,,,,,PA-APP,[*]P(CP(ON1CCNCC1)(CP([*])([O-].[NH4+])=O)=O)([O-].[NH4+])=O,20,,,,,,,,,,,,,,non-V-0
10.1021/am500789q,composite,PP,PP/PP-APP22,,CC([Fr])C[Rb],,PP,78,,,,,,PA-APP,[*]P(CP(ON1CCNCC1)(CP([*])([O-].[NH4+])=O)=O)([O-].[NH4+])=O,22,,,,,,,,,,,,,,V-0
10.1021/am500789q,composite,PP,PP/PP-APP25,,CC([Fr])C[Rb],,PP,75,,,,,,PA-APP,[*]P(CP(ON1CCNCC1)(CP([*])([O-].[NH4+])=O)=O)([O-].[NH4+])=O,25,,,,,,,,,,,,,,V-0
10.1021/am500789q,composite,PP,PP/PP-APP30,,CC([Fr])C[Rb],,PP,70,,,,,,PA-APP,[*]P(CP(ON1CCNCC1)(CP([*])([O-].[NH4+])=O)=O)([O-].[NH4+])=O,30,,,,,,,,,,,,,,V-0
10.1016/j.polymdegradstab.2014.08.019,composite,PP,PP/30APP,,CC([Fr])C[Rb],,PP,70,,,,,,Ammonium polyphosphate,[*]P(O[*])([O-].[NH4+])=O,30,,,,,,,,,,,,,,non-V-0
10.1016/j.polymdegradstab.2014.08.019,composite,PP,PP/24APP/6HCFA,,CC([Fr])C[Rb],,PP,70,,,,,,Ammonium polyphosphate,[*]P(O[*])([O-].[NH4+])=O,24,,HCFA,C1(N2CCN(C3=NC(N4CCNCC4)=NC(N5CCNCC5)=N3)CC2)=NC(N6CCN(C7=NC(N8CCNCC8)=NC(N9CCNCC9)=N7)CC6)=NC(N%10CCN(C%11=NC(N%12CCNCC%12)=NC(N%13CCNCC%13)=N%11)CC%10)=N1,6,,,,,,,,,,non-V-0
10.1016/j.polymdegradstab.2014.08.019,composite,PP,PP/22.5APP/7.5HCFA,,CC([Fr])C[Rb],,PP,70,,,,,,Ammonium polyphosphate,[*]P(O[*])([O-].[NH4+])=O,22.5,,HCFA,C1(N2CCN(C3=NC(N4CCNCC4)=NC(N5CCNCC5)=N3)CC2)=NC(N6CCN(C7=NC(N8CCNCC8)=NC(N9CCNCC9)=N7)CC6)=NC(N%10CCN(C%11=NC(N%12CCNCC%12)=NC(N%13CCNCC%13)=N%11)CC%10)=N1,7.5,,,,,,,,,,V-0
10.1016/j.polymdegradstab.2014.08.019,composite,PP,PP/20APP/10HCFA,,CC([Fr])C[Rb],,PP,70,,,,,,Ammonium polyphosphate,[*]P(O[*])([O-].[NH4+])=O,20,,HCFA,C1(N2CCN(C3=NC(N4CCNCC4)=NC(N5CCNCC5)=N3)CC2)=NC(N6CCN(C7=NC(N8CCNCC8)=NC(N9CCNCC9)=N7)CC6)=NC(N%10CCN(C%11=NC(N%12CCNCC%12)=NC(N%13CCNCC%13)=N%11)CC%10)=N1,10,,,,,,,,,,V-0
10.1016/j.polymdegradstab.2014.08.019,composite,PP,PP/15APP/15HCFA,,CC([Fr])C[Rb],,PP,70,,,,,,Ammonium polyphosphate,[*]P(O[*])([O-].[NH4+])=O,15,,HCFA,C1(N2CCN(C3=NC(N4CCNCC4)=NC(N5CCNCC5)=N3)CC2)=NC(N6CCN(C7=NC(N8CCNCC8)=NC(N9CCNCC9)=N7)CC6)=NC(N%10CCN(C%11=NC(N%12CCNCC%12)=NC(N%13CCNCC%13)=N%11)CC%10)=N1,15,,,,,,,,,,V-0
10.1016/j.polymdegradstab.2014.08.019,composite,PP,PP/10APP/20HCFA,,CC([Fr])C[Rb],,PP,70,,,,,,Ammonium polyphosphate,[*]P(O[*])([O-].[NH4+])=O,10,,HCFA,C1(N2CCN(C3=NC(N4CCNCC4)=NC(N5CCNCC5)=N3)CC2)=NC(N6CCN(C7=NC(N8CCNCC8)=NC(N9CCNCC9)=N7)CC6)=NC(N%10CCN(C%11=NC(N%12CCNCC%12)=NC(N%13CCNCC%13)=N%11)CC%10)=N1,20,,,,,,,,,,non-V-0
10.1016/j.polymdegradstab.2014.08.019,composite,PP,PP/30HCFA,,CC([Fr])C[Rb],,PP,70,,,,,,,,,,HCFA,C1(N2CCN(C3=NC(N4CCNCC4)=NC(N5CCNCC5)=N3)CC2)=NC(N6CCN(C7=NC(N8CCNCC8)=NC(N9CCNCC9)=N7)CC6)=NC(N%10CCN(C%11=NC(N%12CCNCC%12)=NC(N%13CCNCC%13)=N%11)CC%10)=N1,30,,,,,,,,,,non-V-0
https://doi.org/10.1039/C5RA14586D,composite,PP,PP/30MFT-APP,,CC([Fr])C[Rb],,PP,70,,,,,,MFT-APP,[*]OCNC1=NC(NCO)=NC(NCOCCN2C(N(C(N(C2=O)CCOCNC3=NC(NCO)=NC(NCO[*])=N3)=O)CCO)=O)=N1,30,,,,,,,,,,,,,,V-0
https://doi.org/10.1039/C5RA14586D,composite,PP,PP/20MFT-APP/10THEIC,,CC([Fr])C[Rb],,PP,70,,,,,,MFT-APP,[*]OCNC1=NC(NCO)=NC(NCOCCN2C(N(C(N(C2=O)CCOCNC3=NC(NCO)=NC(NCO[*])=N3)=O)CCO)=O)=N1,20,,THEIC,O=C(N(CCO)C(N1CCO)=O)N(CCO)C1=O,10,,,,,,,,,,V-0
https://doi.org/10.1039/C5RA14586D,composite,PP,PP/22.5MFT-APP/7.5THEIC,,CC([Fr])C[Rb],,PP,70,,,,,,MFT-APP,[*]OCNC1=NC(NCO)=NC(NCOCCN2C(N(C(N(C2=O)CCOCNC3=NC(NCO)=NC(NCO[*])=N3)=O)CCO)=O)=N1,22.5,,THEIC,O=C(N(CCO)C(N1CCO)=O)N(CCO)C1=O,7.5,,,,,,,,,,V-0
https://doi.org/10.1039/C5RA14586D,composite,PP,PP/25MFT-APP/5THEIC,,CC([Fr])C[Rb],,PP,70,,,,,,MFT-APP,[*]OCNC1=NC(NCO)=NC(NCOCCN2C(N(C(N(C2=O)CCOCNC3=NC(NCO)=NC(NCO[*])=N3)=O)CCO)=O)=N1,25,,THEIC,O=C(N(CCO)C(N1CCO)=O)N(CCO)C1=O,5,,,,,,,,,,V-0
https://doi.org/10.1039/C5RA14586D,composite,PP,PP/27MFT-APP/3THEIC,,CC([Fr])C[Rb],,PP,70,,,,,,MFT-APP,[*]OCNC1=NC(NCO)=NC(NCOCCN2C(N(C(N(C2=O)CCOCNC3=NC(NCO)=NC(NCO[*])=N3)=O)CCO)=O)=N1,27,,THEIC,O=C(N(CCO)C(N1CCO)=O)N(CCO)C1=O,3,,,,,,,,,,V-0
https://doi.org/10.1039/C5RA14586D,composite,PP,PP/22.5APP/7.5THEIC,,CC([Fr])C[Rb],,PP,70,,,,,,Ammonium polyphosphate,[*]P(O[*])([O-].[NH4+])=O,22.5,,THEIC,O=C(N(CCO)C(N1CCO)=O)N(CCO)C1=O,7.5,,,,,,,,,,V-0
https://doi.org/10.1039/C5RA14586D,composite,PP,PP/16.7MFT-APP/8.3THEIC,,CC([Fr])C[Rb],,PP,75,,,,,,MFT-APP,[*]OCNC1=NC(NCO)=NC(NCOCCN2C(N(C(N(C2=O)CCOCNC3=NC(NCO)=NC(NCO[*])=N3)=O)CCO)=O)=N1,16.7,,THEIC,O=C(N(CCO)C(N1CCO)=O)N(CCO)C1=O,8.3,,,,,,,,,,V-0
https://doi.org/10.1039/C5RA14586D,composite,PP,PP-18.75MFT-APP/6.25THEIC,,CC([Fr])C[Rb],,PP,75,,,,,,MFT-APP,[*]OCNC1=NC(NCO)=NC(NCOCCN2C(N(C(N(C2=O)CCOCNC3=NC(NCO)=NC(NCO[*])=N3)=O)CCO)=O)=N1,18.75,,THEIC,O=C(N(CCO)C(N1CCO)=O)N(CCO)C1=O,6.25,,,,,,,,,,V-0
https://doi.org/10.1039/C5RA14586D,composite,PP,PP/20.83MFT-APP/4.17THEIC,,CC([Fr])C[Rb],,PP,75,,,,,,MFT-APP,[*]OCNC1=NC(NCO)=NC(NCOCCN2C(N(C(N(C2=O)CCOCNC3=NC(NCO)=NC(NCO[*])=N3)=O)CCO)=O)=N1,20.83,,THEIC,O=C(N(CCO)C(N1CCO)=O)N(CCO)C1=O,4.17,,,,,,,,,,V-0
https://doi.org/10.1039/C5RA14586D,composite,PP,PP/22.5MFT-APP/2.5THEIC,,CC([Fr])C[Rb],,PP,75,,,,,,MFT-APP,[*]OCNC1=NC(NCO)=NC(NCOCCN2C(N(C(N(C2=O)CCOCNC3=NC(NCO)=NC(NCO[*])=N3)=O)CCO)=O)=N1,22.5,,THEIC,O=C(N(CCO)C(N1CCO)=O)N(CCO)C1=O,2.5,,,,,,,,,,V-0
10.1016/j.polymdegradstab.2013.10.005,composite,PP,PP/25APP,,CC([Fr])C[Rb],,PP,75,,,,,,Ammonium polyphosphate,[*]P(O[*])([O-].[NH4+])=O,25,,,,,,,,,,,,,,non-V-0
10.1016/j.polymdegradstab.2013.10.005,composite,PP,PP/30APP,,CC([Fr])C[Rb],,PP,70,,,,,,Ammonium polyphosphate,[*]P(O[*])([O-].[NH4+])=O,30,,,,,,,,,,,,,,non-V-0
10.1016/j.polymdegradstab.2013.10.005,composite,PP,PP/35APP,,CC([Fr])C[Rb],,PP,65,,,,,,Ammonium polyphosphate,[*]P(O[*])([O-].[NH4+])=O,35,,,,,,,,,,,,,,non-V-0
10.1016/j.polymdegradstab.2013.10.005,composite,PP,PP/40APP,,CC([Fr])C[Rb],,PP,60,,,,,,Ammonium polyphosphate,[*]P(O[*])([O-].[NH4+])=O,40,,,,,,,,,,,,,,non-V-0
10.1016/j.polymdegradstab.2013.10.005,composite,PP,PP/25MAPP,,CC([Fr])C[Rb],,PP,75,,,,,,,,,,MAPP,[*]P(CP(ONCCN)(CP([*])([O-].[NH4+])=O)=O)([O-].[NH4+])=O,25,,,,,,,,,,non-V-0
10.1016/j.polymdegradstab.2013.10.005,composite,PP,PP/30MAPP,,CC([Fr])C[Rb],,PP,70,,,,,,,,,,MAPP,[*]P(CP(ONCCN)(CP([*])([O-].[NH4+])=O)=O)([O-].[NH4+])=O,30,,,,,,,,,,V-0
10.1016/j.polymdegradstab.2013.10.005,composite,PP,PP/35MAPP,,CC([Fr])C[Rb],,PP,65,,,,,,,,,,MAPP,[*]P(CP(ONCCN)(CP([*])([O-].[NH4+])=O)=O)([O-].[NH4+])=O,35,,,,,,,,,,V-0
10.1016/j.polymdegradstab.2013.10.005,composite,PP,PP/40MAPP,,CC([Fr])C[Rb],,PP,60,,,,,,,,,,MAPP,[*]P(CP(ONCCN)(CP([*])([O-].[NH4+])=O)=O)([O-].[NH4+])=O,40,,,,,,,,,,V-0
10.1016/j.polymdegradstab.2013.10.005,composite,PP,PP/30ETA-APP,,CC([Fr])C[Rb],,PP,70,,,,,,ETA-APP,[*]P(CP(ONCCO)(CP([*])([O-].[NH4+])=O)=O)([O-].[NH4+])=O,30,,,,,,,,,,,,,,non-V-0
10.1016/j.polymdegradstab.2013.10.005,composite,PP,PP/35ETA-APP,,CC([Fr])C[Rb],,PP,65,,,,,,ETA-APP,[*]P(CP(ONCCO)(CP([*])([O-].[NH4+])=O)=O)([O-].[NH4+])=O,35,,,,,,,,,,,,,,V-0
10.1016/j.polymdegradstab.2013.10.005,composite,PP,PP/40ETA-APP,,CC([Fr])C[Rb],,PP,60,,,,,,ETA-APP,[*]P(CP(ONCCO)(CP([*])([O-].[NH4+])=O)=O)([O-].[NH4+])=O,40,,,,,,,,,,,,,,V-0
10.1007/s10118-015-1588-0,composite,PP,PP/IFR20,,CC([Fr])C[Rb],,PP,80,,,,,,CFA,[*]C1=NC(NCCO)=NC(NCCN[*])=N1,3.8,,APP,[*]P(O[*])([O-].[NH4+])=O,15.2,,SiO2,O=[Si]=O,1,,,,,,non-V-0
10.1007/s10118-015-1588-0,composite,PP,PP/IFR22,,CC([Fr])C[Rb],,PP,78,,,,,,CFA,[*]C1=NC(NCCO)=NC(NCCN[*])=N1,4.18,,APP,[*]P(O[*])([O-].[NH4+])=O,16.72,,SiO2,O=[Si]=O,1.1,,,,,,non-V-0
10.1007/s10118-015-1588-0,composite,PP,PP/IFR24,,CC([Fr])C[Rb],,PP,76,,,,,,CFA,[*]C1=NC(NCCO)=NC(NCCN[*])=N1,4.56,,APP,[*]P(O[*])([O-].[NH4+])=O,18.24,,SiO2,O=[Si]=O,1.2,,,,,,non-V-0
10.1007/s10118-015-1588-0,composite,PP,PP/IFR26,,CC([Fr])C[Rb],,PP,74,,,,,,CFA,[*]C1=NC(NCCO)=NC(NCCN[*])=N1,4.94,,APP,[*]P(O[*])([O-].[NH4+])=O,19.76,,SiO2,O=[Si]=O,1.3,,,,,,V-0
10.1007/s10118-015-1588-0,composite,PP,PP/24AHP-IFR-1-8,,CC([Fr])C[Rb],,PP,76,,,,,,AHP,O=P([H])([H])[O-].O=P([H])([H])[O-].O=P([H])([H])[O-].[Al+3],2.667,,CFA,[*]C1=NC(NCCO)=NC(NCCN[*])=N1,4.053,,APP,[*]P(O[*])([O-].[NH4+])=O,16.213,,SiO2,O=[Si]=O,1.067,,V-0
10.1007/s10118-015-1588-0,composite,PP,PP/24AHP-IFR-1-6,,CC([Fr])C[Rb],,PP,75.999,,,,,,AHP,O=P([H])([H])[O-].O=P([H])([H])[O-].O=P([H])([H])[O-].[Al+3],3.429,,CFA,[*]C1=NC(NCCO)=NC(NCCN[*])=N1,3.909,,APP,[*]P(O[*])([O-].[NH4+])=O,15.634,,SiO2,O=[Si]=O,1.029,,V-0
10.1007/s10118-015-1588-0,composite,PP,PP/24AHP-IFR-1-4,,CC([Fr])C[Rb],,PP,76,,,,,,AHP,O=P([H])([H])[O-].O=P([H])([H])[O-].O=P([H])([H])[O-].[Al+3],4.8,,CFA,[*]C1=NC(NCCO)=NC(NCCN[*])=N1,3.648,,APP,[*]P(O[*])([O-].[NH4+])=O,14.592,,SiO2,O=[Si]=O,0.96,,V-0
10.1007/s10118-015-1588-0,composite,PP,PP/24AHP-IFR-1-2,,CC([Fr])C[Rb],,PP,76,,,,,,AHP,O=P([H])([H])[O-].O=P([H])([H])[O-].O=P([H])([H])[O-].[Al+3],8,,CFA,[*]C1=NC(NCCO)=NC(NCCN[*])=N1,3.04,,APP,[*]P(O[*])([O-].[NH4+])=O,12.16,,SiO2,O=[Si]=O,0.8,,non-V-0
10.1016/j.polymdegradstab.2016.05.007,composite,PP,PP/15(APP/PER),,CC([Fr])C[Rb],,PP,85,,,,,,Ammonium polyphosphate,[*]P(O[*])([O-].[NH4+])=O,10,,pentaerythritol,OCC(CO)(CO)CO,5,,,,,,,,,,non-V-0
10.1016/j.polymdegradstab.2016.05.007,composite,PP,PP/20(APP/PER),,CC([Fr])C[Rb],,PP,80,,,,,,Ammonium polyphosphate,[*]P(O[*])([O-].[NH4+])=O,13.33,,pentaerythritol,OCC(CO)(CO)CO,6.67,,,,,,,,,,non-V-0
10.1016/j.polymdegradstab.2016.05.007,composite,PP,PP/25(APP/PER),,CC([Fr])C[Rb],,PP,75,,,,,,Ammonium polyphosphate,[*]P(O[*])([O-].[NH4+])=O,16.67,,pentaerythritol,OCC(CO)(CO)CO,8.33,,,,,,,,,,V-0
10.1016/j.polymdegradstab.2016.05.007,composite,PP,PP/30(APP/PER),,CC([Fr])C[Rb],,PP,70,,,,,,Ammonium polyphosphate,[*]P(O[*])([O-].[NH4+])=O,20,,pentaerythritol,OCC(CO)(CO)CO,10,,,,,,,,,,V-0
10.1002/app.46274,composite,PP,PP/25MATMP,,CC([Fr])C[Rb],,PP,75,,,,,,,,,,MATMP,NC1=NC(N)=NC([NH3+])=N1.[NH3+]C2=NC([NH3+])=NC(N)=N2.O=P([O-])(O)CN(CP(O)([O-])=O)CP(O)([O-])=O,25,,,,,,,,,,non-V-0
10.1002/app.46274,composite,PP,PP/(MATMP/PER)3/1,,CC([Fr])C[Rb],,PP,75,,,,,,pentaerythritol,OCC(CO)(CO)CO,6.3,,MATMP,NC1=NC(N)=NC([NH3+])=N1.[NH3+]C2=NC([NH3+])=NC(N)=N2.O=P([O-])(O)CN(CP(O)([O-])=O)CP(O)([O-])=O,18.7,,,,,,,,,,V-0
10.1002/app.46274,composite,PP,PP/(MATMP/PER)2/1,,CC([Fr])C[Rb],,PP,75,,,,,,pentaerythritol,OCC(CO)(CO)CO,8.3,,MATMP,NC1=NC(N)=NC([NH3+])=N1.[NH3+]C2=NC([NH3+])=NC(N)=N2.O=P([O-])(O)CN(CP(O)([O-])=O)CP(O)([O-])=O,16.7,,,,,,,,,,V-0
10.1002/app.46274,composite,PP,PP/(MATMP/PER)1/1,,CC([Fr])C[Rb],,PP,75,,,,,,pentaerythritol,OCC(CO)(CO)CO,12.5,,MATMP,NC1=NC(N)=NC([NH3+])=N1.[NH3+]C2=NC([NH3+])=NC(N)=N2.O=P([O-])(O)CN(CP(O)([O-])=O)CP(O)([O-])=O,12.5,,,,,,,,,,non-V-0
10.1002/app.46274,composite,PP,PP/(APP/PER),,CC([Fr])C[Rb],,PP,75,,,,,,pentaerythritol,OCC(CO)(CO)CO,8.3,,Ammonium polyphosphate,[*]P(O[*])([O-].[NH4+])=O,16.7,,,,,,,,,,V-0
10.1002/app.46274,composite,PP,PP/PER,,CC([Fr])C[Rb],,PP,75,,,,,,pentaerythritol,OCC(CO)(CO)CO,25,,,,,,,,,,,,,,non-V-0
