smiles,source_columns
*Nc1ccc(cc1)Cc1ccc(cc1)NC(=O)c1cc(NC(=O)C(N2C(=O)c3c(C2=O)c(Br)c(c(c3Br)Br)Br)Cc2ccccc2)cc(c1)C(=O)*,T5.csv:smiles1;Tg.csv:smiles1
*Nc1ccc(cc1)c1ccc(cc1)NC(=O)c1cc(NC(=O)C(N2C(=O)c3c(C2=O)c(Br)c(c(c3Br)Br)Br)Cc2ccccc2)cc(c1)C(=O)*,T5.csv:smiles1;Tg.csv:smiles1
*Nc1cccc(c1)NC(=O)c1cc(cc(c1)C(=O)*)NC(=O)C(N1C(=O)c2c(C1=O)c(Br)c(c(c2Br)Br)Br)Cc1ccccc1,T5.csv:smiles1;Tg.csv:smiles1
*Nc1cccc2c1cccc2NC(=O)c1cc(NC(=O)C(N2C(=O)c3c(C2=O)c(Br)c(c(c3Br)Br)Br)Cc2ccccc2)cc(c1)C(=O)*,T5.csv:smiles1;Tg.csv:smiles1
*Oc1ccc(cc1)S(=O)(=O)c1ccc(cc1)OP(=O)(Nc1ccccc1)*,Tg.csv:smiles1
C1(N2CCN(C3=NC(N4CCNCC4)=NC(N5CCNCC5)=N3)CC2)=NC(N6CCN(C7=NC(N8CCNCC8)=NC(N9CCNCC9)=N7)CC6)=NC(N%10CCN(C%11=NC(N%12CCNCC%12)=NC(N%13CCNCC%13)=N%11)CC%10)=N1,LOI.csv:mix_smiles2;T5.csv:mix_smiles2;UL-94.csv:mix_smiles2
C1(N2CCNCC2)=NC(N3CCNCC3)=NC(N4CCNCC4)=N1,LOI.csv:mix_smiles2;UL-94.csv:mix_smiles2
C1(NCCN2CCN(C3=NC(NCCN4CCNCC4)=NC(NCCN5CCNCC5)=N3)CC2)=NC(NCCN6CCN(C7=NC(NCCN8CCNCC8)=NC(NCCN9CCNCC9)=N7)CC6)=NC(NCCN%10CCN(C%11=NC(NCCN%12CCNCC%12)=NC(NCCN%13CCNCC%13)=N%11)CC%10)=N1,LOI.csv:mix_smiles2;T5.csv:mix_smiles2;UL-94.csv:mix_smiles2
C=C(C)C(=O)OCC(CN1CCN(CC1)CC(COC(=O)C(=C)C)O)O,LOI.csv:smiles1;T5.csv:smiles1;Tg.csv:smiles1
C=C(C)C(=O)OCC(COc1ccc(cc1)CN=c1[nH]c(=NCc2ccc(cc2)OCC(COC(=O)C(=C)C)O)[nH]c(=NCc2ccc(cc2)OCC(COC(=O)C(=C)C)O)[nH]1)O,LOI.csv:smiles1
C=C(CC(C(=C)C(=O)OCC1COC2(CCCO2)O1)C(=O)OCC1COC2(CCCO2)O1)C(=O)OCC1COC2(CCCO2)O1,LOI.csv:smiles1;T5.csv:smiles1;Tg.csv:smiles1
C=CCc1cc(OC)c(c(c1[Rb])CN(Cc1ccco1)[Fr])O,T5.csv:smiles1;Tg.csv:smiles1
CC(=O)OC1=CC=C(C(C)(C)C2=CCC(OC(C)=O)C=C2)C=C1,LOI.csv:smiles1;UL-94.csv:smiles1
CC(C(=O)OC)(C[Fr])[Rb],LOI.csv:smiles1;T5.csv:smiles1;Tg.csv:smiles1;UL-94.csv:smiles1
CC(C(=O)O[Fr])[Rb],LOI.csv:smiles1;T5.csv:smiles1;UL-94.csv:smiles1
CC(C(O)=O)([Fr])C[Rb],LOI.csv:smiles2
CC(C(OC(C)(C)C)=O)([Fr])C[Rb],LOI.csv:smiles2
CC(C(OC)=O)([Fr])C[Rb],LOI.csv:smiles1;LOI.csv:smiles2;Tg.csv:smiles1;UL-94.csv:smiles1
CC(C(OCC)=O)([Fr])C[Rb],LOI.csv:smiles2
CC(C(OCCN(CP(OC)(OC)=O)CP(OC)(OC)=O)=O)([Fr])C[Rb],LOI.csv:smiles2;Tg.csv:smiles2
CC(C(OCCOP(O)(OC1=CC=CC=C1)=O)=O)([Fr])C[Rb],LOI.csv:smiles2;Tg.csv:smiles2;UL-94.csv:smiles2
CC(C(OCCOP(OC1=CC=CC=C1)(N2CCN(CC2)C3=CC=CC=C3)=O)=O)([Fr])C[Rb],LOI.csv:smiles2;Tg.csv:smiles2
CC(C(OCCOP(OCC)(OCC)=O)=O)([Fr])C[Rb],LOI.csv:smiles2
CC(C(OCP(OCC)(OCC)=O)=O)([Fr])C[Rb],LOI.csv:smiles2;Tg.csv:smiles2;UL-94.csv:smiles2
CC(C)(C1=CC=C(C=C1)OCCO[Rb])C2=CC=C(C=C2)OCCOC(C(C=C3)=CC=C3C([Fr])=O)=O,LOI.csv:smiles2;T5.csv:smiles2;Tg.csv:smiles2;UL-94.csv:smiles2
CC(C)(C1=CC=C(OC(O[Fr])=O)C=C1)C(C=C2)=CC=C2OC(OC3=CC=C(C4(C5=CC=C([Rb])C=C5)C6=CC=CC=C6C(O4)=O)C=C3)=O,LOI.csv:smiles1
CC(C)(OC1=C2)OC1=CC=C2C([Fr])C[Rb],LOI.csv:smiles2
CC(C)(c1ccc(cc1)O)c1ccc(cc1)O.C(C1CO1)Cl.C=CC(=O)O,LOI.csv:smiles1
CC(C1=CC=C(C=C1)OC(C2=CC=C(C=C2)C([Fr])=O)=O)(C3=CC=C(C=C3)O[Rb])C,LOI.csv:smiles2;T5.csv:smiles2;Tg.csv:smiles2;UL-94.csv:smiles2
CC(C1=CC=C(OC([Fr])=O)C=C1)(C)C2=CC=C(O[Rb])C=C2,LOI.csv:smiles1;T5.csv:smiles1;UL-94.csv:smiles1
CC(C1=CC=C(OC([Fr])=O)C=C1)(C2=CC=C(O[Rb])C=C2)C,LOI.csv:smiles1;T5.csv:smiles1;Tg.csv:smiles1;UL-94.csv:smiles1
CC(CC1)CCC1(C2=CC=C(C=C2)CO)C(C=C3)=CC=C3CO,LOI.csv:smiles1;Tg.csv:smiles1
CC(CO[Rb])(COC(C1=CC=C(C=C1)C([Fr])=O)=O)C,LOI.csv:smiles2;Tg.csv:smiles2;UL-94.csv:mix_smiles1
CC(CO[Rb])(COC(CCP([Fr])(C1=CC=CC=C1)=O)=O)C,LOI.csv:smiles2;Tg.csv:smiles2;UL-94.csv:smiles2
CC(C[Fr])[Rb],LOI.csv:smiles1;T5.csv:smiles1
CC([Fr])C[Rb],LOI.csv:smiles1;T5.csv:smiles1;UL-94.csv:smiles1
CC1(C)COP(=O)(Nc2cccc(c2)NP2(=O)OCC(C)(C)CO2)OC1,T5.csv:smiles1
CCC([C@H](n1c(=O)c2c(c1=O)cc1c(c2)c(=O)n(c1=O)[C@@H](C(CC)C)C(=O)[Rb])C(=O)Nc1cc(N[Fr])cc(c1)C(=O)NCCc1ccc(c(c1)O)O)C,T5.csv:smiles1
CCC1(N(C(N(C(c2cc(C(N(c3cc(P(c4cc(N5C(c6ccc(C([Rb])=O)cc6C5=O)=O)ccc4)(c7ccccc7)=O)ccc3)C8=O)=O)c8cc2)=O)C1=O)=O)[Fr])C,LOI.csv:smiles1;T5.csv:smiles1
CCC1(N(C(N(C(c2cc(C(N(c3cc(P(c4cc(N5C(c6ccc(C([Rb])=O)cc6C5=O)=O)ccc4)(c7ccccc7)=O)ccc3)C8=O)=O)c8cc2)=O)C1=O)=O)[Fr])CC,LOI.csv:smiles1;T5.csv:smiles1
CCCCC1(N(C(N(C(c2cc(C(N(c3cc(P(c4cc(N5C(c6ccc(C([Rb])=O)cc6C5=O)=O)ccc4)(c7ccccc7)=O)ccc3)C8=O)=O)c8cc2)=O)C1=O)=O)[Fr])CCCC,LOI.csv:smiles1;T5.csv:smiles1
CCCCCC1(N(C(N(C(c2cc(C(N(c3cc(P(c4cc(N5C(c6ccc(C([Rb])=O)cc6C5=O)=O)ccc4)(c7ccccc7)=O)ccc3)C8=O)=O)c8cc2)=O)C1=O)=O)[Fr])CCCCC,LOI.csv:smiles1;T5.csv:smiles1
CCCCCCCCCCCCCCCCCCN(Cc1c(O)ccc(c1[Rb])Sc1ccc2c(c1)CN(CO2)CCCCCCCCCCCCCCCCCC)C[Fr],T5.csv:smiles1
CCCCCCCCCCCCCCCCCCN(Cc1c([Rb])c(CC=C)cc(c1O)OC)[Fr],T5.csv:smiles1;Tg.csv:smiles1
CCCCCCCCCCCCCCCc1cccc(c1)OP(=O)(Oc1c(Br)cc(cc1Br)C(c1cc(Br)c(c(c1)Br)O[Fr])(C)C)[Rb],LOI.csv:smiles1;T5.csv:smiles1
CCCCCCCCCCCCCCCc1cccc(c1)OP(=O)(Oc1ccc(cc1)C(c1ccc(cc1)O[Fr])(C)C)[Rb],LOI.csv:smiles1;T5.csv:smiles1
CCCCCCCCCCCCCCCc1cccc(c1)OP(=O)(Oc1ccc(cc1)C1(OC(=O)c2c1cccc2)c1ccc(cc1)O[Fr])[Rb],LOI.csv:smiles1;T5.csv:smiles1
CCCCCCCCCCCCCCCc1cccc(c1)OP(=O)(Oc1ccc(cc1)O[Fr])[Rb],LOI.csv:smiles1;T5.csv:smiles1
CCOP(CC)(OCC)=O,LOI.csv:mix_smiles1;Tg.csv:mix_smiles1
CCOP(COP(OCCOC(C([Fr])C[Rb])=O)(C1=CC=CC=C1)=O)(OCC)=O,LOI.csv:smiles2;UL-94.csv:smiles2
CCOP(OCC)(C(C1=C(C=CC=C2)C2=CC=C1)OC(C(C)([Fr])C[Rb])=O)=O,LOI.csv:smiles1;LOI.csv:smiles2
CCOP(OCC)(C(C1=CC=C(Br)C=C1)OC(C(C)([Fr])C[Rb])=O)=O,LOI.csv:smiles1;LOI.csv:smiles2
CCOP(OCC)(C(CCCCC)OC(C(C)([Fr])C[Rb])=O)=O,LOI.csv:smiles1;LOI.csv:smiles2
CCOP(OCC)(COC(C(C)([Fr])C[Rb])=O)=O,LOI.csv:smiles1
CCO[Si](CCCNP1(NCCC[Si](OCC)(OCC)OCC)=NP(NCCC[Si](OCC)(OCC)OCC)(NCCC[Si](OCC)(OCC)OCC)=NP(NCCC[Si](OCC)(OCC)OCC)(NCCC[Si](OCC)(OCC)OCC)=N1)(OCC)OCC,LOI.csv:mix_smiles2;T5.csv:mix_smiles2;UL-94.csv:mix_smiles2
CCOc1cc(ccc1OP(=O)(c1ccccc1)[Rb])/N=C/c1ccc(cc1)O[Fr],LOI.csv:smiles1
CN1C2=CC(C(OCCO[Rb])=O)=CC=C2N=C1C3=CC=C(C=C3)C([Fr])=O,LOI.csv:smiles2;UL-94.csv:smiles2
COC(=O)CCC(c1ccc(c(c1[Rb])CN(c1ccccc1)C[Fr])O)(c1ccc2c(c1)CN(CO2)c1ccccc1)C,LOI.csv:smiles1;T5.csv:smiles1
COC(=O)CCN(CCO)CCO,LOI.csv:smiles1;T5.csv:smiles1
COc1cc(/C=C/C(=O)/C=C/c2ccc(c(c2)OC)O[Fr])ccc1OP(=O)(Nc1ccc(cc1)Br)[Rb],LOI.csv:smiles1
COc1cc(/C=C/C(=O)/C=C/c2ccc(c(c2)OC)O[Fr])ccc1OP(=O)(Nc1ccc(cc1)C)[Rb],LOI.csv:smiles1
COc1cc(/C=C/C(=O)/C=C/c2ccc(c(c2)OC)O[Fr])ccc1OP(=O)(Nc1ccc(cc1)Cl)[Rb],LOI.csv:smiles1
COc1cc(/C=C/C(=O)/C=C/c2ccc(c(c2)OC)O[Fr])ccc1OP(=O)(Nc1ccccc1)[Rb],LOI.csv:smiles1
COc1cc(ccc1OP(=O)(Nc1ccc(cc1)Br)[Rb])/C=C/1\CC(=O)C/C(=C\c2ccc(c(c2)OC)O[Fr])/C1,LOI.csv:smiles1
COc1cc(ccc1OP(=O)(Nc1ccc(cc1)Br)[Rb])/C=C/1\CC/C(=C/c2ccc(c(c2)OC)O[Fr])/CC(=O)C1,LOI.csv:smiles1
COc1cc(ccc1OP(=O)(Nc1ccc(cc1)Br)[Rb])/C=C/1\CC/C(=C\c2ccc(c(c2)O[Fr])O)/C1=O,LOI.csv:smiles1
COc1cc(ccc1OP(=O)(Nc1ccc(cc1)C)[Rb])/C=C/1\CC(=O)C/C(=C\c2ccc(c(c2)OC)O[Fr])/C1,LOI.csv:smiles1
COc1cc(ccc1OP(=O)(Nc1ccc(cc1)C)[Rb])/C=C/1\CC/C(=C/c2ccc(c(c2)OC)O[Fr])/CC(=O)C1,LOI.csv:smiles1
COc1cc(ccc1OP(=O)(Nc1ccc(cc1)C)[Rb])/C=C/1\CC/C(=C\c2ccc(c(c2)O[Fr])O)/C1=O,LOI.csv:smiles1
COc1cc(ccc1OP(=O)(Nc1ccc(cc1)Cl)[Rb])/C=C/1\CC(=O)C/C(=C\c2ccc(c(c2)OC)O[Fr])/C1,LOI.csv:smiles1
COc1cc(ccc1OP(=O)(Nc1ccc(cc1)Cl)[Rb])/C=C/1\CC/C(=C/c2ccc(c(c2)OC)O[Fr])/CC(=O)C1,LOI.csv:smiles1
COc1cc(ccc1OP(=O)(Nc1ccc(cc1)Cl)[Rb])/C=C/1\CC/C(=C\c2ccc(c(c2)O[Fr])O)/C1=O,LOI.csv:smiles1
COc1cc(ccc1OP(=O)(Nc1ccccc1)[Rb])/C=C/1\CC(=O)C/C(=C\c2ccc(c(c2)OC)O[Fr])/C1,LOI.csv:smiles1
COc1cc(ccc1OP(=O)(Nc1ccccc1)[Rb])/C=C/1\CC/C(=C/c2ccc(c(c2)OC)O[Fr])/CC(=O)C1,LOI.csv:smiles1
COc1cc(ccc1OP(=O)(Nc1ccccc1)[Rb])/C=C/1\CC/C(=C\c2ccc(c(c2)OC)O[Fr])/C1=O,LOI.csv:smiles1
COc1cc(ccc1OP(=O)(c1ccccc1)[Fr])/N=C/c1ccc(cc1)O[Rb],LOI.csv:smiles1
COc1ccc(cc1)N(c1ccc(cc1)NC(=O)c1ccc(cc1)Nc1nc(Nc2ccc(cc2)C(=O)[Rb])nc(n1)N1CCOCC1)c1ccc(cc1)N[Fr],T5.csv:smiles1;Tg.csv:smiles1
COc1ccc(cc1)NP(=O)(Oc1ccc(cc1OC)/C=C/1\CC(=O)C/C(=C\c2ccc(c(c2)OC)O[Fr])/C1)[Rb],LOI.csv:smiles1
COc1ccc(cc1)NP(=O)(Oc1ccc(cc1OC)/C=C/1\CC(=O)C\C1=C/c1ccc(c(c1)OC)O[Fr])[Rb],LOI.csv:smiles1
COc1ccc(cc1)NP(=O)(Oc1ccc(cc1OC)/C=C/1\CC/C(=C/c2ccc(c(c2)OC)O[Fr])/CC(=O)C1)[Rb],LOI.csv:smiles1
COc1ccc(cc1)NP(=O)(Oc1ccc(cc1OC)/C=C/C(=O)/C=C/c1ccc(c(c1)OC)O[Fr])[Rb],LOI.csv:smiles1
COc1ccc(cc1)OP(=O)(Oc1c(Br)cc(cc1Br)C(C(F)(F)F)(C(F)(F)F)c1cc(Br)c(c(c1)Br)O[Rb])[Fr],LOI.csv:smiles1
COc1ccc(cc1)OP(=O)(Oc1c(C)cc(cc1C)S(=O)(=O)c1cc(C)c(c(c1)C)O[Rb])[Fr],LOI.csv:smiles1
COc1ccc(cc1)OP(=O)(Oc1ccc(cc1)C(C(F)(F)F)(C(F)(F)F)c1ccc(cc1)O[Rb])[Fr],LOI.csv:smiles1;T5.csv:smiles1;Tg.csv:smiles1
COc1ccc(cc1)OP(=O)(Oc1ccc(cc1)S(=O)(=O)c1ccc(cc1)O[Fr])[Rb],LOI.csv:smiles1
COc1ccc(cc1)P(=O)(c1ccc(c(c1)C(F)(F)F)[Rb])c1ccc(c(c1)C(F)(F)F)Oc1ccc(cc1)C(c1ccc(cc1)O[Fr])(C)C,T5.csv:smiles1;Tg.csv:smiles1
COc1ccc(cc1)P(=O)(c1ccc(c(c1)C(F)(F)F)[Rb])c1ccc(c(c1)C(F)(F)F)Oc1ccc(cc1)c1ccc(cc1)O[Fr],T5.csv:smiles1;Tg.csv:smiles1
CP(OCNC(C([Fr])C[Rb])=O)(OCP1(OC2=C(C=CC=C2)C3=CC=CC=C31)=O)=O,LOI.csv:smiles2
C[Si](O[Si](C)(C)CCCN[Rb])(C)CCCN[Fr],LOI.csv:smiles2
Cc1cc(ccc1Oc1ccc(cc1)C=Nc1ccc(cc1)Cc1ccc(cc1)N)C1(CCCC1)c1ccc(c(C)c1)Oc1ccc(cc1)C=Nc1ccc(cc1)Cc1ccc(cc1)N=Cc1ccc(cc1)Oc1ccc(cc1C)C1(CCCC1)c1ccc(c(C)c1)Oc1ccc(cc1)C=O,T5.csv:smiles1;Tg.csv:smiles1
Cc1cc(ccc1Oc1ccc(cc1)C=Nc1ccc(cc1)N)C1(CCCC1)c1ccc(c(C)c1)Oc1ccc(cc1)C=Nc1ccc(cc1)N=Cc1ccc(cc1)Oc1ccc(cc1C)C1(CCCC1)c1ccc(c(C)c1)Oc1ccc(cc1)C=O,T5.csv:smiles1
Cc1cc(ccc1Oc1ccc(cc1)C=Nc1ccc(cc1)Oc1ccc(cc1)C1(CCCC1)c1ccc(cc1)Oc1ccc(cc1)N)C1(CCCC1)c1ccc(c(C)c1)Oc1ccc(cc1)C=Nc1ccc(cc1)Oc1ccc(cc1)C1(CCCC1)c1ccc(cc1)Oc1ccc(cc1)N=Cc1ccc(cc1)Oc1ccc(cc1C)C1(CCCC1)c1ccc(c(C)c1)Oc1ccc(cc1)C=O,T5.csv:smiles1;Tg.csv:smiles1
Cc1cc(ccc1Oc1ccc(cc1)C=Nc1ccc(cc1)Oc1ccc(cc1)N)C1(CCCC1)c1ccc(c(C)c1)Oc1ccc(cc1)C=Nc1ccc(cc1)Oc1ccc(cc1)N=Cc1ccc(cc1)Oc1ccc(cc1C)C1(CCCC1)c1ccc(c(C)c1)Oc1ccc(cc1)C=O,T5.csv:smiles1;Tg.csv:smiles1
Cc1cc(ccc1Oc1ccc(cc1)C=Nc1ccc(cc1)Oc1cccc(c1)Oc1ccc(cc1)N)C1(CCCC1)c1ccc(c(C)c1)Oc1ccc(cc1)C=Nc1ccc(cc1)Oc1cccc(c1)Oc1ccc(cc1)N=Cc1ccc(cc1)Oc1ccc(cc1C)C1(CCCC1)c1ccc(c(C)c1)Oc1ccc(cc1)C=O,T5.csv:smiles1;Tg.csv:smiles1
Cc1cc(ccc1Oc1ccc(cc1)C=Nc1ccc(cc1)S(=O)(=O)c1ccc(cc1)N)C1(CCCC1)c1ccc(c(C)c1)Oc1ccc(cc1)C=Nc1ccc(cc1)S(=O)(=O)c1ccc(cc1)N=Cc1ccc(cc1)Oc1ccc(cc1C)C1(CCCC1)c1ccc(c(C)c1)Oc1ccc(cc1)C=O,T5.csv:smiles1;Tg.csv:smiles1
ClC(C1=CC=C(C=C1)C(Cl)=O)=O,LOI.csv:smiles2;Tg.csv:smiles2
ClC(C[Rb])[Fr],LOI.csv:smiles1
FC(F)(C1=CC=C(C2=NC(C3=CC=C(OC(C=CC([Fr])=C4)=C4C5=NC(C6=CC=CC=C6)=C(C7=CCCC=C7)N5)C=C3)=C(C8=CC=C(OC9=C(C%10=NC(C%11=CC=CC=C%11)=C(C%12=CCCC=C%12)N%10)C=C(N%13C(C%14C(C%15=C%14C=C(C(C(N%16[Rb])=O)C%17C%16=O)C%17=C%15)C%13=O)=O)C=C9)C=C8)N2)C=C1)F,T5.csv:smiles1;Tg.csv:smiles1
FC(F)(C1=CC=C(C2=NC(C3=CC=C(OC(C=CC([Fr])=C4)=C4C5=NC(C6=CC=CC=C6)=C(C7=CCCC=C7)N5)C=C3)=C(C8=CC=C(OC9=C(C%10=NC(C%11=CC=CC=C%11)=C(C%12=CCCC=C%12)N%10)C=C(N%13C(C%14C(C%15C%14C%16C(C(C(N%17[Rb])=O)C%18C%17=O)C%18C%15C=C%16)C%13=O)=O)C=C9)C=C8)N2)C=C1)F,T5.csv:smiles1;Tg.csv:smiles1
N#CC([Fr])C[Rb],LOI.csv:smiles1;LOI.csv:smiles2;Tg.csv:smiles1
N#COc1cc(cc(c1)Cc1cc([Fr])cc(c1)OC#N)Cc1cc([Rb])cc(c1)OC#N,T5.csv:smiles1
NC1=NC(N)=NC([NH3+])=N1.[NH3+]C2=NC([NH3+])=NC(N)=N2.O=P([O-])(O)CN(CP(O)([O-])=O)CP(O)([O-])=O,LOI.csv:mix_smiles2;UL-94.csv:mix_smiles2
O=C(C(C([Fr])=O)CP1(OC2=CC=CC=C2C3=CC=CC=C31)=O)NCCCCCN[Rb],LOI.csv:smiles2;UL-94.csv:mix_smiles1;UL-94.csv:smiles2
O=C(C(C1=C2)=CC(C3=O)=C2C(N3C(C=C4)=CC=C4OCC5=CN(N=N5)C(C=C6)=CC=C6OC(C=C7)=CC=C7OC(C=C8)=CC=C8N(N=N9)C=C9COC(C=C%10)=CC=C%10[*])=O)N([*])C1=O,LOI.csv:smiles1;T5.csv:smiles1;Tg.csv:smiles1
O=C(C(C1=C2)=CC(C3=O)=C2C(N3C(C=C4)=CC=C4OCC5=CN(N=N5)CCCN(N=N6)C=C6COC(C=C7)=CC=C7[*])=O)N([*])C1=O,LOI.csv:smiles1;T5.csv:smiles1;Tg.csv:smiles1
O=C(C(C1=C2)=CC=C2C(C=C3C4=O)=CC=C3C(N4OCCO[Rb])=O)N(OCCOC(C5=CC=C(C=C5)C([Fr])=O)=O)C1=O,LOI.csv:smiles2;T5.csv:smiles2;Tg.csv:smiles2;UL-94.csv:mix_smiles1
O=C(C(CP1(OC2=CC=CC=C2C3=CC=CC=C31)=O)CC([Fr])=O)NCCCCCN[Rb],LOI.csv:smiles2;Tg.csv:smiles2
O=C(C1=C2C=C(C3=C1)C(N(C3=O)C4=C(C=C(C=C4)C([Fr])=O)O)=O)N(C2=O)C5=C(C=C(C=C5)C(OCCO[Rb])=O)O,LOI.csv:smiles2;T5.csv:smiles2;Tg.csv:smiles2;UL-94.csv:smiles2
O=C(C1=C2C=CC(C3=NC4=C(O3)C=CC(C(C(F)(F)F)(C(F)(F)F)C5=CC=C6OC([Fr])=NC6=C5)=C4)=C1)N(C2=O)C7=CC(N8C(C9=CC([Rb])=CC=C9C8=O)=O)=CC=C7,T5.csv:smiles1
O=C(C1=CC(C(C(F)(F)F)(C(F)(F)F)C2=CC(C(N([Rb])C3=O)=O)=C3C=C2)=CC=C1C4=O)N4C(NC5=CC=C(S(=O)(C6=CC=C(NC([Fr])=S)C=C6)=O)C=C5)=S,LOI.csv:smiles1
O=C(C1=CC(C(N(C2=CC(N3C(C4=CC(C([Rb])=O)=CC=C4C3=O)=O)=CC=C2)C5=O)=O)=C5C=C1)NC6=C(O)C=C(C7=CC(O)=C(N[Fr])C=C7)C=C6,T5.csv:smiles1
O=C(C1=CC(C(N(C2=CC(N3C(C4=CC(C([Rb])=O)=CC=C4C3=O)=O)=CC=C2)C5=O)=O)=C5C=C1)NC6=C(O)C=CC(C(C7=CC=C(O)C(N[Fr])=C7)(C(F)(F)F)C(F)(F)F)=C6,T5.csv:smiles1
O=C(C1=CC(C(N([Rb])C2=O)=O)=C2C=C1C3=O)N3C(NC4=CC=C(S(=O)(C5=CC=C(NC([Fr])=S)C=C5)=O)C=C4)=S,LOI.csv:smiles1
O=C(C1=CC(C(OCCCO[Rb])=O)=CC(N2C(C3=C(C2=O)C=C(C=C3)C#CC4=CC=CC=C4)=O)=C1)[Fr],LOI.csv:smiles2;T5.csv:smiles2;UL-94.csv:smiles2
O=C(C1=CC(C(OCCCO[Rb])=O)=CC(N2C(C3=C(C2=O)C=CC=C3)=O)=C1)[Fr],LOI.csv:smiles2;T5.csv:smiles2;UL-94.csv:smiles2
O=C(C1=CC(C(OCCO[Rb])=O)=CC(/N=C/C2=C(C=CC=C2)C#N)=C1)[Fr],LOI.csv:smiles2;T5.csv:smiles2;Tg.csv:smiles2;UL-94.csv:smiles2
O=C(C1=CC(C(OCCO[Rb])=O)=CC(/N=C/C2=C(C=CC=C2)O)=C1)[Fr],LOI.csv:smiles2;T5.csv:smiles2;Tg.csv:smiles2;UL-94.csv:smiles2
O=C(C1=CC(C(OCCO[Rb])=O)=CC(/N=C/C2=CC=CC=C2)=C1)[Fr],LOI.csv:smiles2;T5.csv:smiles2;Tg.csv:smiles2;UL-94.csv:smiles2
O=C(C1=CC(C(OCCO[Rb])=O)=CC=C1C2=O)N2C3=CC(C([Fr])=O)=CC=C3,LOI.csv:smiles2;T5.csv:smiles2;Tg.csv:smiles2;UL-94.csv:smiles2
O=C(C1=CC(C(OCCO[Rb])=O)=CC=C1C2=O)N2C3=CC(C([Fr])=O)=CC=C3C,LOI.csv:smiles2;T5.csv:smiles2;Tg.csv:smiles2;UL-94.csv:smiles2
O=C(C1=CC(C(OCCO[Rb])=O)=CC=C1C2=O)N2C3=CC(C([Fr])=O)=CC=C3O,LOI.csv:smiles2;T5.csv:smiles2;Tg.csv:smiles2;UL-94.csv:smiles2
O=C(C1=CC(C([Fr])=O)=CC(/N=C/C2=CC=C(C=C2)[N+]([O-])=O)=C1)OCCO[Rb],LOI.csv:smiles2;T5.csv:smiles2;Tg.csv:smiles2;UL-94.csv:mix_smiles1;UL-94.csv:smiles2
O=C(C1=CC(C([Fr])=O)=CC(N(C(C2=CC=C(C=C23)C#CC4=CC=CC=C4)=O)C3=O)=C1)OCCO[Rb],LOI.csv:smiles2;UL-94.csv:smiles2
O=C(C1=CC(C([Fr])=O)=CC(N2C(C=C(C2=O)C3=CC=CC=C3)=O)=C1)OCCO[Rb],UL-94.csv:smiles2
O=C(C1=CC(C([Fr])=O)=CC=C1C2=O)N2C3=CC=C(C=C3O)C(OCCCCO[Rb])=O,LOI.csv:smiles2;Tg.csv:smiles2
O=C(C1=CC(C([Rb])=O)=CC=C12)N(C3=CC=C(C4=NC5=C(C=C(C6=CC(OC([Fr])=N7)=C7C=C6)C=C5)O4)C=C3)C2=O,T5.csv:smiles1
O=C(C1=CC(C([Rb])=O)=CC=C12)N(C3=CC=CC(C4=NC5=C(C=C(C6=CC(OC([Fr])=N7)=C7C=C6)C=C5)O4)=C3)C2=O,T5.csv:smiles1
O=C(C1=CC(C2=CC(C(N([Rb])C3=O)=O)=C3C=C2)=CC=C1C4=O)N4C(NC5=CC=C(S(=O)(C6=CC=C(NC([Fr])=S)C=C6)=O)C=C5)=S,LOI.csv:smiles1
O=C(C1=CC(N(C(C2=CC=CC=C23)=O)C3=O)=CC(C(OCCCO[Rb])=O)=C1)[Fr],LOI.csv:smiles2;T5.csv:smiles2;UL-94.csv:smiles2
O=C(C1=CC(N(C(C2=CC=CC=C23)=O)C3=O)=CC(C(OCCO[Rb])=O)=C1)[Fr],LOI.csv:smiles2
O=C(C1=CC(N2C(C3=CC(C([Rb])=O)=CC=C3C2=O)=O)=CC=C1)NC4=C(O)C=CC(C(C5=CC=C(O)C(N[Fr])=C5)(C(F)(F)F)C(F)(F)F)=C4,T5.csv:smiles1
O=C(C1=CC(NC(C2=CC=C(OC3=CC=C(C=C3)OC4=CC=C(C=C4)C([Fr])=O)C=C2)=O)=CC=C1)OC5=CC(P6(OC7=C(C=CC=C7)C8=C6C=CC=C8)=O)=C(C9=C5C=CC=C9)OC(C%10=CC=CC(N[Rb])=C%10)=O,LOI.csv:smiles1
O=C(C1=CC(NC(C2=CC=C3C(C=CC(C([Fr])=O)=C3)=C2)=O)=CC=C1)OC4=CC(P5(OC6=C(C=CC=C6)C7=C5C=CC=C7)=O)=C(C8=C4C=CC=C8)OC(C9=CC=CC(N[Rb])=C9)=O,LOI.csv:smiles1
O=C(C1=CC(NC(C2=CC=CC(C#N)=C2)=O)=CC(C([Fr])=O)=C1)OCCO[Rb],LOI.csv:smiles2;T5.csv:smiles2;Tg.csv:smiles2;UL-94.csv:smiles2
O=C(C1=CC(NC(C2=CC=CC=C2)=O)=CC(C([Fr])=O)=C1)OCCO[Rb],LOI.csv:smiles2;T5.csv:smiles2;Tg.csv:smiles2;UL-94.csv:smiles2
O=C(C1=CC(OC2=CC(C(N([Rb])C3=O)=O)=C3C=C2)=CC=C1C4=O)N4C(NC5=CC=C(S(=O)(C6=CC=C(NC([Fr])=S)C=C6)=O)C=C5)=S,LOI.csv:smiles1
O=C(C1=CC2=C(OC3=C(P2(C4=CC=CC=C4)(C5=CC=CC=C5)=O)C=C(C=C3)C(OCCO[Fr])=O)C=C1)OCCO[Rb],T5.csv:smiles2
O=C(C1=CC=C(C#CC2=CC=C(C=C2)C([Fr])=O)C=C1)OCCO[Rb],LOI.csv:smiles2;T5.csv:smiles2;Tg.csv:smiles2;UL-94.csv:smiles2
O=C(C1=CC=C(C#CC2=CC=CC=C2)C=C1)NC3=CC(C([Fr])=O)=CC(C(OCCO[Rb])=O)=C3,LOI.csv:smiles2;T5.csv:smiles2;Tg.csv:smiles2;UL-94.csv:smiles2
O=C(C1=CC=C(C#CC2=CC=CC=C2)C=C1C(OCCCO[Rb])=O)[Fr],LOI.csv:smiles2;T5.csv:smiles2;UL-94.csv:smiles2
O=C(C1=CC=C(C#CC2=CC=CC=C2)C=C1C(OCCO[Rb])=O)[Fr],LOI.csv:smiles2;T5.csv:smiles2;Tg.csv:smiles2;UL-94.csv:smiles2
O=C(C1=CC=C(C(N(C2=CC=C(OC3=CC=C(N4C(C(C=C(C([Fr])=O)C=C5)=C5C4=O)=O)C=C3)C=C2)C6=O)=O)C6=C1)NC7=CC=C(N[Rb])C=C7,T5.csv:smiles1;Tg.csv:smiles1
O=C(C1=CC=C(C(N(OCCOC(C2=CC=C(C=C2)C([Fr])=O)=O)C3=O)=O)C3=C1)C4=CC=C5C(C(N(OCCO[Rb])C5=O)=O)=C4,LOI.csv:smiles2;T5.csv:smiles2;Tg.csv:smiles2;UL-94.csv:mix_smiles1;UL-94.csv:smiles2
O=C(C1=CC=C(C(N([Fr])C2=O)=O)C2=C1)C3=CC(C(N(C4=CC=C(C5=C(C)C=C(N6C(C7=CC(C(C8=CC(C(N([Rb])C9=O)=O)=C9C=C8)=O)=CC=C7C6=O)=O)C=C5)C(C)=C4)C%10=O)=O)=C%10C=C3,T5.csv:smiles1
O=C(C1=CC=C(C(N([Fr])C2=O)=O)C2=C1)C3=CC(C(N(C4=CC=C(CC5=CC=C(N6C(C7=CC(C(C8=CC(C(N([Rb])C9=O)=O)=C9C=C8)=O)=CC=C7C6=O)=O)C=C5)C=C4)C%10=O)=O)=C%10C=C3,T5.csv:smiles1
O=C(C1=CC=C(C(N([Fr])C2=O)=O)C2=C1)C3=CC(C(N(C4=CC=C(N5C(C6=CC(C(C7=CC(C(N([Rb])C8=O)=O)=C8C=C7)=O)=CC=C6C5=O)=O)C=C4)C9=O)=O)=C9C=C3,T5.csv:smiles1
O=C(C1=CC=C(C(N([Fr])C2=O)=O)C2=C1)C3=CC(C(N(C4=CC=C(OC5=CC=C(N6C(C7=CC(C(C8=CC(C(N([Rb])C9=O)=O)=C9C=C8)=O)=CC=C7C6=O)=O)C=C5)C=C4)C%10=O)=O)=C%10C=C3,T5.csv:smiles1
O=C(C1=CC=C(C(N([Fr])C2=O)=O)C2=C1)C3=CC(C(N(C4=CC=C(S(C5=CC=C(N6C(C7=CC(C(C8=CC(C(N([Rb])C9=O)=O)=C9C=C8)=O)=CC=C7C6=O)=O)C=C5)(=O)=O)C=C4)C%10=O)=O)=C%10C=C3,T5.csv:smiles1
O=C(C1=CC=C(C(OCCCCO[Rb])=O)C=C1)[Fr],LOI.csv:smiles1;Tg.csv:smiles1;UL-94.csv:smiles1
O=C(C1=CC=C(C(OCCO[Rb])=O)C=C1)[Fr],LOI.csv:smiles1;T5.csv:smiles1;Tg.csv:smiles1;UL-94.csv:smiles1
O=C(C1=CC=C(C2)C(P(C3=C2C=CC(C(OCCO[Fr])=O)=C3)(O[K])=O)=C1)O[Rb],LOI.csv:smiles2;T5.csv:smiles2
O=C(C1=CC=C(C=C1)/C=N/C2=CC=C(C=C2)/N=C/C3=CC=C(C=C3)C(OCCO[Rb])=O)[Fr],LOI.csv:smiles2;T5.csv:smiles2;Tg.csv:smiles2;UL-94.csv:smiles2
O=C(C1=CC=C(C=C1)C(OCCCO[Rb])=O)[Fr],LOI.csv:smiles1;T5.csv:smiles1;Tg.csv:smiles1;UL-94.csv:smiles1
O=C(C1=CC=C(C=C1)C(OCCO[Rb])=O)[Fr],UL-94.csv:smiles1
O=C(C1=CC=C(C=C1)C(O[Fr])=O)OCCO[Rb],LOI.csv:smiles1;T5.csv:smiles1
O=C(C1=CC=C(C=C1)NC(C2=CC=C(C=C2)C([Fr])=O)=O)OC3=CC(P4(OC5=C(C=CC=C5)C6=C4C=CC=C6)=O)=C(C7=C3C=CC=C7)OC(C8=CC=C(C=C8)N[Rb])=O,LOI.csv:smiles1
O=C(C1=CC=C(C=C1)NC(C2=CC=C3C(C=CC(C([Fr])=O)=C3)=C2)=O)OC4=CC(P5(OC6=C(C=CC=C6)C7=C5C=CC=C7)=O)=C(C8=C4C=CC=C8)OC(C9=CC=C(C=C9)N[Rb])=O,LOI.csv:smiles1
O=C(C1=CC=C(C=C1)OC2=NC(OC3=CC=C(C=C3)C([Fr])=O)=NC(NC4CC(C)(NC(C)(C4)C)C)=N2)NCCCCCCCCCC[Rb],LOI.csv:smiles2;T5.csv:smiles2;Tg.csv:smiles2;UL-94.csv:smiles2
O=C(C1=CC=C(C=C1C(OCCO[Rb])=O)C#CC2=CC=CC=C2)[Fr],UL-94.csv:mix_smiles1;UL-94.csv:smiles2
O=C(C1=CC=C(N2C(C3=CC(C([Rb])=O)=CC=C3C2=O)=O)C=C1)NC4=C(O)C=CC(C(C5=CC=C(O)C(N[Fr])=C5)(C(F)(F)F)C(F)(F)F)=C4,T5.csv:smiles1
O=C(C1=CC=C(NC(C2=CC=C(OC3=CC=C(C=C3)OC4=CC=C(C=C4)C([Fr])=O)C=C2)=O)C=C1)OC5=CC(P6(OC7=C(C=CC=C7)C8=C6C=CC=C8)=O)=C(C9=C5C=CC=C9)OC(C%10=CC=C(N[Rb])C=C%10)=O,LOI.csv:smiles1
O=C(C1=CC=C(OC2=CC=C(OCCOC(C(C=C3)=CC=C3C([Fr])=O)=O)C=C2)C=C1)C4=CC=C(OC5=CC=C(OCCO[Rb])C=C5)C=C4,LOI.csv:smiles2;T5.csv:smiles2;Tg.csv:smiles2;UL-94.csv:smiles2
O=C(C1=CC=C2C(NC(C3=CC=CC(C4=NC5=C(N4)C=C(C=C5)C([Fr])=O)=C3)=N2)=C1)OCCO[Rb],LOI.csv:smiles2;T5.csv:smiles2;Tg.csv:smiles2;UL-94.csv:smiles2
O=C(C1=CC=CC(C([Fr])=O)=C1)NC(C=C2)=CC(C3=NC(C4=CC=CC=C4)=C(N3)C5=CC=CC=C5)=C2OC6=CC(C(C7=CC(OC(C(C8=NC(C9=CC=CC=C9)=C(N8)C%10=CC=CC=C%10)=C%11)=CC=C%11N[Rb])=CC=C7)=O)=CC=C6,T5.csv:smiles1;Tg.csv:smiles1
O=C(CC(CP1(OC2=C(C3=C1C=CC=C3)C=CC=C2)=O)C([Fr])=O)OCCCCO[Rb],LOI.csv:smiles2;Tg.csv:smiles2;UL-94.csv:smiles2
O=C(CC(CP1(OC2=C(C=CC=C2)C3=C1C=CC=C3)=O)C([Fr])=O)NCCCCCN[Rb],LOI.csv:smiles2;T5.csv:smiles2;UL-94.csv:smiles2
O=C(CC(CP1(OC2=CC=CC=C2C3=CC=CC=C31)=O)C([Fr])=O)NCCCCCCN[Rb],LOI.csv:smiles2;Tg.csv:smiles2;UL-94.csv:smiles2
O=C(CCC(Cl)=O)Cl,LOI.csv:smiles2;Tg.csv:smiles2
O=C(CCC([Rb])=O)O[Fr],LOI.csv:smiles1;UL-94.csv:smiles1
O=C(CCCCC(NCCCCCN[Rb])=O)[Fr],LOI.csv:smiles1;T5.csv:smiles1;UL-94.csv:smiles1
O=C(CCCCC([Fr])=O)NCCCCCCN[Rb],LOI.csv:smiles1;T5.csv:smiles1;Tg.csv:smiles1;UL-94.csv:smiles1
O=C(CCCCC([Fr])=O)ONCCCCCCN[Rb],LOI.csv:smiles1;UL-94.csv:smiles1
O=C(CCCCCCC(Cl)=O)Cl,LOI.csv:smiles2;Tg.csv:smiles2
O=C(CCCCCCCCC([Fr])=O)NC(C=C1)=CC(C2=NC(C3=CC=CC=C3)=C(N2)C4=CC=CC=C4)=C1OC5=CC(C(C6=CC(OC(C(C7=NC(C8=CC=CC=C8)=C(N7)C9=CC=CC=C9)=C%10)=CC=C%10N[Rb])=CC=C6)=O)=CC=C5,T5.csv:smiles1;Tg.csv:smiles1
O=C(CCP(O[Rb])(C1=CC=CC=C1)=O)[Fr],LOI.csv:smiles2;Tg.csv:smiles2;UL-94.csv:smiles2
O=C(N(CCO)C(N1CCO)=O)N(CCO)C1=O,LOI.csv:mix_smiles2;UL-94.csv:mix_smiles2
O=C(N1C2=CC(C([Fr])=O)=CC=C2O)C3=CC(C(OCCCCO[Rb])=O)=CC=C3C1=O,LOI.csv:smiles2;T5.csv:smiles2;Tg.csv:smiles2;UL-94.csv:smiles2
O=C(N1C2=CC=C(C(OCCCO[Rb])=O)C=C2O)C3=CC(C([Fr])=O)=CC=C3C1=O,LOI.csv:smiles2;Tg.csv:smiles2
O=C(N1C2=CC=C(C(OCCO[Rb])=O)C=C2O)C3=CC(C([Fr])=O)=CC=C3C1=O,LOI.csv:smiles2;T5.csv:smiles2;Tg.csv:smiles2;UL-94.csv:smiles2
O=C(NC1=CC(C2=NC(C3=CC=CC=C3)=C(C4=CC=CC=C4)N2)=C(OC5=CC(C(C(F)(F)F)(C(F)(F)F)C6=CC(OC7=CC=C(N[Rb])C=C7C8=NC(C9=CC=CC=C9)=C(C%10=CC=CC=C%10)N8)=CC=C6)=CC=C5)C=C1)C%11=CC=CC(C([Fr])=O)=C%11,T5.csv:smiles1;Tg.csv:smiles1
O=C(NC1=CC(C2=NC(C3=CC=CC=C3)=C(C4=CC=CC=C4)N2)=C(OC5=CC(C(C(F)(F)F)(C(F)(F)F)C6=CC(OC7=CC=C(N[Rb])C=C7C8=NC(C9=CC=CC=C9)=C(C%10=CC=CC=C%10)N8)=CC=C6)=CC=C5)C=C1)C%11=CC=CC(C([Fr])=O)=N%11,T5.csv:smiles1;Tg.csv:smiles1
O=C(NC1=CC(C2=NC(C3=CC=CC=C3)=C(C4=CC=CC=C4)N2)=C(OC5=CC(C(C(F)(F)F)(C(F)(F)F)C6=CC(OC7=CC=C(N[Rb])C=C7C8=NC(C9=CC=CC=C9)=C(C%10=CC=CC=C%10)N8)=CC=C6)=CC=C5)C=C1)CCCCCCCCC([Fr])=O,T5.csv:smiles1;Tg.csv:smiles1
O=C(NC1=CC(C2=NC(C3=CC=CC=C3)=C(C4=CC=CC=C4)N2)=C(OC5=CC(C(C6=CC(OC7=CC=C(N[Rb])C=C7C8=NC(C9=CC=CC=C9)=C(C%10=CC=CC=C%10)N8)=CC=C6)=O)=CC=C5)C=C1)C%11=CC=CC(C([Fr])=O)=N%11,T5.csv:smiles1;Tg.csv:smiles1
O=C(NC1=CC=C(C=C1)C(OCCO[Rb])=O)C2=CC=C(C=C2)C([Fr])=O,LOI.csv:smiles2;T5.csv:smiles2;Tg.csv:smiles2;UL-94.csv:smiles2
O=C(NC1=CC=C(NP(NC2=CC=C(P(NC3=CC=C(P(NC4=CC=C(P(NC5=CC=C(P(NC6=CC=C(N[Rb])C=C6)(C7=CC=CC=C7)=O)C=C5)(C8=CC=CC=C8)=O)C=C4)(C9=CC=CC=C9)=O)C=C3)(C%10=CC=CC=C%10)=O)C=C2)(C%11=CC=CC=C%11)=O)C=C1)CCCCC([Fr])=O,LOI.csv:smiles2;T5.csv:smiles2;Tg.csv:smiles2;UL-94.csv:smiles2
O=C(NCCCCCCCCCCN[Rb])CC(C([Fr])=O)CP1(OC2=CC=CC=C2C3=CC=CC=C31)=O,LOI.csv:smiles2;Tg.csv:smiles2;UL-94.csv:mix_smiles1;UL-94.csv:smiles2
O=C(NCCCCCCN[Fr])CCCCC(NCCCCCCN[Rb])=O,LOI.csv:smiles2;UL-94.csv:smiles2
O=C(NCCCCCCN[Rb])C1=CC=C(NP(C2=CC=CC=C2)(CCC(NC3=CC=C(C(O[Fr])=O)C=C3)=O)=O)C=C1,LOI.csv:smiles2;UL-94.csv:smiles2
O=C(NCCCCCCN[Rb])CCCCC(OCCOP(CCC([Fr])=O)(C1=CC=CC=C1)=O)=O,LOI.csv:smiles2;UL-94.csv:smiles2
O=C(NCCCCCCN[Rb])CCCCC([Fr])=O,LOI.csv:smiles1;T5.csv:smiles1;Tg.csv:smiles1;UL-94.csv:smiles1
O=C(NCCCCCN[Rb])CC(C([Fr])=O)CP1(OC2=C(C3=C1C=CC=C3)C=CC=C2)=O,LOI.csv:smiles2;T5.csv:smiles2;UL-94.csv:mix_smiles1;UL-94.csv:smiles2
O=C(NCOP(C)(OCP1(OC2=C(C3=CC=CC=C31)C=CC=C2)=O)=O)C([Fr])C[Rb],LOI.csv:smiles2
O=C(O)C(C=C1)=CC=C1C([Fr])C[Rb],LOI.csv:smiles2
O=C(OC(C1=CC=C(C=C1)OP(OC2=CC=CC=C2)(OC3=CC=CC=C3)=O)C4=CC=C(C=C4)OP(OC5=CC=CC=C5)(OC6=CC=CC=C6)=O)C([Fr])C[Rb],LOI.csv:smiles2;Tg.csv:smiles2;UL-94.csv:mix_smiles1;UL-94.csv:smiles2
O=C(OC1=C(P2(OC3=C(C4=C2C=CC=C4)C=CC=C3)=O)C=C(O[Rb])C=C1)C5=CC=C(NC(C6=CC=C(C(NC7=CC=C(C([Fr])=O)C=C7)=O)C=C6)=O)C=C5,LOI.csv:smiles1
O=C(OC1=CC(P2(OC3=C(C4=C2C=CC=C4)C=CC=C3)=O)=C(OC(C5=CC=C(N[Rb])C=C5)=O)C6=C1C=CC=C6)C7=CC=C(NC(C8=CC(C([Fr])=O)=CC=C8)=O)C=C7,LOI.csv:smiles1
O=C(OC1=CC(P2(OC3=C(C4=C2C=CC=C4)C=CC=C3)=O)=C(OC(C5=CC=C(N[Rb])C=C5)=O)C6=C1C=CC=C6)C7=CC=C(NC(C8=CC=C(C=C8)OC9=CC=C(C([Fr])=O)C=C9)=O)C=C7,LOI.csv:smiles1
O=C(OC1=CC(P2(OC3=C(C4=C2C=CC=C4)C=CC=C3)=O)=C(OC(C5=CC=C(N[Rb])C=C5)=O)C6=C1C=CC=C6)C7=CC=C(NC(C8=CC=C(C=C8)S(C9=CC=C(C([Fr])=O)C=C9)(=O)=O)=O)C=C7,LOI.csv:smiles1
O=C(OC1=CC(P2(OC3=C(C4=C2C=CC=C4)C=CC=C3)=O)=C(OC(C5=CC=CC(N[Rb])=C5)=O)C6=C1C=CC=C6)C7=CC(NC(C8=CC(C([Fr])=O)=CC=C8)=O)=CC=C7,LOI.csv:smiles1
O=C(OC1=CC(P2(OC3=C(C4=C2C=CC=C4)C=CC=C3)=O)=C(OC(C5=CC=CC(N[Rb])=C5)=O)C6=C1C=CC=C6)C7=CC(NC(C8=CC=C(C=C8)OC9=CC=C(C([Fr])=O)C=C9)=O)=CC=C7,LOI.csv:smiles1
O=C(OC1=CC(P2(OC3=C(C4=C2C=CC=C4)C=CC=C3)=O)=C(OC(C5=CC=CC(N[Rb])=C5)=O)C6=C1C=CC=C6)C7=CC(NC(C8=CC=C(C=C8)S(C9=CC=C(C([Fr])=O)C=C9)(=O)=O)=O)=CC=C7,LOI.csv:smiles1
O=C(OCCCCO[Rb])CCC([Fr])=O,LOI.csv:smiles1
O=C(OCCN(CP(OC)(OC)=O)CP(OC)(OC)=O)C([Fr])C[Rb],LOI.csv:smiles2;T5.csv:smiles2
O=C(OCCN(P(OCC)(OCC)=O)C)C([Fr])C[Rb],LOI.csv:smiles2
O=C(OCCOP(OC1=CC=CC=C1)(N(CC)CC)=O)C([Fr])C[Rb],Tg.csv:smiles2
O=C(OCCOP(OCC)(OCC)=O)C([Fr])C[Rb],LOI.csv:smiles2
O=C(OCCOP(OCP(OCC)(OCC)=O)(C1=CC=CC=C1)=O)C([Fr])C[Rb],LOI.csv:smiles2;UL-94.csv:smiles2
O=C(OCCO[Rb])C1=CC(NC(C2=CC=C(C#N)C=C2)=O)=CC(C([Fr])=O)=C1,LOI.csv:smiles2;T5.csv:smiles2;Tg.csv:smiles2;UL-94.csv:smiles2
O=C(OCCO[Rb])C1=CC2=C(C=C1)N=C(N2)C3=CC=C(C4=NC5=CC=C(C([Fr])=O)C=C5N4)C=C3,LOI.csv:smiles2;T5.csv:smiles2;Tg.csv:smiles2;UL-94.csv:smiles2
O=C(OCCO[Rb])C1=CC2=C(C=C1)N=C(N2)C3=CC=C(C=C3)OC4=CC=C(C5=NC6=CC=C(C([Fr])=O)C=C6N5)C=C4,LOI.csv:smiles2;T5.csv:smiles2;Tg.csv:smiles2;UL-94.csv:smiles2
O=C(OCCO[Rb])C1=CC2=C(C=C1)OC3=C(C=C(C(OCCO[Fr])=O)C=C3)P2(C4=CC=CC=C4)=O,LOI.csv:smiles2
O=C(OCCO[Rb])C1=CC=C(C(O[Fr])=O)C=C1,LOI.csv:smiles1;T5.csv:smiles1
O=C(OCCO[Rb])C1=CC=C2N=C(C3=CC(C4=NC5=C(C=C(C=C5)C([Fr])=O)N4)=CC(S(=O)([O-])=O)=C3)NC2=C1.[K+],LOI.csv:smiles2;UL-94.csv:mix_smiles1;UL-94.csv:smiles2
O=C(OCCO[Rb])CC(C([Fr])=O)CP1(OC2=C(C3=C1C=CC=C3)C=CC=C2)=O,LOI.csv:smiles2;Tg.csv:smiles2
O=C(OCCO[Rb])CCP([Fr])(C1=CC=CC=C1)=O,LOI.csv:smiles2;Tg.csv:smiles2;UL-94.csv:mix_smiles1;UL-94.csv:smiles2
O=C(OCP(OCC)(OCC)=O)C([Fr])C[Rb],LOI.csv:smiles2
O=C(OCP1(OC2=C(C3=C1C=CC=C3)C=CC=C2)=O)C([Fr])C[Rb],LOI.csv:smiles2;T5.csv:smiles2;UL-94.csv:smiles2
O=C(OCP1(OC2=C(C3=CC=CC=C31)C=CC=C2)=O)C([Fr])C[Rb],LOI.csv:smiles2
O=C(O[Fr])C1=CC=C(C(OCCO[Rb])=O)C=C1,LOI.csv:smiles1;Tg.csv:smiles1
O=C(O[Fr])OC(C=C1)=CC=C1OC(C=C2)=CC=C2OC(OC3=CC=C(C4(C5=CC=C([Rb])C=C5)C6=CC=CC=C6C(O4)=O)C=C3)=O,LOI.csv:smiles1
O=C(O[Fr])OC(C=C1)=CC=C1SC(C=C2)=CC=C2OC(OC3=CC=C(C4(C5=CC=C([Rb])C=C5)C6=CC=CC=C6C(O4)=O)C=C3)=O,LOI.csv:smiles1
O=C(O[Rb])C1=CC=C(C(OCCO[Fr])=O)C=C1,UL-94.csv:smiles1
O=C([Fr])C(CP1(OC2=CC=CC=C2C3=CC=CC=C31)=O)CC(OCCO[Rb])=O,LOI.csv:smiles2;Tg.csv:smiles2
O=C([Fr])C1=CC(C(=O)OCCO[Rb])=CC(/N=C/C2=CC=CC=C2)=C1,UL-94.csv:mix_smiles1;UL-94.csv:smiles2
O=C([Fr])C1=CC(C(=O)OCCO[Rb])=CC(N2C(=O)C3=CC=C(C#CC4=CC=CC=C4)C=C3C2=O)=C1,UL-94.csv:mix_smiles1;UL-94.csv:smiles2
O=C([Fr])C1=CC(C(OCCO[Rb])=O)=CC(OC2=CC=C(C(C#N)=C2)C#N)=C1,LOI.csv:smiles2;T5.csv:smiles2;Tg.csv:smiles2;UL-94.csv:smiles2
O=C([Fr])C1=CC(C(OCCO[Rb])=O)=CC(OC2=CC=C(C=C2)C#N)=C1,LOI.csv:smiles2;T5.csv:smiles2;Tg.csv:smiles2;UL-94.csv:smiles2
O=C([Fr])C1=CC(O)=C(N2C(=O)C3=CC=C(C(=O)OCCO[Rb])C=C3C2=O)C=C1,UL-94.csv:mix_smiles1;UL-94.csv:smiles2
O=C([Fr])C1=CC2=C(NC(C3=CC(S(=O)([O-])=O)=CC(C4=NC5=C(N4)C=CC(C(OCCO[Rb])=O)=C5)=C3)=N2)C=C1.[K+],LOI.csv:smiles2;T5.csv:smiles2;Tg.csv:smiles2;UL-94.csv:mix_smiles1;UL-94.csv:smiles2
O=C([Fr])C1=CC2=C(NC(C3=CC(S(=O)([O-])=O)=CC(C4=NC5=C(N4)C=CC(C(OCCO[Rb])=O)=C5)=C3)=N2)C=C1.[Na+],LOI.csv:smiles2;T5.csv:smiles2;Tg.csv:smiles2;UL-94.csv:mix_smiles1;UL-94.csv:smiles2
O=C([Fr])C1=CC=C(C#CC2=CC=CC=C2)C=C1C(=O)OCCCO[Rb],LOI.csv:smiles2;T5.csv:smiles2;UL-94.csv:smiles2
O=C([Fr])C1=CC=C(C(=O)OCCCCO[Rb])C=C1,LOI.csv:smiles1;Tg.csv:smiles1;UL-94.csv:smiles1
O=C([Fr])C1=CC=C(C(=O)OCCO[Rb])C=C1,LOI.csv:smiles1;T5.csv:smiles1;Tg.csv:smiles1;UL-94.csv:smiles1
O=C([Fr])C1=CC=C(C(OCCCO[Rb])=O)C=C1,LOI.csv:smiles1;T5.csv:smiles1;Tg.csv:smiles1;UL-94.csv:smiles1
O=C([Fr])C1=CC=C(C(OCCOC(C=C2)=CC=C2CC(C=C3)=CC=C3OCCO[Rb])=O)C=C1,LOI.csv:smiles2;T5.csv:smiles2;Tg.csv:smiles2;UL-94.csv:smiles2
O=C([Fr])C1=CC=C(C(OCCO[Rb])=O)C=C1,LOI.csv:smiles1;T5.csv:smiles1;Tg.csv:smiles1;UL-94.csv:smiles1
O=C([Fr])C1=CC=C(C(OCCOc2ccc(Cc3ccc(OCCO[Rb])cc3)cc2)=O)C=C1,UL-94.csv:smiles2
O=C([Fr])C1=CC=C(C2=NC3=CC=C(C=C3N2)C(OCCO[Rb])=O)C=C1,LOI.csv:smiles2;T5.csv:smiles2;Tg.csv:smiles2;UL-94.csv:smiles2
O=C([Fr])C1=CC=C(C=C1)C(OCCCCO[Rb])=O,LOI.csv:smiles1;T5.csv:smiles1;UL-94.csv:smiles1
O=C([Fr])C1=CC=C(C=C1)C(OCCON2C(C3=C(C2=O)C=C(C=C3)C4=CC=C5C(N(OCCO[Rb])C(C5=C4)=O)=O)=O)=O,UL-94.csv:mix_smiles1;UL-94.csv:smiles2
O=C([Fr])C1=CC=C(C=C1)C(OCCO[Rb])=O,LOI.csv:smiles1;T5.csv:smiles1;Tg.csv:smiles1;UL-94.csv:smiles1
O=C([Fr])C1=CC=C(C=C1)OC2=CC(C#N)=CC(OC3=CC=C(C=C3)C(OCCO[Rb])=O)=C2,LOI.csv:smiles2;T5.csv:smiles2;Tg.csv:smiles2;UL-94.csv:smiles2
O=C([Fr])C1=CC=C(C=C1)OC2=CC=CC(OC3=CC=C(C=C3)C(OCCO[Rb])=O)=C2C#N,LOI.csv:smiles2;T5.csv:smiles2;Tg.csv:smiles2;UL-94.csv:smiles2
O=C([Fr])C1=CC=C(O1)C(OCCCCCCO[Rb])=O,LOI.csv:smiles2;T5.csv:smiles2;Tg.csv:smiles2;UL-94.csv:mix_smiles1;UL-94.csv:smiles2
O=C([Fr])C1=CC=C(OC(C2=CC=CC=C2C(OC3=CC=C(O[Rb])C=C3P4(OC(C=CC=C5)=C5C6=C4C=CC=C6)=O)=O)=O)C=C1,LOI.csv:smiles2;UL-94.csv:smiles2
O=C([Fr])C1=CC=C(O[Rb])C=C1,T5.csv:smiles1;Tg.csv:smiles1
O=C([Fr])C1=CC=C(P(=O)(C2=CC=CC=C2)C2=CC=C(C(=O)OCCO[Rb])C=C2)C=C1,LOI.csv:smiles2;Tg.csv:smiles2
O=C([Fr])CCC(OCCCCO[Rb])=O,LOI.csv:smiles1;UL-94.csv:smiles1
O=C([Fr])CCCCC(NCCCCCCN[Rb])=O,LOI.csv:smiles1;UL-94.csv:smiles1
O=C([Fr])CCCCC(NCCCCCN[Rb])=O,T5.csv:smiles2
O=C([Fr])CCP(OCCCCCCO[Rb])(C1=CC=CC=C1)=O,LOI.csv:smiles1;T5.csv:smiles1;Tg.csv:smiles1;UL-94.csv:smiles1
O=C([Fr])c1ccc(C(OCCOc2cc(P3(Oc4c(c5ccccc53)cccc4)=O)c(OCCO[Rb])cc2)=O)cc1,LOI.csv:smiles2;T5.csv:smiles2;Tg.csv:smiles2;UL-94.csv:smiles2
O=C([Rb])C(C(OCCOC)=C1)=CC(OCCOC)=C1C2=NC(C=C3)=C(O2)C=C3C(C=C4)=CC5=C4N=C([Fr])O5,LOI.csv:smiles1
O=C([Rb])C1=C(C(OCCO[Fr])=O)C=C(C#CC2=CC=CC=C2)C=C1,UL-94.csv:smiles2
O=C(c1cc(C(N(c2cc(P(c3cc(N4C(c5ccc(C([Rb])=O)cc5C4=O)=O)ccc3)(c6ccccc6)=O)ccc2)C7=O)=O)c7cc1)N8C(C(C)(C)N([Fr])C8=O)=O,LOI.csv:smiles1;T5.csv:smiles1
O=C(c1ccc(NP(Nc2ccc(C([Rb])=O)cc2)(Nc3ccccc3)=O)cc1)Oc4ccc(C(C)(C)c5ccc(O[Fr])cc5)cc4,LOI.csv:smiles1
O=C(c1ccc(NP(Nc2ccc(C([Rb])=O)cc2)(Nc3ccccc3)=O)cc1)Oc4ccc(O[Fr])cc4,LOI.csv:smiles1
O=C(c1ccc2c(c1)C(=O)N(C2=O)C1N=CC(S1)c1ccc(cc1)c1sc(c(c1c1ccccc1)c1ccccc1)c1ccc(cc1)C1C=NC(S1)N1C(=O)c2c(C1=O)cc(cc2)C(=O)[Rb])Nc1ccc(cc1)C(C(F)(F)F)(C(F)(F)F)[Fr],T5.csv:smiles1;Tg.csv:smiles1
O=C(c1ccc2c(c1)CN(C2)CCCCCCN1Cc2c(C1)ccc(c2)C(=O)Oc1ccc(cc1)C(=O)[Rb])Oc1ccc(cc1P1(=O)Oc2ccccc2c2c1cccc2)OC(=O)c1ccc(cc1)C(=O)[Fr],T5.csv:smiles1;Tg.csv:smiles1;UL-94.csv:smiles1
O=C1/C(CCC/C1=C\C2=CC(OC)=C(C=C2)OCCO[Rb])=C/C3=CC=C(C(OC)=C3)OCCOC(C4=CC=C(C=C4)C([Fr])=O)=O,LOI.csv:smiles2;T5.csv:smiles2;Tg.csv:smiles2;UL-94.csv:smiles2
O=C1C(C2=CC=CC=C2)=CC(N1C3=CC(C([Fr])=O)=CC(C(OCCO[Rb])=O)=C3)=O,LOI.csv:smiles2;T5.csv:smiles2;Tg.csv:smiles2;UL-94.csv:smiles2
O=C1C2C(C(N1C3=CC(C([Fr])=O)=CC(C(OCCO[Rb])=O)=C3)=O)C4C=CC2C4,LOI.csv:smiles2;T5.csv:smiles2;Tg.csv:smiles2
O=C1C2C(C(N1C3=CC(C([Fr])=O)=CC(C(OCCO[Rb])=O)=C3)=O)C4C=CC2O4,LOI.csv:smiles2;T5.csv:smiles2;Tg.csv:smiles2
O=C1N(C(C2=CC(OC3=CC(C(N([Rb])C4=O)=O)=C4C=C3)=CC=C21)=O)C5=CC=C(C=C5)C(C)(C6=CC=C(C(C)(C7=CC=C([Fr])C=C7)C)C=C6)C,LOI.csv:smiles1;T5.csv:smiles1
O=C1N(C(C2=CC(OC3=CC(C(N([Rb])C4=O)=O)=C4C=C3)=CC=C21)=O)C5=CC=C(C=C5O)C(C)(C6=CC(O)=C([Fr])C=C6)C,LOI.csv:smiles1;T5.csv:smiles1
O=C1N(C(C2=CC(OC3=CC(C(N([Rb])C4=O)=O)=C4C=C3)=CC=C21)=O)C5=CC=C(C=C5OP(OCC)(OCC)=O)C(C)(C6=CC(OP(OCC)(OCC)=O)=C([Fr])C=C6)C,LOI.csv:smiles1;T5.csv:smiles1
O=C1N(C(C2=CC(OC3=CC(C(N([Rb])C4=O)=O)=C4C=C3P5(C6=CC=CC=C6)=O)=C5C=C21)=O)C7=CC=C(C=C7)C(C)(C8=CC=C(C(C)(C9=CC=C([Fr])C=C9)C)C=C8)C,LOI.csv:smiles1;T5.csv:smiles1
O=C1N(C(C2=CC=C(OC3=CC=C4C(C(N(OCCOC(C5=CC=C(C=C5)C([Fr])=O)=O)C4=O)=O)=C3)C=C21)=O)OCCO[Rb],LOI.csv:smiles2;T5.csv:smiles2;Tg.csv:smiles2;UL-94.csv:mix_smiles1
O=C1N(C2=CC(C(OCCCO[Rb])=O)=CC(C([Fr])=O)=C2)C(C3=C1C=C(C=C3)C#CC4=CC=CC=C4)=O,LOI.csv:smiles2;T5.csv:smiles2;Tg.csv:smiles2;UL-94.csv:smiles2
O=C1N(C2=CC(C([Fr])=O)=CC(C(OCCO[Rb])=O)=C2)C(C3=C1C=C(C=C3)C#CC4=CC=CC=C4)=O,LOI.csv:smiles2;T5.csv:smiles2;Tg.csv:smiles2;UL-94.csv:smiles2
O=C1N(C2=CC=C(OC3=CC(P(C4=CC=CC=C4)(C5=CC=CC=C5)=O)=C(OC6=CC=C([Fr])C=C6)C=C3)C=C2)C(C7C1CC(C8CC(C(N([Rb])C9=O)=O)C9CC8)CC7)=O,LOI.csv:smiles1;T5.csv:smiles1;Tg.csv:smiles1;UL-94.csv:smiles1
O=C1N(C2=CC=C(OC3=CC=C([Fr])C=C3)C=C2)C(C4C1CC(C(N([Rb])C5=O)=O)C5C4)=O,LOI.csv:smiles1;T5.csv:smiles1;Tg.csv:smiles1;UL-94.csv:smiles1
O=C1N(C2=CC=C(OC3=CC=C([Fr])C=C3)C=C2)C(C4C1CC(C5CC(C(N([Rb])C6=O)=O)C6CC5)CC4)=O,LOI.csv:smiles1;T5.csv:smiles1;Tg.csv:smiles1;UL-94.csv:smiles1
O=P(C)(C1=CC=CC(NC(C2=CC=C(C(N(C3=CC=C(OC4=CC=C(N5C(C(C=C(C([Fr])=O)C=C6)=C6C5=O)=O)C=C4)C=C3)C7=O)=O)C7=C2)=O)=C1)C8=CC(N[Rb])=CC=C8,T5.csv:smiles1;Tg.csv:smiles1
O=P(C1=CC(C([Fr])=O)=CC(C(OCCO[Rb])=O)=C1)([O-])[O-].[K+].[K+],LOI.csv:smiles2;T5.csv:smiles2;Tg.csv:smiles2;UL-94.csv:smiles2
O=P(C1=CC=CC=C1)(C2=CC=CC=C2)C([Fr])C[Rb],LOI.csv:smiles2
O=P(C1=CC=CC=C1)(C2=CC=CC=C2)CC([Fr])C[Rb],LOI.csv:smiles2
O=P(C1=CC=CC=C1)(CCC(OCCO[Rb])=O)[Fr],LOI.csv:smiles2
O=P(C1=CC=CC=C1)(NC2=CC=C(NP(C3=CC=CC=C3)(NC4=CC=C(NP(C5=CC=CC=C5)(NC6=CC=C(NP(C7=CC=CC=C7)(NC8=CC=C(NP(C9=CC=CC=C9)(NC%10=CC=C(C=C%10)N[Rb])=O)C=C8)=O)C=C6)=O)C=C4)=O)C=C2)NC(C=C%11)=CC=C%11N[Fr],LOI.csv:smiles2;UL-94.csv:smiles2
O=P(C1=CC=CC=C12)(CC(CC(OCCO[Rb])=O)C([Fr])=O)OC3=C2C=CC=C3,LOI.csv:smiles2;T5.csv:smiles2;Tg.csv:smiles2
O=P(O)(O)C(C1=CC=CC=C1)([Fr])C[Rb],LOI.csv:smiles2
O=P(O)(O)C([Fr])C[Rb],LOI.csv:smiles2
O=P(OC(C)C)(OC(C)C)CC(C=C1)=CC=C1C([Fr])C[Rb],LOI.csv:smiles2;Tg.csv:smiles2
O=P(OC)(OC)CC(C=C1)=CC=C1C([Fr])C[Rb],LOI.csv:smiles2
O=P(OC1=CC=C(C(C)(C2=CC=C(O[Fr])C=C2)C)C=C1)([Rb])C3=CC=CC=C3,LOI.csv:smiles1
O=P(OC1=CC=CC=C1)(OC2=CC=CC=C2)C([Fr])C[Rb],LOI.csv:smiles2
O=P(OCC)(OCC)C(C1=CC=CC=C1)([Fr])C[Rb],LOI.csv:smiles2
O=P(OCC)(OCC)C(C=C1)=CC=C1C([Fr])C[Rb],LOI.csv:smiles2
O=P(OCC)(OCC)C([Fr])C[Rb],LOI.csv:smiles2
O=P(OCC)(OCC)CC(C=C1)=CC=C1C([Fr])C[Rb],LOI.csv:smiles2;Tg.csv:smiles2
O=P(OCC)(OCC)CC([Fr])C[Rb],LOI.csv:smiles2
O=P(OCCC1=CC=CC=C1)(OCCC2=CC=CC=C2)C([Fr])C[Rb],LOI.csv:smiles2
O=P(OCCCC)(OCCCC)CC(C=C1)=CC=C1C([Fr])C[Rb],LOI.csv:smiles2;Tg.csv:smiles2
O=P(OCCO[Fr])([Rb])C1=CC=CC=C1,LOI.csv:smiles1
O=P(O[Fr])(CCC(OCCCCO[Rb])=O)C1=CC=CC=C1,LOI.csv:smiles2;UL-94.csv:smiles2
O=P(O[Mg]OP([Fr])(C1=CC=CC=C1)=O)(C2=CC=CC=C2)O[Rb],LOI.csv:smiles2;Tg.csv:smiles2;UL-94.csv:mix_smiles1;UL-94.csv:smiles2
O=P([Fr])(C1=CC=CC=C1)CCC([Rb])=O,LOI.csv:smiles2;T5.csv:smiles2;Tg.csv:smiles2;UL-94.csv:smiles2
O=P([H])([H])[O-].O=P([H])([H])[O-].O=P([H])([H])[O-].[Al+3],LOI.csv:mix_smiles1;UL-94.csv:mix_smiles1
O=P1(C2=C(C3=C(O1)C=CC=C3)C=CC=C2)C(C=C4OCCOC(C5=CC=C(C([Fr])=O)C=C5)=O)=C(C=C4)OCCO[Rb],LOI.csv:smiles2
O=P1(C2=C(C3=C(O1)C=CC=C3)C=CC=C2)C(C=C4O[Rb])=C(C=C4)OC([Fr])=O,LOI.csv:smiles2;T5.csv:smiles2;Tg.csv:smiles2;UL-94.csv:smiles2
O=P1(C2=C(OCCO[Rb])C=CC(OCCOC(C3=CC(C([Fr])=O)=CC=C3)=O)=C2)C4=C(C=CC=C4)C5=C(C=CC=C5)O1,LOI.csv:smiles1
O=P1(C2=C(OCCO[Rb])C=CC(OCCOC(C3=CC=C(C(C4=CC=C(C([Fr])=O)C=C4)=O)C=C3)=O)=C2)C5=C(C=CC=C5)C6=C(C=CC=C6)O1,LOI.csv:smiles1
O=P1(C2=C(OCCO[Rb])C=CC(OCCOC(C3=CC=C(C4=CC=C(C([Fr])=O)C=C4)C=C3)=O)=C2)C5=C(C=CC=C5)C6=C(C=CC=C6)O1,LOI.csv:smiles1
O=P1(C2=C(OCCO[Rb])C=CC(OCCOC(C3=CC=C(C=C3)C([Fr])=O)=O)=C2)C4=C(C=CC=C4)C5=C(C=CC=C5)O1,LOI.csv:smiles1
O=P1(C2=C(OCCO[Rb])C=CC(OCCOC(C3=CC=C(OC4=CC=C(C([Fr])=O)C=C4)C=C3)=O)=C2)C5=C(C=CC=C5)C6=C(C=CC=C6)O1,LOI.csv:smiles1
O=P1(C2=C(OCCO[Rb])C=CC(OCCOC(C3=CC=C(S(C4=CC=C(C([Fr])=O)C=C4)(=O)=O)C=C3)=O)=C2)C5=C(C=CC=C5)C6=C(C=CC=C6)O1,LOI.csv:smiles1
O=P1(C2=C(OCCO[Rb])C=CC(OCCOC(C3=CC=C4C(C=CC(C([Fr])=O)=C4)=C3)=O)=C2)C5=C(C=CC=C5)C6=C(C=CC=C6)O1,LOI.csv:smiles1
O=P1(C2=CC=CC=C2C3=C(O1)C=CC=C3)CC(C([Fr])=O)C(OCCCO[Rb])=O,LOI.csv:smiles2;T5.csv:smiles2;Tg.csv:smiles2
O=P1(OC2)OCC2(CO1)COC3=NC(N4CCN([*])CC4)=NC([*])=N3,LOI.csv:mix_smiles2;T5.csv:mix_smiles2;UL-94.csv:mix_smiles2
O=P1(OC2=C(O1)C=CC=C2)C([Fr])C[Rb],LOI.csv:smiles2;Tg.csv:smiles2
O=P1([O-])C2=CC(C([Fr])=O)=CC=C2CC3=CC=C(C(OCCO[Rb])=O)C=C13.[Na+],LOI.csv:smiles2;T5.csv:smiles2;Tg.csv:smiles2
O=[Si]=O,LOI.csv:mix_smiles3;LOI.csv:mix_smiles4;UL-94.csv:mix_smiles3;UL-94.csv:mix_smiles4
OC(C[Rb])[Fr],LOI.csv:smiles1;T5.csv:smiles1;Tg.csv:smiles1;UL-94.csv:smiles1
OCC(CO)(CO)CO,LOI.csv:mix_smiles1;LOI.csv:mix_smiles2;UL-94.csv:mix_smiles1;UL-94.csv:mix_smiles2
OCC1=CC=C(C=C1)C2(CCCCC2)C3=CC=C(C=C3)CO,LOI.csv:smiles1;Tg.csv:smiles1
OCCCCOC1=CC=C(C=C1)C2(CCCCC2)C3=CC=C(C=C3)OCCCCO,LOI.csv:smiles1;Tg.csv:smiles1
OCCNc1nc(NCCCCCCN[Fr])nc(n1)[Rb],T5.csv:smiles1
OCCOC(CCP(C1=CC=CC=C1)([O-])=O)=O.[Na+],LOI.csv:smiles2;T5.csv:smiles2;Tg.csv:smiles2
Oc1c(CN(c2ccccc2)C[Fr])c([Rb])c(Sc3ccc(OC4)c(CN4c5ccccc5)c3)cc1,LOI.csv:smiles1;T5.csv:smiles1
Oc1ccc(C([Fr])C[Rb])cc1,LOI.csv:smiles1;Tg.csv:smiles1
S=C(NC(C1=CC=CC(C(NC(NC2=CC=C(C=C2)[*])=S)=O)=N1)=O)NC3=CC=C(C=C3)N4C(C5=C(C4=O)C=C6C(C(N(C6=O)[*])=O)=C5)=O,LOI.csv:smiles1;T5.csv:smiles1;Tg.csv:smiles1
S=P([Rb])(Oc1ccc(S(=O)(c2ccc(O[Fr])cc2)=O)cc1)c3ccccc3,T5.csv:smiles1
[*]C1=NC(NCCN[*])=NC(NCCNO)=N1,LOI.csv:mix_smiles2;T5.csv:mix_smiles2;UL-94.csv:mix_smiles2
[*]C1=NC(NCCO)=NC(NCCN[*])=N1,LOI.csv:mix_smiles1;LOI.csv:mix_smiles2;UL-94.csv:mix_smiles1;UL-94.csv:mix_smiles2
[*]OCNC1=NC(NCO)=NC(NCOCCN2C(N(C(N(C2=O)CCOCNC3=NC(NCO)=NC(NCO[*])=N3)=O)CCO)=O)=N1,LOI.csv:mix_smiles1;UL-94.csv:mix_smiles1
[*]P(CP(ON1CCNCC1)(CP([*])([O-].[NH4+])=O)=O)([O-].[NH4+])=O,LOI.csv:mix_smiles1;UL-94.csv:mix_smiles1
[*]P(CP(ONCCN)(CP([*])([O-].[NH4+])=O)=O)([O-].[NH4+])=O,LOI.csv:mix_smiles2;UL-94.csv:mix_smiles2
[*]P(CP(ONCCO)(CP([*])([O-].[NH4+])=O)=O)([O-].[NH4+])=O,LOI.csv:mix_smiles1;UL-94.csv:mix_smiles1
[*]P(O[*])([O-].[NH4+])=O,LOI.csv:mix_smiles1;LOI.csv:mix_smiles2;LOI.csv:mix_smiles3;T5.csv:mix_smiles1;UL-94.csv:mix_smiles1;UL-94.csv:mix_smiles2;UL-94.csv:mix_smiles3
[Fr]C(C(C=C1)=CC=C1C(NCCN[Rb])=O)=O,T5.csv:smiles1
[Fr]C(C(C=C1)=CC=C1NC2=NNC(C(C=C3)=CC=C3N[Rb])=N2)=O,T5.csv:smiles1;Tg.csv:smiles1
[Fr]C(C(C=C1)=CC=C1P(C(C=C2)=CC=C2C(OCCCO[Rb])=O)(C3=CC=CC=C3)=O)=O,LOI.csv:smiles2;T5.csv:smiles2;Tg.csv:smiles2
[Fr]C(C(NC1=CC=C(/C=C/C(C2=CC=C(C=C(OC)C=C3)C3=C2)=O)C=C1)=O)C[Rb],Tg.csv:smiles1
[Fr]C(C(OC)=O)C[Rb],LOI.csv:smiles1
[Fr]C(C1=CC(C(NC2=CC=C(C=C2N[Rb])S(=O)([O-])=O)=O)=CC=C1)=O.[K+],LOI.csv:mix_smiles1;T5.csv:mix_smiles1;UL-94.csv:mix_smiles1
[Fr]C(C1=CC(C(OCCO[Rb])=O)=CC(N2C(C3C4C=CC(C3C2=O)C4)=O)=C1)=O,LOI.csv:smiles2;T5.csv:smiles2;Tg.csv:smiles2
[Fr]C(C1=CC(C2=NC3=CC=CC=C3N2)=CC(C(OCCO[Rb])=O)=C1)=O,LOI.csv:smiles2;T5.csv:smiles2;Tg.csv:smiles2;UL-94.csv:smiles2
[Fr]C(C1=CC(C2=NC3=CC=CC=C3N2C)=CC(C(OCCO[Rb])=O)=C1)=O,LOI.csv:smiles2;T5.csv:smiles2;Tg.csv:smiles2;UL-94.csv:smiles2
[Fr]C(C1=CC(C2=NC3=CC=CC=C3O2)=CC(C(OCCO[Rb])=O)=C1)=O,LOI.csv:smiles2;T5.csv:smiles2;Tg.csv:smiles2;UL-94.csv:smiles2
[Fr]C(C1=CC(C2=NC3=CC=CC=C3S2)=CC(C(OCCO[Rb])=O)=C1)=O,LOI.csv:smiles2;T5.csv:smiles2;Tg.csv:smiles2;UL-94.csv:smiles2
[Fr]C(C1=CC(NC(C(N2C(C3=C(C(Br)=C(C(Br)=C3C2=O)Br)Br)=O)C)=O)=CC(C(NC4=C5C(C(N[Rb])=CC=C5)=CC=C4)=O)=C1)=O,T5.csv:smiles1;Tg.csv:smiles1
[Fr]C(C1=CC(NC(C(N2C(C3=C(C(Br)=C(C(Br)=C3C2=O)Br)Br)=O)C)=O)=CC(C(NC4=CC(N[Rb])=CC=C4)=O)=C1)=O,T5.csv:smiles1;Tg.csv:smiles1
[Fr]C(C1=CC(NC(C(N2C(C3=C(C(Br)=C(C(Br)=C3C2=O)Br)Br)=O)C)=O)=CC(C(NC4=CC=C(C5=CC=C(N[Rb])C=C5)C=C4)=O)=C1)=O,T5.csv:smiles1;Tg.csv:smiles1
[Fr]C(C1=CC(NC(C(N2C(C3=C(C(Br)=C(C(Br)=C3C2=O)Br)Br)=O)C)=O)=CC(C(NC4=CC=C(CC5=CC=C(N[Rb])C=C5)C=C4)=O)=C1)=O,T5.csv:smiles1;Tg.csv:smiles1
[Fr]C(C1=CC(NC(C(N2C(C3=C(C(Br)=C(C(Br)=C3C2=O)Br)Br)=O)C)=O)=CC(C(NC4=CC=C(N[Rb])C=C4)=O)=C1)=O,T5.csv:smiles1;Tg.csv:smiles1
[Fr]C(C1=CC(NC(C(N2C(C3=C(C(Br)=C(C(Br)=C3C2=O)Br)Br)=O)C)=O)=CC(C(NC4=CC=C(N[Rb])C=C4C)=O)=C1)=O,T5.csv:smiles1;Tg.csv:smiles1
[Fr]C(C1=CC(NC(C(N2C(C3=C(C(Br)=C(C(Br)=C3C2=O)Br)Br)=O)C)=O)=CC(C(NC4=CC=C(OC5=CC=C(N[Rb])C=C5)C=C4)=O)=C1)=O,T5.csv:smiles1;Tg.csv:smiles1
[Fr]C(C1=CC(NC(C(N2C(C3=C(C(Br)=C(C(Br)=C3C2=O)Br)Br)=O)C)=O)=CC(C(NC4=CC=C(S(C5=CC=C(N[Rb])C=C5)(=O)=O)C=C4)=O)=C1)=O,T5.csv:smiles1;Tg.csv:smiles1
[Fr]C(C1=CC(NC2=CC=C(N[Rb])C=C2)=CC(NC3=NNC(C4=CC=CC=C4)=N3)=C1)=O,T5.csv:smiles1;Tg.csv:smiles1
[Fr]C(C1=CC(NC2=CC=CC(N[Rb])=C2)=CC(NC3=NNC(C4=CC=CC=C4)=N3)=C1)=O,T5.csv:smiles1;Tg.csv:smiles1
[Fr]C(C1=CC(NP(C2=CC=CC=C2)(C3=CC=CC=C3)=O)=CC(C(NCCCCCCN[Rb])=O)=C1)=O,LOI.csv:smiles2;T5.csv:smiles2;Tg.csv:smiles2;UL-94.csv:smiles2
[Fr]C(C1=CC(OC2=CC=C(C=C2)P(C3=CC=C(C=C3)OC4=CC(C(NC5=CC(C(F)(F)F)=C(C=C5)OC6=CC=C(C=C6)C(C7=CC=CC=C7)(C8=CC=C(C=C8)OC9=C(C=C(C=C9)N[Rb])C(F)(F)F)C%10=CC=CC=C%10)=O)=CC=C4)(C%11=CC=CC=C%11)=O)=CC=C1)=O,LOI.csv:smiles1
[Fr]C(C1=CC(OC2=CC=C(C=C2)P(C3=CC=C(C=C3)OC4=CC(C(NC5=CC([H])=C(C=C5)OC6=CC=C(C=C6)C(C7=CC=CC=C7)(C8=CC=C(C=C8)OC9=C(C=C(C=C9)N[Rb])[H])C%10=CC=CC=C%10)=O)=CC=C4)(C%11=CC=CC=C%11)=O)=CC=C1)=O,LOI.csv:smiles1
[Fr]C(C1=CC(OC2=CC=C(P(C3=CC=C(OC4=CC(C(NC5=CC(C(F)(F)F)=C(OC6=CC=C(C7(C8=CC=CC=C8OC9=C7C=CC=C9)C%10=CC=C(OC%11=C(C(F)(F)F)C=C(N[Rb])C=C%11)C=C%10)C=C6)C=C5)=O)=CC=C4)C=C3)(C%12=CC=CC=C%12)=O)C=C2)=CC=C1)=O,LOI.csv:smiles1
[Fr]C(C1=CC(OC2=CC=C(P(C3=CC=C(OC4=CC(C(NC5=CC([H])=C(OC6=CC=C(C(C7=CC=CC=C7C8=O)(C9=C8C=CC=C9)C%10=CC=C(OC%11=C([H])C=C(N[Rb])C=C%11)C=C%10)C=C6)C=C5)=O)=CC=C4)C=C3)(C%12=CC=CC=C%12)=O)C=C2)=CC=C1)=O,LOI.csv:smiles1
[Fr]C(C1=CC(OC2=CC=C(P(C3=CC=C(OC4=CC(C(NC5=CC([H])=C(OC6=CC=C(C7(C8=CC=CC=C8OC9=C7C=CC=C9)C%10=CC=C(OC%11=C([H])C=C(N[Rb])C=C%11)C=C%10)C=C6)C=C5)=O)=CC=C4)C=C3)(C%12=CC=CC=C%12)=O)C=C2)=CC=C1)=O,LOI.csv:smiles1
[Fr]C(C1=CC2=C(C(N(C3=CC=C(C(NCCCCCCN[Rb])=O)C=C3O)C2=O)=O)C=C1)=O,LOI.csv:smiles2;Tg.csv:smiles2;UL-94.csv:smiles2
[Fr]C(C1=CC=C(C(OCCO[Rb])=O)C=C1)=O,LOI.csv:smiles1;UL-94.csv:smiles1
[Fr]C(C1=CC=C(C=C1)/N=N/C2=CC=C(C(NC3=CC=C(C=C3)N[Rb])=O)C=C2)=O,LOI.csv:smiles1
[Fr]C(C1=CC=C(C=C1)/N=N/C2=CC=C(C(NC3=CC=CC(P(C4=CC=CC(N[Rb])=C4)(C5=CC=CC=C5)=O)=C3)=O)C=C2)=O,LOI.csv:smiles1
[Fr]C(C1=CC=C(C=C1)C(N([H])C2=CC=C(C=C2)N([Rb])[H])=O)=O,LOI.csv:smiles1
[Fr]C(C1=CC=C(C=C1)C(OCCCCO[Rb])=O)=O,LOI.csv:smiles1;Tg.csv:smiles1
[Fr]C(C1=CC=C(C=C1)NC2=NC(N3CCOCC3)=NC(NC4=CC=C(C=C4)C(NC5=CC=C(N(C6=CC=C(OC)C=C6)C7=CC=C(N[Rb])C=C7)C=C5)=O)=N2)=O,T5.csv:smiles1;Tg.csv:smiles1
[Fr]C(C1=CC=C(C=C1)NC2=NC(N3CCOCC3)=NC(NC4=CC=C(C=C4)C(NC5=CC=C(OC6=CC=C(N[Rb])C=C6)C=C5)=O)=N2)=O,T5.csv:smiles1;Tg.csv:smiles1
[Fr]C(C1=CC=C(C=C1)NC2=NC(N3CCOCC3)=NC(NC4=CC=C(C=C4)C(NC5=CC=C(S(C6=CC=C(N[Rb])C=C6)(=O)=O)C=C5)=O)=N2)=O,T5.csv:smiles1;Tg.csv:smiles1
[Fr]C(C1=CC=C(C=C1)NC2=NC(N3CCOCC3)=NC(NC4=CC=C(C=C4)C(NC5=CC=CC(N[Rb])=C5)=O)=N2)=O,T5.csv:smiles1;Tg.csv:smiles1
[Fr]C(C1=CC=C(C=C1)OC2=CC=C(C=C2)C3(C4=CC=C(C=C4)OC5=CC=C(C=C5)C(NCCCCCCN[Rb])=O)C6=CC=CC=C6C7=C3C=CC=C7)=O,LOI.csv:smiles1;UL-94.csv:smiles1
[Fr]C(C1=CC=C(C=C1)OCCCCOC2=CC=C(C=C2)C(NC3=CC=CC(P(C4=CC=CC(N[Rb])=C4)(C5=CC=CC=C5)=O)=C3)=O)=O,LOI.csv:smiles1
[Fr]C(C1=CC=C(C=C1)P(C(C=C2)=CC=C2C([Rb])=O)(C3=CC=CC=C3)=O)=O,LOI.csv:smiles1;UL-94.csv:smiles1
[Fr]C(C1=CC=C(OC2=CC=C(C3(C4=CC=CC=C4C5=C3C=CC=C5)C6=CC=C(OC7=CC=C(C(NCCC[Si](C)(C)O[Si](C)(CCCN[Rb])C)=O)C=C7)C=C6)C=C2)C=C1)=O,LOI.csv:smiles2;UL-94.csv:smiles2
[Fr]C(C1=CC=C2C(N(C(C2=C1)=O)C3=C(C=CC(C(OCCCCO[Rb])=O)=C3)O)=O)=O,UL-94.csv:smiles2
[Fr]C(C1=CC=C2C(N(C(C2=C1)=O)C3=C(C=CC(C(OCCCO[Rb])=O)=C3)O)=O)=O,UL-94.csv:mix_smiles1;UL-94.csv:smiles2
[Fr]C(C1=CC=C2C(N(C(C2=C1)=O)C3=C(C=CC(C(OCCO[Rb])=O)=C3)O)=O)=O,UL-94.csv:smiles2
[Fr]C(C1=CC=CC(C(N([H])C2=CC(N([Rb])[H])=CC=C2)=O)=C1)=O,LOI.csv:smiles1
[Fr]C(C1=CC=CC=C1)C[Rb],Tg.csv:smiles1
[Fr]C(CCC(OCCCCOP(OCCCCOC(CCC(O[Rb])=O)=O)(OC1=CC=CC=C1)=O)=O)=O,LOI.csv:smiles2
[Fr]C(CCC(OCCCCOP(OCCCCO[Rb])(OC1=CC=CC=C1)=O)=O)=O,LOI.csv:smiles2
[Fr]C(CCC(OCCCCO[Rb])=O)=O,LOI.csv:smiles1;T5.csv:smiles1;Tg.csv:smiles1;UL-94.csv:smiles1
[Fr]C(CCCCC([Rb])=O)=O,T5.csv:smiles1
[Fr]C(CCCCCNC(C1=CC=C(C(O)=C1)N2C(C3=CC=C(C=C3C2=O)C([Rb])=O)=O)=O)=O,LOI.csv:smiles2;T5.csv:smiles2;Tg.csv:smiles2;UL-94.csv:mix_smiles1;UL-94.csv:smiles2
[Fr]C(CCCCCN[Rb])=O,LOI.csv:smiles1;T5.csv:smiles1;Tg.csv:smiles1;UL-94.csv:smiles1
[Fr]C(C[Rb])(C)C(OC)=O,LOI.csv:smiles1
[Fr]C(C[Rb])c1ccc(OP(OCC)(OCC)=O)cc1,LOI.csv:smiles2;Tg.csv:smiles2
[Fr]C(Cl)C[Rb],LOI.csv:smiles1
[Fr]C(OCCOC1=C(P2(OC3=CC=CC=C3C4=CC=CC=C42)=O)C=C(OCCOC(C5=CC=C([Rb])C=C5)=O)C=C1)=O,LOI.csv:smiles1
[Fr]C(c1ccc(C(OCC(CC2)CCC2CO[Rb])=O)cc1)=O,LOI.csv:smiles1;T5.csv:smiles1;Tg.csv:smiles1;UL-94.csv:smiles1
[Fr]C1=CC(P2(C3=C(C4=C(O2)C=CC=C4)C=CC=C3)=O)=C(C=C1)OCCO[Rb],LOI.csv:smiles2;UL-94.csv:smiles2
[Fr]C1=CC=C(C(NC2=CC=C(OC3=CC=C(C(C)(C)C4=CC=C(OC5=CC=C(NC(C6=CC=C(N7C(C8C(C9=CC=C%10C%11=C9C8=CC=C%11C%12=CC=C%13C%14=C%12C%10=CC=C%14C%15C%13C(N([Rb])C%15=O)=O)C7=O)=O)C=C6)=O)C=C5)C=C4)C=C3)C=C2)=O)C=C1,LOI.csv:smiles1;T5.csv:smiles1;Tg.csv:smiles1
[Fr]C1=CC=C(S[Rb])C=C1,LOI.csv:smiles1
[Fr]C1=NC(C=C2)=C(O1)C=C2C(C=C3)=CC4=C3N=C(O4)C5=CC(C(N(C6=CC(N7C(C8=CC(C([Rb])=O)=CC=C8C7=O)=O)=CC=C6)C9=O)=O)=C9C=C5,T5.csv:smiles1
[Fr]C1=NC2=CC(C(C(F)(F)F)(C(F)(F)F)C3=CC4=C(C=C3)OC(C5=CC(N6C(C7=CC([Rb])=CC=C7C6=O)=O)=CC=C5)=N4)=CC=C2O1,T5.csv:smiles1
[Fr]C1=NC2=CC(C(C(F)(F)F)(C(F)(F)F)C3=CC4=C(C=C3)OC(C5=CC=C(N6C(C7=CC([Rb])=CC=C7C6=O)=O)C=C5)=N4)=CC=C2O1,T5.csv:smiles1
[Fr]CC(COc1ccc(cc1)C(c1ccc(cc1)O[Rb])(C)C)O,LOI.csv:smiles1;T5.csv:smiles1;Tg.csv:smiles1
[Fr]CC(c1ccc(cc1)N1COc2c(C1)cccc2)[Rb],T5.csv:smiles1
[Fr]CN(c1ccccc1)Cc1c(O)ccc(c1[Rb])C(c1ccc2c(c1)CN(CO2)c1ccccc1)(CCC(=O)O)C,LOI.csv:smiles1;T5.csv:smiles1
[Fr]CN(c1ccccc1)Cc1c(O)ccc(c1[Rb])C(c1ccc2c(c1)CN(CO2)c1ccccc1)(CCC(=O)OCC12COP(=O)(OC1)OC2)C,LOI.csv:smiles1;T5.csv:smiles1
[Fr]CN(c1ccccc1)Cc1c(O)ccc(c1[Rb])Cc1ccc2c(c1)CC(NO2)c1ccccc1,LOI.csv:smiles1;T5.csv:smiles1
[Fr]CN(c1ccccc1)Cc1cc(/C=N/CC/N=C/c2ccc3c(c2)CN(CO3)c2ccccc2)cc(c1O)[Rb],LOI.csv:smiles1;T5.csv:smiles1
[Fr]CN(c1ccccc1C)Cc1c(O)ccc(c1[Rb])/C=N/CC/N=C/c1ccc2c(c1)CN(CO2)c1ccccc1C,LOI.csv:smiles1;T5.csv:smiles1
[Fr]CN(c1ccccn1)Cc1c(O)ccc(c1[Rb])/C=N/CC/N=C/c1ccc2c(c1)CN(CO2)c1ccccn1,LOI.csv:smiles1;T5.csv:smiles1
[Fr]N(Cc1c(O)ccc(c1[Rb])Sc1ccc(c(c1[Fr])CN(Cc1ccco1)[Rb])O)Cc1ccco1,LOI.csv:smiles1;T5.csv:smiles1
[Fr]N([H])C1=CC=C(C(C2=CC=C(N(C(C3=CC=C(C(C4=CC=CC=C4C5=O)(O5)C6=CC=C(C([Rb])=O)C=C6)C=C3)=O)[H])C=C2)(C7=CC=CC=C78)OC8=O)C=C1,LOI.csv:smiles1
[Fr]N([H])C1=CC=C(C(C2=CC=C(N(C(C3=CC=CC(C([Rb])=O)=C3)=O)[H])C=C2)(C4=CC=CC=C45)OC5=O)C=C1,LOI.csv:smiles1
[Fr]NC1=CC=C(C=C1)NC(C2=CC=C(C=C2)OP(OC3=CC=C(C=C3)C(NC4=CC=C(C=C4)NC(CCCCC([Rb])=O)=O)[P@@]5(C6=C(C=CC=C6)C7=CC=CC=C7O5)=O)(C8=CC=CC=C8)=O)[P@]9(C%10=C(C=CC=C%10)C%11=CC=CC=C%11O9)=O,LOI.csv:smiles2;Tg.csv:smiles2;UL-94.csv:smiles2
[Fr]NC1=CC=C(N=CC2=CC=C(OP(OC3=CC=C(C=NC4=CC=C(NC(CCCCC([Rb])=O)=O)C=C4)C=C3)(C5=CC=CC=C5)=O)C=C2)C=C1,LOI.csv:smiles2;Tg.csv:smiles2;UL-94.csv:smiles2
[Fr]NCCCCC(=O)NCCCCC(=O)[Rb],LOI.csv:smiles1;T5.csv:smiles1
[Fr]NCCCCCCCCCCNC(=O)c1ccc(cc1)Oc1ccc(cc1)C1(c2ccc(cc2)Oc2ccc(cc2)C(=O)[Rb])c2ccccc2c2c1cccc2,T5.csv:smiles1
[Fr]NCCCCCCCCNC(=O)c1ccc(cc1)Oc1ccc(cc1)C1(c2ccc(cc2)Oc2ccc(cc2)C(=O)[Rb])c2ccccc2c2c1cccc2,T5.csv:smiles1
[Fr]NCCCCCCNC(=O)c1ccc(cc1)Oc1ccc(cc1)C1(c2ccc(cc2)Oc2ccc(cc2)C(=O)[Rb])c2ccccc2c2c1cccc2,T5.csv:smiles1
[Fr]NCCCCCCNP(=O)([Rb])C,T5.csv:smiles1
[Fr]NCCCCNC(=O)c1ccc(cc1)Oc1ccc(cc1)C1(c2ccc(cc2)Oc2ccc(cc2)C(=O)[Rb])c2ccccc2c2c1cccc2,T5.csv:smiles1
[Fr]NCCC[Si](O[Si](CCCNP(=O)(c1ccccc1)[Rb])(C)C)(C)C,T5.csv:smiles1
[Fr]NCP(=O)(c1ccccc1)c1cccc(c1)NC(=O)C(N1C(=O)c2c(C1=O)cc(cc2)C(=O)[Rb])C(C)C,LOI.csv:smiles1;T5.csv:smiles1
[Fr]NCP(=O)(c1ccccc1)c1cccc(c1)NC(=O)C(N1C(=O)c2c(C1=O)cc(cc2)C(=O)[Rb])Cc1ccccc1,LOI.csv:smiles1;T5.csv:smiles1
[Fr]NCP(c1ccccc1)(c2cc(NC(C(C)N3C(c4ccc(C([Rb])=O)cc4C3=O)=O)=O)ccc2)=O,LOI.csv:smiles1;T5.csv:smiles1
[Fr]Nc1cc(cc(c1)C(=O)NCCc1ccc(c(c1)O)O)NC(=O)[C@@H](n1c(=O)c2c(c1=O)cc1c(c2)c(=O)n(c1=O)[C@H](C(=O)[Rb])C)C,T5.csv:smiles1
[Fr]Nc1ccc(c(c1)C)NC(=O)c1cc(NC(=O)C(N2C(=O)c3c(C2=O)c(Br)c(c(c3Br)Br)Br)C)cc(c1)C(=O)[Rb],T5.csv:smiles1;Tg.csv:smiles1
[Fr]Nc1ccc(cc1)C(=O)c1ccc(cc1)NC(=O)c1ccc2c(c1)C(=O)N(C2=O)C1N=CC(S1)c1ccc(cc1)C1SC(C(C1c1ccccc1)c1ccccc1)c1ccc(cc1)C1C=NC(S1)N1C(=O)c2c(C1=O)cc(cc2)C(=O)[Rb],T5.csv:smiles1;Tg.csv:smiles1
[Fr]Nc1ccc(cc1)C1C(=O)c2c(C1=O)ccc(c2)C(=O)NC(=S)Nc1ccc(cc1)NC(=O)c1ccc(cc1)C(=O)[Rb],LOI.csv:smiles1;T5.csv:smiles1;Tg.csv:smiles1
[Fr]Nc1ccc(cc1)C1C(=O)c2c(C1=O)ccc(c2)C(=O)NC(=S)Nc1ccc(cc1)NC(=O)c1cccc(c1)C(=O)[Rb],LOI.csv:smiles1;T5.csv:smiles1;Tg.csv:smiles1
[Fr]Nc1ccc(cc1)Cc1ccc(cc1)NC(=O)c1cc(NC(=O)C(N2C(=O)c3c(C2=O)c(Br)c(c(c3Br)Br)Br)C)cc(c1)C(=O)[Rb],T5.csv:smiles1;Tg.csv:smiles1
[Fr]Nc1ccc(cc1)Cc1ccc(cc1)NC(=O)c1ccc2c(c1)C(=O)N(C2=O)C1N=CC(S1)c1ccc(cc1)c1sc(c(c1c1ccccc1)c1ccccc1)c1ccc(cc1)C1C=NC(S1)N1C(=O)c2c(C1=O)cc(cc2)C(=O)[Rb],T5.csv:smiles1;Tg.csv:smiles1
[Fr]Nc1ccc(cc1)Cc1ccc(cc1)NP1(=O)OCC2(CO1)COP(=O)(OC2)[Rb],T5.csv:smiles1
[Fr]Nc1ccc(cc1)NC(=O)c1cc(NC(=O)C(N2C(=O)c3c(C2=O)c(Br)c(c(c3Br)Br)Br)C)cc(c1)C(=O)[Rb],T5.csv:smiles1;Tg.csv:smiles1
[Fr]Nc1ccc(cc1)NC(=O)c1ccc2c(c1)C(=O)N(C2=O)c1cccc(c1)P(=O)(c1cccc(c1)N1C(=O)c2c(C1=O)cc(cc2)C(=O)[Rb])c1ccccc1,T5.csv:smiles1;Tg.csv:smiles1
[Fr]Nc1ccc(cc1)NC(=O)c1cccnc1/N=N/NC(=S)Nc1ccc(cc1)S(=O)(=O)c1ccc(cc1)NC(=S)N/N=N/c1ncccc1C(=O)[Rb],LOI.csv:smiles1
[Fr]Nc1ccc(cc1)Oc1ccc(cc1)C(c1ccc(cc1)Oc1ccc(cc1)NC(=O)c1ccc(cc1)NC(P1(=O)Oc2ccccc2c2c1cccc2)c1ccc(cc1)C(P1(=O)Oc2ccccc2c2c1cccc2)Nc1ccc(cc1)C(=O)[Rb])(C)C,T5.csv:smiles1;Tg.csv:smiles1
[Fr]Nc1ccc(cc1)Oc1ccc(cc1)NC(=O)c1cc(ccc1C(=O)O)c1ccc(c(c1)C(=O)O)C(=O)[Rb],LOI.csv:smiles1;T5.csv:smiles1
[Fr]Nc1ccc(cc1)Oc1ccc(cc1)NC(=O)c1ccc(cc1)Nc1nc(Nc2ccc(cc2)C(=O)[Rb])nc(n1)N1CCOCC1,T5.csv:smiles1;Tg.csv:smiles1
[Fr]Nc1ccc(cc1)Oc1ccc(cc1)NC(=O)c1ccc(cc1)Nc1ncnc(n1)Nc1ccc(cc1)C(=O)[Rb],T5.csv:smiles1;Tg.csv:smiles1
[Fr]Nc1ccc(cc1)Oc1ccc(cc1)NC(=O)c1ccc2c(c1)C(=O)N(C2=O)C1N=CC(S1)c1ccc(cc1)c1sc(c(c1c1ccccc1)c1ccccc1)c1ccc(cc1)C1C=NC(S1)N1C(=O)c2c(C1=O)cc(cc2)C(=O)[Rb],T5.csv:smiles1;Tg.csv:smiles1
[Fr]Nc1ccc(cc1)Oc1ccc(cc1)NC(=O)c1cccnc1/N=N/NC(=S)Nc1ccc(cc1)S(=O)(=O)c1ccc(cc1)NC(=S)N/N=N/c1ncccc1C(=O)[Rb],LOI.csv:smiles1
[Fr]Nc1ccc(cc1)Oc1cccc(n1)Oc1ccc(cc1)NC(=O)CCCCC(=O)[Rb],LOI.csv:smiles1
[Fr]Nc1ccc(cc1)Oc1cccc(n1)Oc1ccc(cc1)NC(=O)CCCCCCCCC(=O)[Rb],LOI.csv:smiles1
[Fr]Nc1ccc(cc1)Oc1cccc(n1)Oc1ccc(cc1)NC(=O)c1ccc(cc1)C(=O)[Rb],LOI.csv:smiles1
[Fr]Nc1ccc(cc1)Oc1cccc(n1)Oc1ccc(cc1)NC(=O)c1cccc(c1)C(=O)[Rb],LOI.csv:smiles1
[Fr]Nc1ccc(cc1)P(=O)(c1ccccc1)c1ccc(cc1)NC(=O)C(N1C(=O)C2C(C1=O)C1C=CC2C2C1C(=O)N(C2)C(C(=O)[Rb])CC)CC,LOI.csv:smiles1;T5.csv:smiles1
[Fr]Nc1ccc(cc1)P(=O)(c1ccccc1)c1ccc(cc1)NC(=O)C(N1C(=O)C2C(C1=O)C1C=CC2C2C1C(=O)N(C2)C(C(CC)C)C(=O)[Rb])C(CC)C,LOI.csv:smiles1;T5.csv:smiles1
[Fr]Nc1ccc(cc1)S(=O)(=O)c1ccc(cc1)NC(=O)Cc1ccc(cc1)Oc1cccc(n1)Oc1ccc(cc1)CC(=O)[Rb],T5.csv:smiles1;Tg.csv:smiles1
[Fr]Nc1ccc(cc1)S(=O)(=O)c1ccc(cc1)NC(=O)c1cc(N=C(C(N2C(=O)c3c(C2=O)c(Br)c(c(c3Br)Br)Br)C)O)cc(c1)C(=O)[Rb],T5.csv:smiles1;Tg.csv:smiles1
[Fr]Nc1ccc(cc1)S(=O)(=O)c1ccc(cc1)NC(=O)c1ccc2c(c1)C(=O)N(C2=O)C1N=CC(S1)c1ccc(cc1)c1sc(c(c1c1ccccc1)c1ccccc1)c1ccc(cc1)C1C=NC(S1)N1C(=O)c2c(C1=O)cc(cc2)C(=O)[Rb],T5.csv:smiles1;Tg.csv:smiles1
[Fr]Nc1ccc(cc1)c1ccc(cc1)NC(=O)c1cc(N=C(C(N2C(=O)c3c(C2=O)c(Br)c(c(c3Br)Br)Br)C)O)cc(c1)C(=O)[Rb],T5.csv:smiles1;Tg.csv:smiles1
[Fr]Nc1ccc(cc1)c1nc(cc(c1)c1ccc(cc1)P(c1ccccc1)c1ccccc1)c1ccc(cc1)NC(=O)c1ccc(cc1)Oc1ccc(cc1)C(C(F)(F)F)(C(F)(F)F)c1ccc(cc1)Oc1ccc(cc1)C(=O)[Rb],LOI.csv:smiles1;T5.csv:smiles1;Tg.csv:smiles1
[Fr]Nc1ccc(cc1)c1nc(cc(c1)c1ccc(cc1)P(c1ccccc1)c1ccccc1)c1ccc(cc1)NC(=O)c1ccc(cc1)Oc1ccc(cc1)Oc1ccc(cc1)C(=O)[Rb],LOI.csv:smiles1;T5.csv:smiles1;Tg.csv:smiles1
[Fr]Nc1cccc(c1)NC(=O)c1cc(cc(c1)C(=O)[Rb])NC(=O)C(N1C(=O)c2c(C1=O)c(Br)c(c(c2Br)Br)Br)C,T5.csv:smiles1;Tg.csv:smiles1
[Fr]Nc1cccc(c1)NC(=O)c1ccc(cc1)Nc1nc(Nc2ccc(cc2)C(=O)[Rb])nc(n1)N1CCOCC1,T5.csv:smiles1;Tg.csv:smiles1
[Fr]Nc1cccc(c1)P(=O)(c1ccccc1)c1cccc(c1)NC(=O)C(n1c(=O)c2c(c1=O)cc1c(c2)c(=O)n(c1=O)C(C(=O)[Rb])C)C,LOI.csv:smiles1;T5.csv:smiles1
[Fr]Nc1cccc(c1)P(=O)(c1ccccc1)c1cccc(c1)NC(=O)C(n1c(=O)c2c(c1=O)cc1c(c2)c(=O)n(c1=O)C(C(=O)[Rb])CC)CC,LOI.csv:smiles1;T5.csv:smiles1
[Fr]Nc1cccc(c1)P(=O)(c1ccccc1)c1cccc(c1)NC(=O)C(n1c(=O)c2c(c1=O)cc1c(c2)c(=O)n(c1=O)C(C(=O)[Rb])Cc1ccccc1)Cc1ccccc1,LOI.csv:smiles1;T5.csv:smiles1
[Fr]Nc1cccc(c1)P(=O)(c1ccccc1)c1cccc(c1)NC(=O)c1ccc2c(c1)C(=O)N(C2=O)c1cccc(c1)P(=O)(c1cccc(c1)N1C(=O)c2c(C1=O)cc(cc2)C(=O)[Rb])c1ccccc1,T5.csv:smiles1;Tg.csv:smiles1
[Fr]Nc1cccc(n1)NC(=O)c1ccc2c(c1)C(=O)N(C2=O)c1cccc(c1)P(=O)(c1cccc(c1)N1C(=O)c2c(C1=O)cc(cc2)C(=O)[Rb])c1ccccc1,T5.csv:smiles1;Tg.csv:smiles1
[Fr]Nc1cccc2c1cccc2NC(=O)c1cc(NC(=O)C(N2C(=O)c3c(C2=O)c(Br)c(c(c3Br)Br)Br)C)cc(c1)C(=O)[Rb],T5.csv:smiles1;Tg.csv:smiles1
[Fr]Nc1cccc2c1cccc2NC(=O)c1cccnc1/N=N/NC(=S)Nc1ccc(cc1)S(=O)(=O)c1ccc(cc1)NC(=S)N/N=N/c1ncccc1C(=O)[Rb],LOI.csv:smiles1
[Fr]Nc1nc(cc(c1)c1ccc(cc1)P(c1ccccc1)c1ccccc1)c1ccc(cc1)NC(=O)c1ccc(cc1)Oc1ccc(cc1)S(=O)(=O)c1ccc(cc1)Oc1ccc(cc1)C(=O)[Rb],LOI.csv:smiles1;T5.csv:smiles1;Tg.csv:smiles1
[Fr]OC(=O)Oc1ccc(cc1)C(c1ccc(cc1)OC(=O)Oc1ccc(cc1)[Rb])(C)C,LOI.csv:smiles1;UL-94.csv:smiles1
[Fr]OC(=O)c1cccc(c1)C(=O)Oc1ccc(cc1)CC(=O)c1ccc(cc1)[Rb],T5.csv:smiles1
[Fr]OC(C(CP1(OC2=C(C3=C1C=CC=C3)C=CC=C2)=O)CC(OCCCO[Rb])=O)=O,LOI.csv:smiles2;T5.csv:smiles2;Tg.csv:smiles2
[Fr]OC1=CC=C(C(C2=CC=C(OC(C3=CC=C(C(C4=CC=CC=C45)(C6=CC=C(C=C6)C([Rb])=O)OC5=O)C=C3)=O)C=C2)(C7=CC=CC=C78)NC8=O)C=C1,LOI.csv:smiles1
[Fr]OC1=CC=C(C(C2=CC=C(OC3=CC=C(C(NCCCCNC(C4=CC=C([Rb])C=C4)=O)=O)C=C3)C=C2)(C)C5=CC=CC=C5)C=C1,LOI.csv:smiles1;T5.csv:smiles1;Tg.csv:smiles1
[Fr]OC1=CC=C(C(C2=CC=CC=C2C3=O)(N3)C4=CC=C(OC(C5=CC=C(C([Rb])=O)C=C5)=O)C=C4)C=C1,LOI.csv:smiles1
[Fr]OC1=CC=C(C(C2=CC=CC=C2C3=O)(N3)C4=CC=C(OC(C5=CC=CC(C([Rb])=O)=C5)=O)C=C4)C=C1,LOI.csv:smiles1
[Fr]OC1=CC=C(C=C1)C(C2=CC=CC=C2)(C3=CC=C(C=C3)OC4=CC=C(C=C4)C(NCCNC(C5=CC=C(C=C5)[Rb])=O)=O)C,LOI.csv:smiles1;T5.csv:smiles1;Tg.csv:smiles1
[Fr]OC1=CC=C(C=C1)C(N2)(C3=CC=C(C=C3)OC([Rb])=O)C4=CC=CC=C4C2=O,LOI.csv:smiles1
[Fr]OCCCCOC(=O)C(CP1(=O)Oc2ccccc2c2c1cccc2)CC(=O)[Rb],T5.csv:smiles1;Tg.csv:smiles1
[Fr]OCCCCOC(=O)CCC(=O)[Rb],LOI.csv:smiles1;T5.csv:smiles1
[Fr]OCCCCOC(=O)Nc1ccc(cc1)Cc1ccc(cc1)NC(=O)[Rb],LOI.csv:smiles1
[Fr]OCCCOC(=O)c1ccc(cc1)C(=O)[Rb],LOI.csv:smiles1;T5.csv:smiles1;Tg.csv:smiles1
[Fr]OCCCOc1ccc(cc1)C1(CCCCC1)c1ccc(cc1)OCCCOC(=O)CCC(=O)[Rb],LOI.csv:smiles1
[Fr]OCCCOc1ccc(cc1)C1(CCCCC1)c1ccc(cc1)OCCCOC(=O)CCCCCCC(=O)[Rb],LOI.csv:smiles1
[Fr]OCCCOc1ccc(cc1)C1(CCCCC1)c1ccc(cc1)OCCCOC(=O)c1ccc(cc1)C(=O)[Rb],LOI.csv:smiles1
[Fr]OCCOC(=O)c1ccc2c(c1)ccc(c2)C(=O)[Rb],Tg.csv:smiles1
[Fr]OCCOc1c(Br)cc(cc1Br)C(C(F)(F)F)(C(F)(F)F)c1cc(Br)c(c(c1)Br)OCCOP(=O)(c1ccccc1)[Rb],LOI.csv:smiles1
[Fr]OCCOc1ccc(cc1)C(C(F)(F)F)(C(F)(F)F)c1ccc(cc1)OCCOP(=O)(Oc1ccccc1)[Rb],LOI.csv:smiles1
[Fr]OCCOc1ccc(cc1)S(=O)(=O)c1ccc(cc1)OCCOP(=O)(c1ccc(cc1)Br)[Rb],LOI.csv:smiles1
[Fr]OCCOc1ccc(cc1)S(=O)(=O)c1ccc(cc1)OCCOP(=O)(c1ccc(cc1)C)[Rb],LOI.csv:smiles1
[Fr]OCCOc1ccc(cc1)S(=O)(=O)c1ccc(cc1)OCCOP(=O)(c1ccc(cc1)N(=O)=O)[Rb],LOI.csv:smiles1
[Fr]OCCOc1ccc(cc1)S(=O)(=O)c1ccc(cc1)OCCOP(=O)(c1ccc(cc1)OC)[Rb],LOI.csv:smiles1
[Fr]OCCOc1ccc(cc1)S(=O)(=O)c1ccc(cc1)OCCOP(=O)(c1ccccc1)[Rb],LOI.csv:smiles1
[Fr]OCCOc1ccc(cc1P1(=O)Oc2ccccc2c2c1cccc2)OCCOC(=O)c1ccc(cc1)C(=O)[Rb],LOI.csv:smiles1;T5.csv:smiles1
[Fr]OCCOc1ccc(cc1P1(=O)Oc2ccccc2c2c1cccc2)OCCOC(=O)c1ccc(cc1)C(=O)c1ccc(cc1)C(=O)[Rb],LOI.csv:smiles1;T5.csv:smiles1
[Fr]OCCOc1ccc(cc1P1(=O)Oc2ccccc2c2c1cccc2)OCCOC(=O)c1ccc(cc1)Oc1ccc(cc1)C(=O)[Rb],LOI.csv:smiles1;T5.csv:smiles1
[Fr]OCCOc1ccc(cc1P1(=O)Oc2ccccc2c2c1cccc2)OCCOC(=O)c1ccc(cc1)S(=O)(=O)c1ccc(cc1)C(=O)[Rb],LOI.csv:smiles1;T5.csv:smiles1
[Fr]OCCOc1ccc(cc1P1(=O)Oc2ccccc2c2c1cccc2)OCCOC(=O)c1ccc(cc1)c1ccc(cc1)C(=O)[Rb],LOI.csv:smiles1;T5.csv:smiles1
[Fr]OCCOc1ccc(cc1P1(=O)Oc2ccccc2c2c1cccc2)OCCOC(=O)c1ccc2c(c1)ccc(c2)C(=O)[Rb],LOI.csv:smiles1;T5.csv:smiles1
[Fr]OCCOc1ccc(cc1P1(=O)Oc2ccccc2c2c1cccc2)OCCOC(=O)c1cccc(c1)C(=O)[Rb],LOI.csv:smiles1;T5.csv:smiles1
[Fr]OCc1ccc(o1)C1OCC(CO1)(CC)COCC1(CC)COC(OC1)c1ccc(o1)COC(=O)Nc1ccc(cc1)Cc1ccc(cc1)NC(=O)[Rb],LOI.csv:smiles1;T5.csv:smiles1;Tg.csv:smiles1
[Fr]OP(=O)(c1ccccc1)Oc1ccc(cc1)CC(=O)c1ccc(cc1)[Rb],T5.csv:smiles1
[Fr]O[SiH](CCP1(=O)Oc2ccccc2c2c1cccc2)[Rb],T5.csv:smiles1
[Fr]Oc1c(Br)cc(cc1Br)C(C(F)(F)F)(C(F)(F)F)c1cc(Br)c(c(c1)Br)OC(=O)[Rb],T5.csv:smiles1;Tg.csv:smiles1
[Fr]Oc1c(Br)cc(cc1Br)C(C(F)(F)F)(C(F)(F)F)c1cc(Br)c(c(c1)Br)OP(=O)(Oc1ccc(cc1)C)[Rb],LOI.csv:smiles1
[Fr]Oc1c(Br)cc(cc1Br)C(C(F)(F)F)(C(F)(F)F)c1cc(Br)c(c(c1)Br)OP(=O)(Oc1ccc(cc1)N(=O)=O)[Rb],LOI.csv:smiles1
[Fr]Oc1c(Br)cc(cc1Br)C(C(F)(F)F)(C(F)(F)F)c1cc(Br)c(c(c1)Br)OP(=O)(Oc1ccccc1)[Rb],LOI.csv:smiles1
[Fr]Oc1c(Br)cc(cc1Br)C(c1cc(Br)c(c(c1)Br)OC(=O)[Rb])(C)C,LOI.csv:smiles1;T5.csv:smiles1;Tg.csv:smiles1
[Fr]Oc1c(Br)cc(cc1Br)C(c1cc(Br)c(c(c1)Br)OC(=O)c1ccc(cc1)NP(=O)(Nc1ccc(cc1)C(=O)[Rb])Nc1ccccc1)(C)C,LOI.csv:smiles1
[Fr]Oc1c(Br)cc(cc1Br)C(c1cc(Br)c(c(c1)Br)OP(=O)(Oc1c(Br)cc(c(c1Br)CCCCCCCCCCCCCC(C(Br)(Br)Br)Br)Br)[Rb])(C)C,LOI.csv:smiles1;T5.csv:smiles1
[Fr]Oc1c(Br)cc(cc1Br)C(c1cc(Br)c(c(c1)Br)OP(=O)(Oc1ccccc1)[Rb])(C)C,LOI.csv:smiles1
[Fr]Oc1c(Br)cc(cc1Br)C(c1cc(Br)c(c(c1)Br)OP(=O)(c1ccccc1)O[Rb])(C)C,LOI.csv:smiles1
[Fr]Oc1c(Br)cc(cc1Br)C1(OC(=O)c2c1cccc2)c1cc(Br)c(c(c1)Br)OC(=O)c1ccc(cc1)NP(=O)(Nc1ccc(cc1)C(=O)[Rb])Nc1ccccc1,LOI.csv:smiles1
[Fr]Oc1c(Br)cc(cc1Br)C1(OC(=O)c2c1cccc2)c1cc(Br)c(c(c1)Br)OP(=O)(c1ccccc1)[Rb],LOI.csv:smiles1
[Fr]Oc1c(C)cc(cc1C)S(=O)(=O)c1cc(C)c(c(c1)C)OP(=O)(Oc1ccc(cc1)C)[Rb],LOI.csv:smiles1
[Fr]Oc1c(C)cc(cc1C)S(=O)(=O)c1cc(C)c(c(c1)C)OP(=O)(Oc1ccc(cc1)N(=O)=O)[Rb],LOI.csv:smiles1
[Fr]Oc1c(C)cc(cc1C)S(=O)(=O)c1cc(C)c(c(c1)C)OP(=O)(Oc1ccccc1)[Rb],LOI.csv:smiles1
[Fr]Oc1ccc(S(=O)(c2ccc(OP(c3ccccc3)(O[Rb])=O)cc2)=O)cc1,LOI.csv:smiles1
[Fr]Oc1ccc(cc1)/C=N/CC/N=C/c1ccc(cc1)OP(=O)(Oc1ccccc1)[Rb],T5.csv:smiles1
[Fr]Oc1ccc(cc1)/C=N/CCNCC/N=C/c1ccc(cc1)OP(=O)(Oc1ccccc1)[Rb],T5.csv:smiles1
[Fr]Oc1ccc(cc1)/C=N/c1ccc(cc1)/N=C/c1ccc(cc1)OP(=O)(Oc1ccccc1)[Rb],T5.csv:smiles1
[Fr]Oc1ccc(cc1)/C=N/c1ccc(cc1)OP(=O)(c1ccccc1)[Rb],LOI.csv:smiles1
[Fr]Oc1ccc(cc1)/N=N/c1ccc(cc1)OP(=O)(Oc1ccccc1)[Rb],LOI.csv:smiles1
[Fr]Oc1ccc(cc1)/N=N/c1ccc(cc1)OP(=O)(c1ccccc1)[Rb],LOI.csv:smiles1
[Fr]Oc1ccc(cc1)C(=C(Cl)Cl)c1ccc(cc1)OP(=O)(c1ccccc1)[Rb],LOI.csv:smiles1
[Fr]Oc1ccc(cc1)C(C(F)(F)F)(C(F)(F)F)c1ccc(cc1)OC(=O)[Rb],LOI.csv:smiles1;T5.csv:smiles1;Tg.csv:smiles1
[Fr]Oc1ccc(cc1)C(C(F)(F)F)(C(F)(F)F)c1ccc(cc1)OP(=O)(Oc1ccc(cc1)C)[Rb],LOI.csv:smiles1;T5.csv:smiles1;Tg.csv:smiles1
[Fr]Oc1ccc(cc1)C(C(F)(F)F)(C(F)(F)F)c1ccc(cc1)OP(=O)(Oc1ccc(cc1)Cl)[Rb],LOI.csv:smiles1
[Fr]Oc1ccc(cc1)C(C(F)(F)F)(C(F)(F)F)c1ccc(cc1)OP(=O)(Oc1ccc(cc1)[N+](=O)[O-])[Rb],LOI.csv:smiles1;T5.csv:smiles1;Tg.csv:smiles1
[Fr]Oc1ccc(cc1)C(C(F)(F)F)(C(F)(F)F)c1ccc(cc1)OP(=O)(Oc1ccccc1)[Rb],LOI.csv:smiles1
[Fr]Oc1ccc(cc1)C(C(F)(F)F)(C(F)(F)F)c1ccc(cc1)OP(=O)(c1ccccc1)[Rb],LOI.csv:smiles1
[Fr]Oc1ccc(cc1)C(c1ccc(cc1)C(c1ccc(cc1)OP(=O)(Oc1ccccc1)[Rb])(C)C)(C)C,LOI.csv:smiles1
[Fr]Oc1ccc(cc1)C(c1ccc(cc1)C(c1ccc(cc1)OP(=O)(c1ccccc1)[Rb])(C)C)(C)C,LOI.csv:smiles1
[Fr]Oc1ccc(cc1)C(c1ccc(cc1)OC(=O)[Rb])(C)C,LOI.csv:smiles1;T5.csv:smiles1;Tg.csv:smiles1
[Fr]Oc1ccc(cc1)C(c1ccc(cc1)OP(=O)(Oc1c(Br)cc(c(c1Br)CCCCCCCCCCCCCC(C(Br)(Br)Br)Br)Br)[Rb])(C)C,LOI.csv:smiles1;T5.csv:smiles1
[Fr]Oc1ccc(cc1)C(c1ccc(cc1)OP(=O)(Oc1ccccc1)Oc1ccc(cc1)C(c1ccc(cc1)OP(=O)(c1ccccc1)[Rb])(C)C)(C)C,Tg.csv:smiles1
[Fr]Oc1ccc(cc1)C(c1ccc(cc1)OP(=O)(Oc1ccccc1)[Rb])(C)C,LOI.csv:smiles1
[Fr]Oc1ccc(cc1)C(c1ccc(cc1)OP(=O)(c1ccccc1)[Rb])(C)C,LOI.csv:smiles1
[Fr]Oc1ccc(cc1)C(c1ccc(cc1)OP(=O)(c1ccccc1)[Rb])(CCC(=O)OCC12COP(=O)(OC1)OC2)C,T5.csv:smiles1
[Fr]Oc1ccc(cc1)C(c1ccc(cc1)Oc1ccc(cc1)P(=O)(c1ccc(cc1)[Rb])c1ccccc1)(C)C,LOI.csv:smiles1;T5.csv:smiles1;Tg.csv:smiles1
[Fr]Oc1ccc(cc1)C(c1ccc(cc1)Oc1ccc(cc1C(F)(F)F)P(=O)(c1ccc(c(c1)C(F)(F)F)[Rb])c1ccccc1)(C)C,T5.csv:smiles1;Tg.csv:smiles1
[Fr]Oc1ccc(cc1)C(c1cccc(c1)C(c1ccc(cc1)OP(=O)(Oc1ccccc1)[Rb])(C)C)(C)C,LOI.csv:smiles1
[Fr]Oc1ccc(cc1)C(c1cccc(c1)C(c1ccc(cc1)OP(=O)(c1ccccc1)[Rb])(C)C)(C)C,LOI.csv:smiles1
[Fr]Oc1ccc(cc1)C(c1ccccc1)(c1ccccc1)c1ccc(cc1)OP(=O)(Oc1ccccc1)[Rb],LOI.csv:smiles1
[Fr]Oc1ccc(cc1)C(c1ccccc1)(c1ccccc1)c1ccc(cc1)OP(=O)(c1ccccc1)[Rb],LOI.csv:smiles1
[Fr]Oc1ccc(cc1)C1(CCC(CC1)C)c1ccc(cc1)OC(=O)CCC(=O)[Rb],LOI.csv:smiles1
[Fr]Oc1ccc(cc1)C1(CCC(CC1)C)c1ccc(cc1)OC(=O)CCCCCCC(=O)[Rb],LOI.csv:smiles1
[Fr]Oc1ccc(cc1)C1(CCC(CC1)C)c1ccc(cc1)OC(=O)c1ccc(cc1)C(=O)[Rb],LOI.csv:smiles1
[Fr]Oc1ccc(cc1)C1(CCCCC1)c1ccc(cc1)OC(=O)CCC(=O)[Rb],LOI.csv:smiles1
[Fr]Oc1ccc(cc1)C1(CCCCC1)c1ccc(cc1)OC(=O)CCCCCCC(=O)[Rb],LOI.csv:smiles1
[Fr]Oc1ccc(cc1)C1(CCCCC1)c1ccc(cc1)OC(=O)c1ccc(cc1)C(=O)[Rb],LOI.csv:smiles1
[Fr]Oc1ccc(cc1)C1(CCCCC1)c1ccc(cc1)OP(=O)(Oc1ccccc1)[Rb],LOI.csv:smiles1
[Fr]Oc1ccc(cc1)C1(CCCCC1)c1ccc(cc1)OP(=O)(c1ccccc1)[Rb],LOI.csv:smiles1
[Fr]Oc1ccc(cc1)C1(OC(=O)c2c1cccc2)c1ccc(cc1)OC(=O)c1ccc(cc1)NP(=O)(Nc1ccc(cc1)C(=O)[Rb])Nc1ccccc1,LOI.csv:smiles1
[Fr]Oc1ccc(cc1)C1(OC(=O)c2c1cccc2)c1ccc(cc1)OP(=O)(Oc1c(Br)cc(c(c1Br)CCCCCCCCCCCCCC(C(Br)(Br)Br)Br)Br)[Rb],LOI.csv:smiles1;T5.csv:smiles1
[Fr]Oc1ccc(cc1)C1(OC(=O)c2c1cccc2)c1ccc(cc1)OP(=O)(c1ccccc1)[Rb],T5.csv:smiles1
[Fr]Oc1ccc(cc1)C1(c2ccc(cc2)OC(=O)[Rb])c2ccccc2c2c1cccc2,LOI.csv:smiles1
[Fr]Oc1ccc(cc1)C1(c2ccc(cc2)OP(=O)(c2ccccc2)[Rb])c2ccccc2c2c1cccc2,LOI.csv:smiles1
[Fr]Oc1ccc(cc1)Cc1ccc(cc1)OP(=O)(Oc1ccccc1)[Rb],LOI.csv:smiles1
[Fr]Oc1ccc(cc1)Cc1ccc(cc1)OP(=O)(c1ccccc1)[Rb],LOI.csv:smiles1
[Fr]Oc1ccc(cc1)NC(=O)c1ccc(cc1)P(=O)(c1ccccc1)c1ccc(cc1)C(=O)Nc1ccc(cc1)OP(=O)(c1ccc(cc1)Br)[Rb],LOI.csv:smiles1
[Fr]Oc1ccc(cc1)NC(=O)c1ccc(cc1)P(=O)(c1ccccc1)c1ccc(cc1)C(=O)Nc1ccc(cc1)OP(=O)(c1ccc(cc1)Cl)[Rb],LOI.csv:smiles1
[Fr]Oc1ccc(cc1)NC(=O)c1ccc(cc1)P(=O)(c1ccccc1)c1ccc(cc1)C(=O)Nc1ccc(cc1)OP(=O)(c1ccc(cc1)N(=O)=O)[Rb],LOI.csv:smiles1
[Fr]Oc1ccc(cc1)NC(=O)c1ccc(cc1)P(=O)(c1ccccc1)c1ccc(cc1)C(=O)Nc1ccc(cc1)OP(=O)(c1ccc(cc1Cl)Cl)[Rb],LOI.csv:smiles1
[Fr]Oc1ccc(cc1)NC(=O)c1ccc(cc1)P(=O)(c1ccccc1)c1ccc(cc1)C(=O)Nc1ccc(cc1)OP(=O)(c1ccc(cc1Oc1cccc2c1cccc2)Oc1cccc2c1cccc2)[Rb],LOI.csv:smiles1
[Fr]Oc1ccc(cc1)NC(=O)c1ccc2c(c1)P(=O)(c1ccccc1)c1c(O2)ccc(c1)C(=O)Nc1ccc(cc1)OP(=O)(Oc1ccc(cc1)Br)[Rb],LOI.csv:smiles1
[Fr]Oc1ccc(cc1)NC(=O)c1ccc2c(c1)P(=O)(c1ccccc1)c1c(O2)ccc(c1)C(=O)Nc1ccc(cc1)OP(=O)(Oc1ccc(cc1)C)[Rb],LOI.csv:smiles1
[Fr]Oc1ccc(cc1)NC(=O)c1ccc2c(c1)P(=O)(c1ccccc1)c1c(O2)ccc(c1)C(=O)Nc1ccc(cc1)OP(=O)(Oc1ccc(cc1)Cl)[Rb],LOI.csv:smiles1
[Fr]Oc1ccc(cc1)NC(=O)c1ccc2c(c1)P(=O)(c1ccccc1)c1c(O2)ccc(c1)C(=O)Nc1ccc(cc1)OP(=O)(Oc1ccc(cc1)N(=O)=O)[Rb],LOI.csv:smiles1
[Fr]Oc1ccc(cc1)NC(=O)c1ccc2c(c1)P(=O)(c1ccccc1)c1c(O2)ccc(c1)C(=O)Nc1ccc(cc1)OP(=O)(Oc1ccc(cc1Cl)Cl)[Rb],LOI.csv:smiles1
[Fr]Oc1ccc(cc1)NC(=O)c1ccc2c(c1)P(=O)(c1ccccc1)c1c(O2)ccc(c1)C(=O)Nc1ccc(cc1)OP(=O)(Oc1ccc(cc1Oc1cccc2c1cccc2)Oc1cccc2c1cccc2)[Rb],LOI.csv:smiles1
[Fr]Oc1ccc(cc1)NC(=O)c1ccc2c(c1)P(=O)(c1ccccc1)c1c(O2)ccc(c1)C(=O)Nc1ccc(cc1)OP(=O)(Oc1ccccc1)[Rb],LOI.csv:smiles1
[Fr]Oc1ccc(cc1)OC(=O)c1ccc(cc1)C(=O)[Rb],Tg.csv:smiles1
[Fr]Oc1ccc(cc1)OP(=O)(Oc1c(Br)cc(c(c1Br)CCCCCCCCCCCCCC(C(Br)(Br)Br)Br)Br)[Rb],LOI.csv:smiles1;T5.csv:smiles1
[Fr]Oc1ccc(cc1)S(=O)(=O)c1ccc(cc1)OC(=O)[Rb],LOI.csv:smiles1;T5.csv:smiles1;Tg.csv:smiles1
[Fr]Oc1ccc(cc1)S(=O)(=O)c1ccc(cc1)OC(=O)c1ccc(cc1)NP(=O)(Nc1ccc(cc1)C(=O)[Rb])Nc1ccccc1,LOI.csv:smiles1
[Fr]Oc1ccc(cc1)S(=O)(=O)c1ccc(cc1)OCCOC(=O)[Rb],LOI.csv:smiles1;T5.csv:smiles1;Tg.csv:smiles1
[Fr]Oc1ccc(cc1)S(=O)(=O)c1ccc(cc1)OCCOCCOC(=O)[Rb],T5.csv:smiles1;Tg.csv:smiles1
[Fr]Oc1ccc(cc1)S(=O)(=O)c1ccc(cc1)OCCOCCOCCOC(=O)[Rb],T5.csv:smiles1;Tg.csv:smiles1
[Fr]Oc1ccc(cc1)S(=O)(=O)c1ccc(cc1)OCCOCCOCCOCCOC(=O)[Rb],T5.csv:smiles1;Tg.csv:smiles1
[Fr]Oc1ccc(cc1)S(=O)(=O)c1ccc(cc1)OP(=O)(Oc1ccc(cc1)Br)[Rb],LOI.csv:smiles1
[Fr]Oc1ccc(cc1)S(=O)(=O)c1ccc(cc1)OP(=O)(Oc1ccc(cc1)C)[Rb],LOI.csv:smiles1
[Fr]Oc1ccc(cc1)S(=O)(=O)c1ccc(cc1)OP(=O)(Oc1ccc(cc1)N(=O)=O)[Rb],LOI.csv:smiles1
[Fr]Oc1ccc(cc1)S(=O)(=O)c1ccc(cc1)OP(=O)(Oc1ccccc1)[Rb],LOI.csv:smiles1
[Fr]Oc1ccc(cc1)S(=O)(=O)c1ccc(cc1)Oc1ccc(cc1)P(=O)(c1ccc(cc1)[Rb])c1ccccc1,T5.csv:smiles1;Tg.csv:smiles1
[Fr]Oc1ccc(cc1)c1ccc(cc1)OC(=O)c1ccc(cc1)NP(=O)(Nc1ccc(cc1)C(=O)[Rb])Nc1ccccc1,LOI.csv:smiles1
[Fr]Oc1ccc(cc1)c1ccc(cc1)OP(=O)(Oc1ccccc1)[Rb],LOI.csv:smiles1
[Fr]Oc1ccc(cc1)c1ccc(cc1)OP(=O)(c1ccccc1)[Rb],LOI.csv:smiles1
[Fr]Oc1ccc(cc1)c1ccc(cc1)Oc1ccc(cc1)P(=O)(c1ccc(cc1)[Rb])c1ccccc1,T5.csv:smiles1;Tg.csv:smiles1
[Fr]Oc1ccc(cc1)c1ccc(cc1)Oc1ccc(cc1)S(=O)(=O)c1ccc(cc1)[Rb],Tg.csv:smiles1
[Fr]Oc1ccc(cc1)c1ccc(cc1)Oc1ccc(cc1C(F)(F)F)P(=O)(c1ccc(c(c1)C(F)(F)F)[Rb])c1ccccc1,T5.csv:smiles1;Tg.csv:smiles1
[Fr]Oc1ccc(cc1)c1nc(cc(c1)c1ccc(cc1)P(c1ccccc1)c1ccccc1)c1ccc(cc1)Oc1ccc(cc1)C(=O)c1ccc(cc1)Oc1ccc(cc1)C(=O)[Rb],LOI.csv:smiles1;T5.csv:smiles1;Tg.csv:smiles1
[Fr]Oc1ccc(cc1)c1nc(cc(c1)c1ccc(cc1)P(c1ccccc1)c1ccccc1)c1ccc(cc1)Oc1ccc(cc1)C(=O)c1ccc(cc1)[Rb],LOI.csv:smiles1;T5.csv:smiles1;Tg.csv:smiles1
[Fr]Oc1ccc(cc1)c1nc(cc(c1)c1ccc(cc1)P(c1ccccc1)c1ccccc1)c1ccc(cc1)Oc1ccc(cc1)C(=O)c1ccc(cc1)c1ccc(cc1)C(=O)c1ccc(cc1)[Rb],LOI.csv:smiles1;T5.csv:smiles1;Tg.csv:smiles1
[Fr]Oc1ccc(cc1)c1nc(cc(c1)c1ccc(cc1)P(c1ccccc1)c1ccccc1)c1ccc(cc1)Oc1ccc(cc1)C(=O)c1cccc(c1)C(=O)c1ccc(cc1)[Rb],LOI.csv:smiles1;T5.csv:smiles1;Tg.csv:smiles1
[Fr]Oc1ccc(cc1)n1c(=O)c2c(c1=O)cc1c(c2)c(=O)n(c1=O)c1ccc(cc1)OP(=O)(Nc1ccc(cc1)Br)[Rb],LOI.csv:smiles1
[Fr]Oc1ccc(cc1)n1c(=O)c2c(c1=O)cc1c(c2)c(=O)n(c1=O)c1ccc(cc1)OP(=O)(Nc1ccc(cc1)Cl)[Rb],LOI.csv:smiles1
[Fr]Oc1ccc(cc1)n1c(=O)c2c(c1=O)cc1c(c2)c(=O)n(c1=O)c1ccc(cc1)OP(=O)(Nc1ccc(cc1)N(=O)=O)[Rb],LOI.csv:smiles1
[Fr]Oc1ccc(cc1)n1c(=O)c2c(c1=O)cc1c(c2)c(=O)n(c1=O)c1ccc(cc1)OP(=O)(Nc1cccc2c1cccc2)[Rb],LOI.csv:smiles1
[Fr]Oc1ccc(cc1)n1c(=O)c2c(c1=O)cc1c(c2)c(=O)n(c1=O)c1ccc(cc1)OP(=O)(Nc1ccccc1)[Rb],LOI.csv:smiles1
[Fr]Oc1ccc(cc1CN(c1ccccc1)[Rb])C(c1ccc2c(c1)CN(CO2)c1ccccc1)(C)C,LOI.csv:smiles1
[Fr]Oc1ccc2c(c1)Oc1c(C32OC(=O)c2c3cccc2)ccc(c1)OP(=O)(c1ccccc1)[Rb],LOI.csv:smiles1
[Fr]P(CCNCCCCCN[Rb])(C1=CC=CC=C1)=O,T5.csv:smiles1
[Fr]c1ccc(cc1)NC(=O)c1ccc(cc1)P(=O)(c1ccccc1)c1ccc(cc1)C(=O)Nc1ccc(cc1)OP(=O)(c1ccccc1)[Rb],LOI.csv:smiles1
[Fr]c1ccc(cc1)OCc1nnn(c1)CCCn1nnc(c1)COc1ccc(cc1)N1C(=O)c2c(C1=O)cc(cc2)C(=O)c1ccc2c(c1)C(=O)N(C2=O)[Rb],LOI.csv:smiles1;T5.csv:smiles1;Tg.csv:smiles1
[Fr]c1ccc(cc1)OCc1nnn(c1)c1ccc(cc1)Oc1ccc(cc1)Oc1ccc(cc1)n1nnc(c1)COc1ccc(cc1)N1C(=O)c2c(C1=O)cc(cc2)C(=O)c1ccc2c(c1)C(=O)N(C2=O)[Rb],LOI.csv:smiles1;T5.csv:smiles1;Tg.csv:smiles1
[Fr]c1ccc(cc1)Oc1ccc(cc1)C(c1ccc(cc1)Oc1ccc(cc1)c1ccc(cc1)N1C(=O)c2c(C1=O)cc(cc2)C(=O)Oc1ccc(cc1P1(=O)Oc2ccccc2c2c1cccc2)OC(=O)c1ccc2c(c1)C(=O)N(C2=O)[Rb])(C)C,LOI.csv:smiles1;UL-94.csv:smiles1
[Fr]c1ccc(cc1)Oc1ccc(cc1)C1(Cc2c(C1=O)cccc2)c1ccc(cc1)Oc1ccc(cc1)N1C(=O)C2C(C1=O)CC(CC2)C1CCC2C(C1)C(=O)N(C2=O)[Rb],LOI.csv:smiles1;T5.csv:smiles1;Tg.csv:smiles1;UL-94.csv:smiles1
[Fr]c1ccc(cc1)Oc1ccc(cc1)C1(Cc2c(C1=O)cccc2)c1ccc(cc1)Oc1ccc(cc1)N1C(=O)C2C(C1=O)CC1C(C2)C(=O)N(C1=O)[Rb],LOI.csv:smiles1;T5.csv:smiles1;Tg.csv:smiles1;UL-94.csv:smiles1
[Fr]c1ccc(cc1)Oc1ccc(cc1)N1C(=O)C2C(C1=O)CC(CC2)C1CCC2C(C1)C(=O)N(C2=O)[Rb],LOI.csv:smiles1;T5.csv:smiles1;Tg.csv:smiles1;UL-94.csv:smiles1
[Fr]c1ccc(cc1)Oc1ccc(cc1)N1C(=O)c2c(C1=O)ccc(c2)C(=O)Oc1ccc(cc1P1(=O)Oc2ccccc2c2c1cccc2)OC(=O)c1ccc2c(c1)C(=O)N(C2=O)[Rb],LOI.csv:smiles1;UL-94.csv:smiles1
[Fr]c1ccc(cc1)P(c1ccccc1)[Rb],T5.csv:smiles1
[Fr]c1ccc(cc1)c1nc(cc(c1)c1ccc(cc1)P(c1ccccc1)c1ccccc1)c1ccc(cc1)N1C(=O)c2c(C1=O)cc(cc2)C(C(F)(F)F)(C(F)(F)F)c1ccc2c(c1)C(=O)C(C2=O)[Rb],T5.csv:smiles1;Tg.csv:smiles1
[Fr]c1ccc(cc1)c1nc(cc(c1)c1ccc(cc1)P(c1ccccc1)c1ccccc1)c1ccc(cc1)N1C(=O)c2c(C1=O)cc(cc2)Oc1ccc(cc1)Oc1ccc2c(c1)C(=O)C(C2=O)[Rb],T5.csv:smiles1;Tg.csv:smiles1
[Fr]c1ccc(cc1)c1nc(cc(c1)c1ccc(cc1)P(c1ccccc1)c1ccccc1)c1ccc(cc1)N1C(=O)c2c(C1=O)cc(cc2)Oc1ccc2c(c1)C(=O)C(C2=O)[Rb],T5.csv:smiles1;Tg.csv:smiles1
[Fr]c1ccc(cc1)c1nc(cc(c1)c1ccc(cc1)P(c1ccccc1)c1ccccc1)c1ccc(cc1)N1C(=O)c2c(C1=O)cc(cc2)Sc1ccc2c(c1)C(=O)C(C2=O)[Rb],T5.csv:smiles1;Tg.csv:smiles1
[Fr]c1ccc(cc1)c1nc(cc(c1)c1ccc(cc1)P(c1ccccc1)c1ccccc1)c1ccc(cc1)N1C(=O)c2c(C1=O)cc(cc2)c1ccc2c(c1)C(=O)N(C2=O)[Rb],T5.csv:smiles1;Tg.csv:smiles1
[Fr]c1cccc(c1)P(=O)(C(CC(C(C(C(C(C(F)(F)F)(F)F)(F)F)(F)F)(F)F)(F)F)(F)F)c1cccc(c1)N1C(=O)C(C1=O)c1ccc(cc1)C(=O)c1ccc(cc1)C1C(=O)N(C1=O)[Rb],LOI.csv:smiles1;T5.csv:smiles1;Tg.csv:smiles1
[Fr]c1cccc(c1)P(=O)(c1cccc(c1)N1C(=O)C(C1=O)c1ccc(cc1)C(C(F)(F)F)(C(F)(F)F)c1ccc(cc1)C1C(=O)N(C1=O)[Rb])CCC(C(C(C(C(C(F)(F)F)(F)F)(F)F)(F)F)(F)F)(F)F,LOI.csv:smiles1;T5.csv:smiles1;Tg.csv:smiles1
[Fr]c1cccc(c1)P(=O)(c1cccc(c1)N1C(=O)C(C1=O)c1ccc(cc1)C1C(=O)N(C1=O)[Rb])CCC(C(C(C(C(C(F)(F)F)(F)F)(F)F)(F)F)(F)F)(F)F,LOI.csv:smiles1;T5.csv:smiles1;Tg.csv:smiles1
[H]C(C(NC1=CC(C(NC2=CC=C(OC3=C([C@@H]4C(C=CC=C5)=C5[C@H]6C7=C4C=CC=C7)C6=C(OC8=CC=C(N[Rb])C=C8)C=C3)C=C2)=O)=CC(C([Fr])=O)=C1)=O)(N9C(C%10C%11C%12=C(C(C%10C9=O)C%13=C%11C=CC=C%13)C=CC=C%12)=O)CC%14=CC=CC=C%14,T5.csv:smiles1;Tg.csv:smiles1
[H]C(C(NC1=CC(C(NC2=CC=C(OC3=CC=C(N[Rb])C=C3)C=C2)=O)=CC(C([Fr])=O)=C1)=O)(N4C(C5C6C7=C(C(C5C4=O)C8=C6C=CC=C8)C=CC=C7)=O)CC9=CC=CC=C9,T5.csv:smiles1;Tg.csv:smiles1
[H]N(C(CC(C([Fr])=O)CP(C1=CC=CC=C1)(C2=CC=CC=C2)=O)=O)CCCCCCCCCCN[Rb],LOI.csv:smiles2;T5.csv:smiles2;Tg.csv:smiles2;UL-94.csv:smiles2
[H]N(C(CCP(N(C1=CC=C(C=C1)C([Fr])=O)[H])(C2=CC=CC=C2)=O)=O)C(C=C3)=CC=C3C(NCCCCCCN[Rb])=O,LOI.csv:smiles2;Tg.csv:smiles2;UL-94.csv:smiles2
[H]N(C1=CC=C(C2=NC(NC3=CC=C(C(NC4=CC=CC(N[Rb])=C4)=O)C=C3)=NN2)C=C1)C(C5=CC(C(N(C6=CC=C(C7=NC(NC8=CC=C(C=C8)C([Fr])=O)=NN7)C=C6)[H])=O)=CC=C5)=O,T5.csv:smiles1;Tg.csv:smiles1
[H]N(P1(OCC2(COP(N(C3=CC=C(C=C3)C([Fr])=O)[H])(OC2)=O)CO1)=O)C(C=C4)=CC=C4C(NCCCCCCN[Rb])=O,LOI.csv:smiles2;UL-94.csv:smiles2
[H][C@@](C1C(C2=CC=CC3=CC=CC(C1=O)=C32)=O)(C(NC4=CC(C([Fr])=O)=CC(C(NC5=CC(N[Rb])=C(C)C=C5)=O)=C4)=O)C(C)C,T5.csv:smiles1
[H][C@@](C1C(C2=CC=CC3=CC=CC(C1=O)=C32)=O)(C(NC4=CC(C([Fr])=O)=CC(C(NC5=CC=C(CC6=CC=C(N[Rb])C=C6)C=C5)=O)=C4)=O)C(C)C,T5.csv:smiles1
[H][C@@](C1C(C2=CC=CC3=CC=CC(C1=O)=C32)=O)(C(NC4=CC(C([Fr])=O)=CC(C(NC5CC(CN[Rb])(C)CC(C)(C)C5)=O)=C4)=O)C(C)C,T5.csv:smiles1
[H][C@@](C1C(C2=CC=CC3=CC=CC(C1=O)=C32)=O)(C(NC4=CC(C([Fr])=O)=CC(C(NCCCCCCN[Rb])=O)=C4)=O)C(C)C,T5.csv:smiles1
[Na]OOOSC1=CC2=C(C=C1O[Rb])C=C(OC([Fr])=O)C(SOOO[Na])=C2,LOI.csv:smiles2;T5.csv:smiles2;UL-94.csv:mix_smiles1;UL-94.csv:smiles2
[O-]P(CC)(CC)=O.[O-]P(CC)(CC)=O.[O-]P(CC)(CC)=O.[Al+3],LOI.csv:mix_smiles1
[Rb]/C=N/CCCC/N=C/c1ccc(s1)c1cc(F)c(cc1F)c1ccc(s1)/C=N/CCCC/N=C/[Fr],LOI.csv:smiles1
[Rb]/C=N/CCCC/N=C/c1ccc(s1)c1ccc(s1)c1ccc(s1)/C=N/CCCC/N=C/[Fr],LOI.csv:smiles1
[Rb]/C=N/CCCCCC/N=C/c1ccc(s1)c1cc(F)c(cc1F)c1ccc(s1)/C=N/CCCCCC/N=C/[Fr],LOI.csv:smiles1
[Rb]/C=N/CCCCCC/N=C/c1ccc(s1)c1ccc(s1)c1ccc(s1)/C=N/CCCCCC/N=C/[Fr],LOI.csv:smiles1
[Rb]C(C#N)C[Fr],LOI.csv:smiles1
[Rb]C(C(C(C)CC)N1C([C@H]([C@H]2C(C(N(C(C(C)CC)C(NC3=CC=CC(P(C4=CC=CC(N[Fr])=C4)(C5=CC=CC=C5)=O)=C3)=O)C6=O)=O)C6[C@@H]7C=C2)[C@H]7C1=O)=O)=O,LOI.csv:smiles1;T5.csv:smiles1
[Rb]C(C(CC(C)C)N1C([C@H]([C@H]2C(C(N(C(CC(C)C)C(NC3=CC=CC(P(C4=CC=CC(N[Fr])=C4)(C5=CC=CC=C5)=O)=C3)=O)C6=O)=O)C6[C@@H]7C=C2)[C@H]7C1=O)=O)=O,LOI.csv:smiles1;T5.csv:smiles1
[Rb]C(C(CC)N1C([C@H]([C@H]2C(C(N(C(CC)C(NC3=CC=CC(P(C4=CC=CC(N[Fr])=C4)(C5=CC=CC=C5)=O)=C3)=O)C6=O)=O)C6[C@@H]7C=C2)[C@H]7C1=O)=O)=O,LOI.csv:smiles1;T5.csv:smiles1
[Rb]C(C(NC1=CC=C(/C=C/C(C2=C(C=CC=C3)C3=CC4=C2C=CC=C4)=O)C=C1)=O)C[Fr],Tg.csv:smiles1
[Rb]C(C1=CC(NC(C(N2C(C3=C(Br)C(Br)=C(Br)C(Br)=C3C2=O)=O)CC4=CC=CC=C4)=O)=CC(C(NC5=C(C=CC=C6N[Fr])C6=CC=C5)=O)=C1)=O,LOI.csv:smiles1
[Rb]C(C1=CC(NC(C(N2C(C3=C(Br)C(Br)=C(Br)C(Br)=C3C2=O)=O)CC4=CC=CC=C4)=O)=CC(C(NC5=CC=C(C6=CC=C(N[Fr])C=C6)C=C5)=O)=C1)=O,LOI.csv:smiles1
[Rb]C(C1=CC(NC(C(N2C(C3=C(Br)C(Br)=C(Br)C(Br)=C3C2=O)=O)CC4=CC=CC=C4)=O)=CC(C(NC5=CC=C(CC6=CC=C(N[Fr])C=C6)C=C5)=O)=C1)=O,LOI.csv:smiles1
[Rb]C(C1=CC(NC(C(N2C(C3=C(Br)C(Br)=C(Br)C(Br)=C3C2=O)=O)CC4=CC=CC=C4)=O)=CC(C(NC5=CC=CC(N[Fr])=C5)=O)=C1)=O,LOI.csv:smiles1
[Rb]C(C1=CC=C(C(N(C2=CC=C(C(NC3=C(O)C=C(C4=CC(O)=C(N[Fr])C=C4)C=C3)=O)C=C2)C5=O)=O)C5=C1)=O,T5.csv:smiles1
[Rb]C(C1=CC=C(C(N(C2=CC=CC(C(NC3=C(O)C=C(C4=CC(O)=C(N[Fr])C=C4)C=C3)=O)=C2)C5=O)=O)C5=C1)=O,T5.csv:smiles1
[Rb]C(CCCCC(NCCCCCC(NCCCCCC([Fr])=O)=O)=O)=O,LOI.csv:smiles1
[Rb]C(CCCCCNC(C1=CC(NP(C2=CC=CC=C2)(C3=CC=CC=C3)=O)=CC(C([Fr])=O)=C1)=O)=O,LOI.csv:smiles2;T5.csv:smiles2;Tg.csv:smiles2;UL-94.csv:smiles2
[Rb]C(c1cc(C(N(c2cc(P(c3ccccc3)(c4cc(N5C(c6ccc(C(N7C(CN([Fr])C7=O)=O)=O)cc6C5=O)=O)ccc4)=O)ccc2)C8=O)=O)c8cc1)=O,LOI.csv:smiles1;T5.csv:smiles1
[Rb]C1=CC=C(C(C)(C2=CC=C(OC(O[Fr])=O)C=C2)C)C=C1,LOI.csv:smiles1
[Rb]C1=CC=C(C(C2=CC=C(P(C3=CC=C(C(C4=CC=C(OC5=CC=C(C(C)(C6=CC=C(O[Fr])C=C6)C)C=C5)C=C4)=O)C=C3)(C7=CC=CC=C7)=O)C=C2)=O)C=C1,LOI.csv:smiles1;T5.csv:smiles1;Tg.csv:smiles1
[Rb]C1=CC=C(C(C2=CC=C(P(C3=CC=C(C(C4=CC=C(OC5=CC=C(O[Fr])C=C5)C=C4)=O)C=C3)(C6=CC=CC=C6)=O)C=C2)=O)C=C1,LOI.csv:smiles1;T5.csv:smiles1;Tg.csv:smiles1
[Rb]C1=CC=C(C(C2=CC=C(P(C3=CC=C(C(C4=CC=C(OC5=CC=C(S(=O)(C6=CC=C(O[Fr])C=C6)=O)C=C5)C=C4)=O)C=C3)(C7=CC=CC=C7)=O)C=C2)=O)C=C1,LOI.csv:smiles1;T5.csv:smiles1;Tg.csv:smiles1
[Rb]C1=CC=C(NC(NC(C2=CC=CC(C(NC(NC3=CC=C(N4C(C5=CC=C(C(C(F)(F)F)(C6=CC=C7C(C(N([Fr])C7=O)=O)=C6)C(F)(F)F)C=C5C4=O)=O)C=C3)=S)=O)=N2)=O)=S)C=C1,T5.csv:smiles1;Tg.csv:smiles1
[Rb]C1=CC=C(NC(NC(C2=CC=CC(C(NC(NC3=CC=C(N4C(C5=CC=C(C6=CC=C7C(C(N([Fr])C7=O)=O)=C6)C=C5C4=O)=O)C=C3)=S)=O)=N2)=O)=S)C=C1,T5.csv:smiles1;Tg.csv:smiles1
[Rb]C1=CC=C(NC(NC(C2=CC=CC(C(NC(NC3CCC(N4C(C5=CC=C(OC6=CC=C7C(C(N([Fr])C7=O)=O)=C6)C=C5C4=O)=O)CC3)=S)=O)=N2)=O)=S)C=C1,T5.csv:smiles1;Tg.csv:smiles1
[Rb]C1=CC=C(OC2=CC=C(N3C(C(C=CC(C(C4=CC=C(C(N([Fr])C5=O)=O)C5=C4)=O)=C6)=C6C3=O)=O)C=C2)C=C1,LOI.csv:smiles1
[Rb]C1=CC=C(S(C2=CC=C(N3C(C(C=CC(C(C4=CC=C(C(N([Fr])C5=O)=O)C5=C4)=O)=C6)=C6C3=O)=O)C=C2)(=O)=O)C=C1,LOI.csv:smiles1
[Rb]C1=CC=CC(P(C)(C2=CC=CC(C3C(C(C=CC(C(C(F)(F)F)(C(F)(F)F)C4=CC=C(C(N([Fr])C5=O)=O)C5=C4)=C6)=C6C3=O)=O)=C2)=O)=C1,T5.csv:smiles1;Tg.csv:smiles1
[Rb]C1=CC=CC(P(C)(C2=CC=CC(C3C(C(C=CC(C(C4=CC=C(C(N([Fr])C5=O)=O)C5=C4)=O)=C6)=C6C3=O)=O)=C2)=O)=C1,T5.csv:smiles1;Tg.csv:smiles1
[Rb]C1=CC=CC(P(C)(C2=CC=CC(C3C(C(C=CC(OC4=CC=C(C(C)(C5=CC=C(OC6=CC=C(C(N([Fr])C7=O)=O)C7=C6)C=C5)C)C=C4)=C8)=C8C3=O)=O)=C2)=O)=C1,T5.csv:smiles1;Tg.csv:smiles1
[Rb]C1=CC=CC(P(C)(C2=CC=CC(C3C(C(C=CC(OC4=CC=C(C(N([Fr])C5=O)=O)C5=C4)=C6)=C6C3=O)=O)=C2)=O)=C1,T5.csv:smiles1;Tg.csv:smiles1
[Rb]CC(C(=O)Nc1ccc(cc1)/C=C/C(=O)c1c2ccccc2cc2c1cccc2)[Fr],LOI.csv:smiles1;T5.csv:smiles1;Tg.csv:smiles1
[Rb]CC(C(=O)Nc1ccc(cc1)/C=C/C(=O)c1ccc2c(c1)ccc(c2)OC)[Fr],LOI.csv:smiles1;T5.csv:smiles1;Tg.csv:smiles1
[Rb]CC(C(=O)OCCOP(=O)(c1ccccc1)Oc1ccccc1)[Fr],LOI.csv:smiles1
[Rb]CC(C1=CC=C(B(O)O)C=C1)[Fr],LOI.csv:smiles2
[Rb]CC(C1=CC=CC=C1)[Fr],LOI.csv:smiles1
[Rb]CC(O)[Fr],LOI.csv:smiles1
[Rb]CC([Fr])C1=CC=C(Br)C=C1,LOI.csv:smiles2
[Rb]CC([Fr])C1=CC=C([Si](C)(C)C)C=C1,LOI.csv:smiles2
[Rb]CC([Fr])C1=CC=C([Si](C)(Cl)C)C=C1,LOI.csv:smiles2
[Rb]CC([Fr])C1=CC=C([Si](Cl)(Cl)C)C=C1,LOI.csv:smiles2
[Rb]CC([Fr])C1=CC=CC=C1,LOI.csv:smiles1;LOI.csv:smiles2;T5.csv:smiles1;Tg.csv:smiles1;UL-94.csv:smiles1
[Rb]CC([Si](C)(C)C)[Fr],LOI.csv:smiles2
[Rb]CC([Si](C)(Cl)C)[Fr],LOI.csv:smiles2
[Rb]CC(c1ccccc1)[Fr],LOI.csv:smiles1;T5.csv:smiles1
[Rb]CCC(=O)OCCOP(=O)(c1ccccc1)OCCOC(=O)CC[Fr],LOI.csv:smiles1
[Rb]CCCCCCNC(C(CP1(OC2=CC=CC=C2C3=CC=CC=C31)=O)CC([Fr])=O)=O,LOI.csv:smiles2;UL-94.csv:smiles2
[Rb]CO[Fr],LOI.csv:smiles1
[Rb]N1C(=O)C2C(C1=O)CC1C(C2)C(=O)N(C1=O)c1ccc(cc1)Oc1ccc(cc1)[Fr],LOI.csv:smiles1;T5.csv:smiles1;Tg.csv:smiles1;UL-94.csv:smiles1
[Rb]N1C(C2CC(C3CC2C1=O)C(N(C3=O)C4=CC=C(C=C4)OC5=CC(P(C6=CC=CC=C6)(C7=CC=CC=C7)=O)=C(C=C5)OC8=CC=C(C=C8)[Fr])=O)=O,LOI.csv:smiles1;T5.csv:smiles1;Tg.csv:smiles1;UL-94.csv:smiles1
[Rb]NC(C=C1)=CC=C1C(C=C2)=CC=C2N(C(C3=CC(C([Fr])=O)=CC(N(C(C4=CC=C(C=C4)N(C([C@](C)(N5C(C6=CC=CC=C6C5=O)=O)[H])=O)[H])=O)[H])=C3)=O)[H],T5.csv:smiles1;Tg.csv:smiles1
[Rb]NC1=CC(NC(C2=CC(C3=CN=C(N4CCCCC4)C=C3)=CC(C([Fr])=O)=N2)=O)=CC=C1,T5.csv:smiles2
[Rb]NC1=CC(NC(C2=CC=CC(C([Fr])=O)=C2)=O)=CC=C1,T5.csv:smiles1
[Rb]NC1=CC(NC(C2=CC=CC(C([Fr])=O)=N2)=O)=CC=C1,T5.csv:smiles1;T5.csv:smiles2
[Rb]NC1=CC=C(C(C2=NC(C3=CC=CC=C3)=C(N2)C4=CC=CC=C4)=C1)OC5=CC=C(C=C5)C6=C(N=C(N6)C7=CC=C(C=C7)C(F)(F)F)C8=CC=C(C=C8)OC9=CC=C(C=C9C%10=NC(C%11=CC=CC=C%11)=C(N%10)C%12=CC=CC=C%12)NC(C%13=CC=C(C([Fr])=O)C=C%13)=O,T5.csv:smiles1;Tg.csv:smiles1
[Rb]NC1=CC=C(C(C2=NC(C3=CC=CC=C3)=C(N2)C4=CC=CC=C4)=C1)OC5=CC=C(C=C5)C6=C(N=C(N6)C7=CC=C(C=C7)C(F)(F)F)C8=CC=C(C=C8)OC9=CC=C(C=C9C%10=NC(C%11=CC=CC=C%11)=C(N%10)C%12=CC=CC=C%12)NC(C%13=NC(C([Fr])=O)=CC=C%13)=O,T5.csv:smiles1;Tg.csv:smiles1
[Rb]NC1=CC=C(C(C2=NC(C3=CC=CC=C3)=C(N2)C4=CC=CC=C4)=C1)OC5=CC=C(C=C5)C6=C(N=C(N6)C7=CC=C(C=C7)C(F)(F)F)C8=CC=C(C=C8)OC9=CC=C(C=C9C%10=NC(C%11=CC=CC=C%11)=C(N%10)C%12=CC=CC=C%12)NC(CCCCCCCCC([Fr])=O)=O,T5.csv:smiles1;Tg.csv:smiles1
[Rb]NC1=CC=C(C=C1)C2=CC(C3=CC=C(C=C3)Br)=CC(C4=CC=C(C=C4)NC(CCCCC([Fr])=O)=O)=N2,T5.csv:smiles1;Tg.csv:smiles1
[Rb]NC1=CC=C(C=C1)C2=CC(C3=CC=C(C=C3)Cl)=CC(C4=CC=C(C=C4)NC(CCCCC([Fr])=O)=O)=N2,T5.csv:smiles1;Tg.csv:smiles1
[Rb]NC1=CC=C(C=C1)C2=CC(C3=CC=C(C=C3)N(C)C)=CC(C4=CC=C(C=C4)NC(CCCCC([Fr])=O)=O)=N2,T5.csv:smiles1;Tg.csv:smiles1
[Rb]NC1=CC=C(NC(C2=CC=C(C([Fr])=O)C=C2)=O)C=C1,LOI.csv:smiles1
[Rb]NC1=CC=C(S(C(C=C2)=CC=C2N(C(C3=CC(C([Fr])=O)=CC(N(C(C4=CC=C(C=C4)N(C([C@](C)(N5C(C6=CC=CC=C6C5=O)=O)[H])=O)[H])=O)[H])=C3)=O)[H])(=O)=O)C=C1,T5.csv:smiles1;Tg.csv:smiles1
[Rb]NC1=CC=CC(NC(C2=CC=CC(C([Fr])=O)=C2)=O)=C1,LOI.csv:smiles1
[Rb]NC1=NC(NP(NC2=NNC(NC(CCCCCCCCC([Fr])=O)=O)=N2)(C3=CC=CC=C3)=O)=NN1,LOI.csv:smiles2;T5.csv:smiles2;Tg.csv:smiles2;UL-94.csv:smiles2
[Rb]NCCCCCC(=O)[Fr],LOI.csv:smiles1;T5.csv:smiles1
[Rb]NCCCCCC([Fr])=O,LOI.csv:smiles1;T5.csv:smiles1;Tg.csv:smiles1;UL-94.csv:smiles1
[Rb]NCCCCCCCCCCC(=O)[Fr],LOI.csv:smiles1
[Rb]NCCCCCCCCCCCCNC(CCCCCCCCC([Fr])=O)=O,LOI.csv:smiles1;UL-94.csv:smiles1
[Rb]NCCCCCCCCCCCCNC(CCP([Fr])(C1=CC=CC=C1)=O)=O,LOI.csv:smiles2;UL-94.csv:smiles2
[Rb]NCCCCCCCCCCNC(=O)c1ccc(cc1)C(=O)[Fr],T5.csv:smiles1;Tg.csv:smiles1;UL-94.csv:smiles1
[Rb]NCCCCCCCCCCNC(CCCCCCCCC([Fr])=O)=O,LOI.csv:smiles1;T5.csv:smiles1;Tg.csv:smiles1;UL-94.csv:smiles1
[Rb]NCCCCCCNC(C1=CC(C([Fr])=O)=CC(NC(C2=CC=CC=C2)=O)=C1)=O,LOI.csv:smiles2;T5.csv:smiles2;Tg.csv:smiles2;UL-94.csv:smiles2
[Rb]NCCCCCCNC(CCCCC(OCCOP(CCC([Fr])=O)(C1=CC=CC=C1)=O)=O)=O,LOI.csv:smiles2;UL-94.csv:smiles2
[Rb]NCCCCCCNC(CCCCC([Fr])=O)=O,LOI.csv:smiles1;T5.csv:smiles1;Tg.csv:smiles1;UL-94.csv:smiles1
[Rb]NCCCCCNC(CCCCC([Fr])=O)=O,LOI.csv:smiles1;T5.csv:smiles1;Tg.csv:smiles1;UL-94.csv:smiles1
[Rb]NCCCCCN[Fr],T5.csv:smiles2
[Rb]NCCCCNC1=NC(NCCCCNC(CCCCCCCCC([Fr])=O)=O)=NC(NC2CC(C)(C)NC(C)(C)C2)=N1,LOI.csv:smiles2;T5.csv:smiles2;Tg.csv:smiles2;UL-94.csv:smiles2
[Rb]Nc1c2cccc(NC(c3cc(C([Fr])=O)cc(NC(C(Cc4ccccc4)N5C(c6c(Br)c(Br)c(Br)c(Br)c6C5=O)=O)=O)c3)=O)c2ccc1,UL-94.csv:smiles1
[Rb]Nc1ccc(cc1)C1C(=O)c2c(C1=O)cc(cc2)C(=O)NC(=S)Nc1ccc(cc1)NC(=O)CCCCC(=O)[Fr],LOI.csv:smiles1;T5.csv:smiles1;Tg.csv:smiles1
[Rb]Nc1ccc(cc1)C1C(=O)c2c(C1=O)cc(cc2)C(=O)NC(=S)Nc1ccc(cc1)NC(=O)CCCCCCCCC(=O)[Fr],LOI.csv:smiles1;T5.csv:smiles1;Tg.csv:smiles1
[Rb]Nc1ccc(cc1)Cc1ccc(cc1)NC(=O)Cc1ccc(cc1)Oc1cccc(n1)Oc1ccc(cc1)CC(=O)[Fr],T5.csv:smiles1;Tg.csv:smiles1
[Rb]Nc1ccc(cc1)Cc1ccc(cc1)NC(=O)Cc1ccc(cc1)Oc1nc(Oc2ccccc2)nc(n1)Oc1ccc(cc1)CC(=O)[Fr],T5.csv:smiles1;Tg.csv:smiles1
[Rb]Nc1ccc(cc1)NC(=O)Cc1ccc(cc1)Oc1nc(Oc2ccccc2)nc(n1)Oc1ccc(cc1)CC(=O)[Fr],T5.csv:smiles1;Tg.csv:smiles1
[Rb]Nc1ccc(cc1)Oc1ccc(cc1)NC(=O)Cc1ccc(cc1)Oc1cccc(n1)Oc1ccc(cc1)CC(=O)[Fr],T5.csv:smiles1;Tg.csv:smiles1
[Rb]Nc1ccc(cc1)Oc1ccc(cc1)NC(=O)Cc1ccc(cc1)Oc1nc(Oc2ccccc2)nc(n1)Oc1ccc(cc1)CC(=O)[Fr],T5.csv:smiles1;Tg.csv:smiles1
[Rb]Nc1ccc(cc1)S(=O)(=O)c1ccc(cc1)NC(=O)Cc1ccc(cc1)Oc1nc(Oc2ccccc2)nc(n1)Oc1ccc(cc1)CC(=O)[Fr],T5.csv:smiles1;Tg.csv:smiles1
[Rb]Nc1ccc(cc1)S(=O)(=O)c1ccc(cc1)NC(=O)c1ccc(cc1)Nc1nc(Nc2ccc(cc2)C(=O)[Fr])nc(n1)N1CCOCC1,T5.csv:smiles1;Tg.csv:smiles1
[Rb]Nc1ccc(cc1)c1nc(cc(c1)c1ccc(cc1)P(c1ccccc1)c1ccccc1)c1ccc(cc1)NC(=O)c1ccc(cc1)C(=O)[Fr],LOI.csv:smiles1;T5.csv:smiles1
[Rb]Nc1ccc(cc1)c1nc(cc(c1)c1ccc(cc1)P(c1ccccc1)c1ccccc1)c1ccc(cc1)NC(=O)c1ccc(cc1)Oc1ccc(cc1)C(=O)[Fr],LOI.csv:smiles1;T5.csv:smiles1;Tg.csv:smiles1
[Rb]Nc1ccc(cc1)c1nc(cc(c1)c1ccc(cc1)P(c1ccccc1)c1ccccc1)c1ccc(cc1)NC(=O)c1cccc(c1)C(=O)[Fr],LOI.csv:smiles1;T5.csv:smiles1;Tg.csv:smiles1
[Rb]Nc1cccc(c1)NC(=O)Cc1ccc(cc1)Oc1cccc(n1)Oc1ccc(cc1)CC(=O)[Fr],T5.csv:smiles1;Tg.csv:smiles1
[Rb]Nc1cccc(c1)NC(=O)Cc1ccc(cc1)Oc1nc(Oc2ccccc2)nc(n1)Oc1ccc(cc1)CC(=O)[Fr],T5.csv:smiles1;Tg.csv:smiles1
[Rb]Nc1cccc(c1)P(=O)(c1ccccc1)c1ccc(cc1)NC(=O)C(N1C(=O)C2C(C1=O)C1C=CC2C2C1C(=O)N(C2)C(C(=O)[Fr])CC(C)C)CC(C)C,LOI.csv:smiles1;T5.csv:smiles1
[Rb]Nc1cccc(c1)P(=O)(c1ccccc1)c1cccc(c1)NC(=O)c1ccc(cc1)OCCCCOc1ccc(cc1)C(=O)[Fr],LOI.csv:smiles1;T5.csv:smiles1;Tg.csv:smiles1
[Rb]OC(=O)c1cc(cc(c1)C(=O)c1ccc(cc1)[Fr])NS(=O)(=O)CCN1C(=O)c2c(C1=O)c(Cl)c(c(c2Cl)Cl)Cl,T5.csv:smiles1;Tg.csv:smiles1
[Rb]OC(=O)c1cc(cc(c1)C(=O)c1ccc(cc1)c1ccc(cc1)[Fr])NS(=O)(=O)CCN1C(=O)c2c(C1=O)c(Cl)c(c(c2Cl)Cl)Cl,T5.csv:smiles1;Tg.csv:smiles1
[Rb]OC1=CC=C(C=C1)C(C)(C2=CC=C(C=C2)OC([Fr])=O)C,LOI.csv:smiles1;LOI.csv:smiles2;T5.csv:smiles1;T5.csv:smiles2;UL-94.csv:smiles1;UL-94.csv:smiles2
[Rb]OC1=CC=C(C=C1)C(C)(C2=CC=C(C=C2)OP([Fr])(C3=CC=CC=C3)=O)C,LOI.csv:smiles2;T5.csv:smiles2;UL-94.csv:mix_smiles1;UL-94.csv:smiles2
[Rb]OC1=CC=C(OC2=CC=C(OC3=CC=C(C=C3)OC(C4=CC=C(C=C4)C([Fr])=O)=O)C=C2)C=C1,LOI.csv:smiles2;T5.csv:smiles2;Tg.csv:smiles2;UL-94.csv:smiles2
[Rb]OCCCCOC(=O)CCCCC(=O)O[Fr],LOI.csv:smiles1
[Rb]OCCCCO[Fr],LOI.csv:smiles2;UL-94.csv:smiles2
[Rb]OCCOC(=O)c1ccc(cc1)C(=O)[Fr],LOI.csv:smiles1;T5.csv:smiles1;Tg.csv:smiles1;UL-94.csv:smiles1
[Rb]OCCOC(C1=CC(C([Fr])=O)=CC(/N=C/C2=C(C=CC=C2)C#N)=C1)=O,UL-94.csv:mix_smiles1;UL-94.csv:smiles2
[Rb]OCCOC(C=C1)=CC=C1OC(C=C2)=CC=C2OC3=CC=C(C=C3)OCCOC(C4=CC=C(C=C4)C([Fr])=O)=O,LOI.csv:smiles2;T5.csv:smiles2;Tg.csv:smiles2;UL-94.csv:smiles2
[Rb]OCCOC1=CC=C(C=C1)OC2=CC=C(C=C2)OCCOC(C(C=C3)=CC=C3C([Fr])=O)=O,LOI.csv:smiles2;T5.csv:smiles2;Tg.csv:smiles2;UL-94.csv:smiles2
[Rb]OCCOP(=O)(OOC12COP(=O)(OC1)OC2)OCC[Fr],LOI.csv:smiles1
[Rb]OCCOc1ccc(cc1)C(=O)c1ccc(cc1)OCCOC(=O)c1ccc(cc1)C(=O)[Fr],LOI.csv:smiles1;T5.csv:smiles1;Tg.csv:smiles1;UL-94.csv:smiles1
[Rb]OCCOc1ccc(cc1)Oc1ccc(cc1)C(=O)c1ccc(cc1)Oc1ccc(cc1)OCCOC(=O)c1ccc(cc1)C(=O)[Fr],LOI.csv:smiles1;T5.csv:smiles1;Tg.csv:smiles1;UL-94.csv:smiles1
[Rb]OCCOc1ccc(cc1)Oc1ccc(cc1)OCCOC(=O)c1ccc(cc1)C(=O)[Fr],LOI.csv:smiles1;T5.csv:smiles1;Tg.csv:smiles1;UL-94.csv:smiles1
[Rb]OCCOc1ccc(cc1)Oc1ccc(cc1)Oc1ccc(cc1)OCCOC(=O)c1ccc(cc1)C(=O)[Fr],LOI.csv:smiles1;T5.csv:smiles1;Tg.csv:smiles1;UL-94.csv:smiles1
[Rb]OCc1ccc(cc1)COC(=O)c1ccc(cc1)C(=O)[Fr],LOI.csv:smiles1;T5.csv:smiles1;Tg.csv:smiles1;UL-94.csv:smiles1
[Rb]Oc1c(Br)cc(cc1Br)C(C(F)(F)F)(C(F)(F)F)c1cc(Br)c(c(c1)Br)OP(=O)(Oc1ccc(cc1)Br)[Fr],LOI.csv:smiles1
[Rb]Oc1c(Br)cc(cc1Br)S(=O)(=O)c1cc(Br)c(c(c1)Br)OC(=O)[Fr],LOI.csv:smiles1;T5.csv:smiles1;Tg.csv:smiles1
[Rb]Oc1c(C)cc(cc1C)S(=O)(=O)c1cc(C)c(c(c1)C)OP(=O)(Oc1ccc(cc1)Br)[Fr],LOI.csv:smiles1
[Rb]Oc1ccc(C(C)(C)c2ccc(OP(Nc3ccccc3)([Fr])=O)cc2)cc1,Tg.csv:smiles1;UL-94.csv:smiles1
[Rb]Oc1ccc(C2(c3ccc(OP(Nc4ccccc4)([Fr])=O)cc3)CC(c5ccccc52)=O)cc1,Tg.csv:smiles1;UL-94.csv:smiles1
[Rb]Oc1ccc(c(c1)c1ccc(cc1)Br)Oc1ccc(cc1)C(=O)c1ccc(cc1)C(=O)c1ccc(cc1)[Fr],T5.csv:smiles1;Tg.csv:smiles1
[Rb]Oc1ccc(c(c1)c1ccc(cc1)Br)Oc1ccc(cc1)c1ccc(cc1)C(=O)c1ccc(cc1)[Fr],T5.csv:smiles1;Tg.csv:smiles1
[Rb]Oc1ccc(c(c1)c1ccc(cc1)Cl)Oc1ccc(cc1)C(=O)c1ccc(cc1)C(=O)c1ccc(cc1)[Fr],T5.csv:smiles1;Tg.csv:smiles1
[Rb]Oc1ccc(c(c1)c1ccc(cc1)Cl)Oc1ccc(cc1)c1ccc(cc1)C(=O)c1ccc(cc1)[Fr],T5.csv:smiles1;Tg.csv:smiles1
[Rb]Oc1ccc(c(c1)c1ccc(cc1)F)Oc1ccc(cc1)C(=O)c1ccc(cc1)C(=O)c1ccc(cc1)[Fr],T5.csv:smiles1;Tg.csv:smiles1
[Rb]Oc1ccc(c(c1)c1ccc(cc1)F)Oc1ccc(cc1)c1ccc(cc1)C(=O)c1ccc(cc1)[Fr],T5.csv:smiles1;Tg.csv:smiles1
[Rb]Oc1ccc(c(c1)c1ccccc1)Oc1ccc(cc1)C(=O)c1ccc(cc1)C(=O)c1ccc(cc1)[Fr],LOI.csv:smiles1;T5.csv:smiles1;Tg.csv:smiles1
[Rb]Oc1ccc(c(c1)c1ccccc1)Oc1ccc(cc1)c1ccc(cc1)C(=O)c1ccc(cc1)[Fr],T5.csv:smiles1;Tg.csv:smiles1
[Rb]Oc1ccc(cc1)C(C(F)(F)F)(C(F)(F)F)c1ccc(cc1)OP(=O)(Oc1ccc(cc1)Br)[Fr],LOI.csv:smiles1;T5.csv:smiles1;Tg.csv:smiles1
[Rb]Oc1ccc(cc1)C(c1ccc(cc1)OC(=O)[Fr])(C)C,LOI.csv:smiles1
[Rb]Oc1ccc(cc1)C(c1ccc(cc1)OP(=O)(OCCOC(=O)C=C)[Fr])(C)C,LOI.csv:smiles1
[Rb]Oc1ccc(cc1)S(=O)(=O)c1ccc(cc1)OCC(OC(=O)[Fr])C,T5.csv:smiles1;Tg.csv:smiles1
[Rb]P(OC1=CC=C(C(C)(C2=CC=CC(C(C)(C)C3=CC=C(O[Fr])C=C3)=C2)C)C=C1)(C4=CC=CC=C4)=O,LOI.csv:smiles1
[Rb]c1ccc(cc1)C(=O)Nc1ccc(cc1)Oc1ccc(cc1)C(c1ccc(cc1)Oc1ccc(cc1)N=C(c1ccc(cc1)N1C(=O)C2C(C1=O)c1c2ccc(c1)C(C(F)(F)F)(C(F)(F)F)c1ccc2c(c1)C1C2C(=O)N(C1=O)[Fr])O)(C)C,T5.csv:smiles1;Tg.csv:smiles1
[Rb]c1ccc(cc1)C(=O)Nc1ccc(cc1)Oc1ccc(cc1)C(c1ccc(cc1)Oc1ccc(cc1)N=C(c1ccc(cc1)N1C(=O)C2C(C1=O)c1c2ccc(c1)Oc1ccc2c(c1)C1C2C(=O)N(C1=O)[Fr])O)(C)C,T5.csv:smiles1;Tg.csv:smiles1
[Rb]c1ccc(cc1)C(=O)Nc1ccc(cc1)Oc1ccc(cc1)C(c1ccc(cc1)Oc1ccc(cc1)NC(=O)c1ccc(cc1)N1C(=O)C2C(C1=O)c1c2cc2c(c1)C1C2C(=O)N(C1=O)[Fr])(C)C,LOI.csv:smiles1;T5.csv:smiles1;Tg.csv:smiles1
[Rb]c1ccc(cc1)C(=O)Nc1ccc(cc1)Oc1ccc(cc1)C(c1ccc(cc1)Oc1ccc(cc1)NC(=O)c1ccc(cc1)N1C(=O)C2C(C1=O)c1c2ccc(c1)C(=O)c1ccc2c(c1)C1C2C(=O)N(C1=O)[Fr])(C)C,LOI.csv:smiles1;T5.csv:smiles1;Tg.csv:smiles1
[Rb]c1ccc(cc1)C(=O)Nc1ccc(cc1)Oc1ccc(cc1)C(c1ccc(cc1)Oc1ccc(cc1)NC(=O)c1ccc(cc1)N1C(=O)C2C(C1=O)c1c3c2ccc2c3c(cc1)C1C2C(=O)N(C1=O)[Fr])(C)C,T5.csv:smiles1;Tg.csv:smiles1
[Rb]c1ccc(cc1)C(=O)c1ccc(cc1)Oc1ccc(cc1)C(=O)c1ccc(cc1)c1ccc(cc1)C(=O)c1ccc(cc1)Oc1ccc(cc1)C(=O)c1ccc(cc1)[Fr],LOI.csv:smiles1
[Rb]c1cccc(c1)P(=O)(C(CC(C(C(C(C(C(F)(F)F)(F)F)(F)F)(F)F)(F)F)(F)F)(F)F)c1cccc(c1)N1C(=O)C(C1=O)c1ccc(cc1)Oc1ccc(cc1)C1C(=O)N(C1=O)[Fr],LOI.csv:smiles1;T5.csv:smiles1;Tg.csv:smiles1
c1ccc(cc1)NP1(=O)OCC2(CO1)COP(=O)(Nc1ccccc1)OC2,T5.csv:smiles1
